Loaded /media/astral/7DFD-F7FB/Counter-Strike2-Server/cs2/game/bin/linuxsteamrt64/libengine2.so, got 0x55ed018197e0
Setting breakpad minidump AppID = 2347773

Console initialized.
Steam AppId(730), BreakpadId(2347771)
InitSteamLogin_Internal: Skipping initializing breakpad.
Steam Universe is invalid, possibly asking before Steam was successfully initialized.
ResetBreakpadAppId: Universe is 0 (k_EUniverseInvalid)
ResetBreakpadAppId: Setting dedicated server app id: 2347773
Loaded libSDL3.so.0, got 0x55ed01863100
Loaded /media/astral/7DFD-F7FB/Counter-Strike2-Server/cs2/game/bin/linuxsteamrt64/libtier0.so, got 0x55ed01802700
Visibility enabled.
Loaded /media/astral/7DFD-F7FB/Counter-Strike2-Server/cs2/game/bin/linuxsteamrt64/libfilesystem_stdio.so, got 0x55ed018649a0
Loaded /media/astral/7DFD-F7FB/Counter-Strike2-Server/cs2/game/bin/linuxsteamrt64/libengine2.so, got 0x558faad737e0
Using breakpad crash handler
Setting breakpad minidump AppID = 2347773
Forcing breakpad minidump interfaces to load
dlopen failed trying to load:
/root/.steam/sdk64/steamclient.so
with error:
/root/.steam/sdk64/steamclient.so: não é possível abrir arquivo compartilhado: Permissão negada
Looking up breakpad interfaces from steamclient
Calling BreakpadMiniDumpSystemInit

Console initialized.
Steam AppId(730), BreakpadId(2347771)
InitSteamLogin_Internal: Initializing breakpad.
Steam Universe is invalid, possibly asking before Steam was successfully initialized.
ResetBreakpadAppId: Universe is 0 (k_EUniverseInvalid)
ResetBreakpadAppId: Setting dedicated server app id: 2347773
Loaded libSDL3.so.0, got 0x558faae8e920
Loaded /media/astral/7DFD-F7FB/Counter-Strike2-Server/cs2/game/bin/linuxsteamrt64/libtier0.so, got 0x558faad5c700
Visibility enabled.
Loaded /media/astral/7DFD-F7FB/Counter-Strike2-Server/cs2/game/bin/linuxsteamrt64/libfilesystem_stdio.so, got 0x558faae8f2e0
USRLOCAL path not found!
Loaded /media/astral/7DFD-F7FB/Counter-Strike2-Server/cs2/game/bin/linuxsteamrt64/liblocalize.so, got 0x558faae8fc50
Loaded /media/astral/7DFD-F7FB/Counter-Strike2-Server/cs2/game/bin/linuxsteamrt64/librendersystemempty.so, got 0x558faae90190
Loaded /media/astral/7DFD-F7FB/Counter-Strike2-Server/cs2/game/bin/linuxsteamrt64/libresourcesystem.so, got 0x558faae90b00
Loaded /media/astral/7DFD-F7FB/Counter-Strike2-Server/cs2/game/bin/linuxsteamrt64/libschemasystem.so, got 0x558faae91460
Trying to set dxlevel (111) which is higher than the card can support (110)!
Loaded /media/astral/7DFD-F7FB/Counter-Strike2-Server/cs2/game/bin/linuxsteamrt64/libmaterialsystem2.so, got 0x558faae91ba0
---------------
Path ID:             File Path:
ADDONS               "/media/astral/7DFD-F7FB/Counter-Strike2-Server/cs2/game/csgo_addons/" 
CONTENT              "/media/astral/7DFD-F7FB/Counter-Strike2-Server/cs2/content/csgo/addons/metamod/" 
CONTENT              "/media/astral/7DFD-F7FB/Counter-Strike2-Server/cs2/content/csgo/" 
CONTENT              "/media/astral/7DFD-F7FB/Counter-Strike2-Server/cs2/content/csgo_imported/" 
CONTENT              "/media/astral/7DFD-F7FB/Counter-Strike2-Server/cs2/content/csgo_core/" 
CONTENT              "/media/astral/7DFD-F7FB/Counter-Strike2-Server/cs2/content/core/" 
CONTENTADDONS        "/media/astral/7DFD-F7FB/Counter-Strike2-Server/cs2/content/csgo_addons/" 
CONTENTROOT          "/media/astral/7DFD-F7FB/Counter-Strike2-Server/cs2/content/" 
DEFAULT_WRITE_PATH   "/media/astral/7DFD-F7FB/Counter-Strike2-Server/cs2/game/csgo/addons/metamod/" 
EXECUTABLE_PATH      "/media/astral/7DFD-F7FB/Counter-Strike2-Server/cs2/game/bin/linuxsteamrt64/" 
GAME                 "/media/astral/7DFD-F7FB/Counter-Strike2-Server/cs2/game/csgo/pak01.vpk" (vpk) /media/astral/7DFD-F7FB/Counter-Strike2-Server/cs2/game/csgo/pak01.vpk
GAME                 "/media/astral/7DFD-F7FB/Counter-Strike2-Server/cs2/game/csgo_imported/pak01.vpk" (vpk) /media/astral/7DFD-F7FB/Counter-Strike2-Server/cs2/game/csgo_imported/pak01.vpk
GAME                 "/media/astral/7DFD-F7FB/Counter-Strike2-Server/cs2/game/csgo_core/pak01.vpk" (vpk) /media/astral/7DFD-F7FB/Counter-Strike2-Server/cs2/game/csgo_core/pak01.vpk
GAME                 "/media/astral/7DFD-F7FB/Counter-Strike2-Server/cs2/game/core/pak01.vpk" (vpk) /media/astral/7DFD-F7FB/Counter-Strike2-Server/cs2/game/core/pak01.vpk
GAME                 "/media/astral/7DFD-F7FB/Counter-Strike2-Server/cs2/game/csgo/shaders_vulkan.vpk" (vpk) /media/astral/7DFD-F7FB/Counter-Strike2-Server/cs2/game/csgo/shaders_vulkan.vpk
GAME                 "/media/astral/7DFD-F7FB/Counter-Strike2-Server/cs2/game/csgo_core/shaders_vulkan.vpk" (vpk) /media/astral/7DFD-F7FB/Counter-Strike2-Server/cs2/game/csgo_core/shaders_vulkan.vpk
GAME                 "/media/astral/7DFD-F7FB/Counter-Strike2-Server/cs2/game/core/shaders_vulkan.vpk" (vpk) /media/astral/7DFD-F7FB/Counter-Strike2-Server/cs2/game/core/shaders_vulkan.vpk
GAME                 "/media/astral/7DFD-F7FB/Counter-Strike2-Server/cs2/game/csgo/addons/metamod/" 
GAME                 "/media/astral/7DFD-F7FB/Counter-Strike2-Server/cs2/game/csgo/" 
GAME                 "/media/astral/7DFD-F7FB/Counter-Strike2-Server/cs2/game/csgo_imported/" 
GAME                 "/media/astral/7DFD-F7FB/Counter-Strike2-Server/cs2/game/csgo_core/" 
GAME                 "/media/astral/7DFD-F7FB/Counter-Strike2-Server/cs2/game/core/" 
GAMEBIN              "/media/astral/7DFD-F7FB/Counter-Strike2-Server/cs2/game/csgo/addons/metamod/bin/linuxsteamrt64/" 
GAMEBIN              "/media/astral/7DFD-F7FB/Counter-Strike2-Server/cs2/game/csgo/addons/metamod/bin/" 
GAMEBIN              "/media/astral/7DFD-F7FB/Counter-Strike2-Server/cs2/game/csgo/bin/linuxsteamrt64/" 
GAMEBIN              "/media/astral/7DFD-F7FB/Counter-Strike2-Server/cs2/game/csgo/bin/" 
GAMEBIN              "/media/astral/7DFD-F7FB/Counter-Strike2-Server/cs2/game/csgo_imported/bin/linuxsteamrt64/" 
GAMEBIN              "/media/astral/7DFD-F7FB/Counter-Strike2-Server/cs2/game/csgo_imported/bin/" 
GAMEBIN              "/media/astral/7DFD-F7FB/Counter-Strike2-Server/cs2/game/csgo_core/bin/linuxsteamrt64/" 
GAMEBIN              "/media/astral/7DFD-F7FB/Counter-Strike2-Server/cs2/game/csgo_core/bin/" 
GAMEBIN              "/media/astral/7DFD-F7FB/Counter-Strike2-Server/cs2/game/core/bin/linuxsteamrt64/" 
GAMEBIN              "/media/astral/7DFD-F7FB/Counter-Strike2-Server/cs2/game/core/bin/" 
GAMEROOT             "/media/astral/7DFD-F7FB/Counter-Strike2-Server/cs2/game/" 
MOD                  "/media/astral/7DFD-F7FB/Counter-Strike2-Server/cs2/game/csgo/pak01.vpk" (vpk) /media/astral/7DFD-F7FB/Counter-Strike2-Server/cs2/game/csgo/pak01.vpk
MOD                  "/media/astral/7DFD-F7FB/Counter-Strike2-Server/cs2/game/csgo_imported/pak01.vpk" (vpk) /media/astral/7DFD-F7FB/Counter-Strike2-Server/cs2/game/csgo_imported/pak01.vpk
MOD                  "/media/astral/7DFD-F7FB/Counter-Strike2-Server/cs2/game/csgo_core/pak01.vpk" (vpk) /media/astral/7DFD-F7FB/Counter-Strike2-Server/cs2/game/csgo_core/pak01.vpk
MOD                  "/media/astral/7DFD-F7FB/Counter-Strike2-Server/cs2/game/csgo/" 
MOD                  "/media/astral/7DFD-F7FB/Counter-Strike2-Server/cs2/game/csgo_imported/" 
MOD                  "/media/astral/7DFD-F7FB/Counter-Strike2-Server/cs2/game/csgo_core/" 
OFFICIAL_ADDONS      "/media/astral/7DFD-F7FB/Counter-Strike2-Server/cs2/game/csgo_community_addons/" 
PLATFORM             "/media/astral/7DFD-F7FB/Counter-Strike2-Server/cs2/game/core/pak01.vpk" (vpk) /media/astral/7DFD-F7FB/Counter-Strike2-Server/cs2/game/core/pak01.vpk
PLATFORM             "/media/astral/7DFD-F7FB/Counter-Strike2-Server/cs2/game/core/" 
SHADER_SOURCE        "/media/astral/7DFD-F7FB/Counter-Strike2-Server/cs2/src/shaders/csgo/addons/metamod/" 
SHADER_SOURCE        "/media/astral/7DFD-F7FB/Counter-Strike2-Server/cs2/src/shaders/csgo/" 
SHADER_SOURCE        "/media/astral/7DFD-F7FB/Counter-Strike2-Server/cs2/src/shaders/csgo_imported/" 
SHADER_SOURCE        "/media/astral/7DFD-F7FB/Counter-Strike2-Server/cs2/src/shaders/csgo_core/" 
SHADER_SOURCE        "/media/astral/7DFD-F7FB/Counter-Strike2-Server/cs2/src/shaders/core/" 
SHADER_SOURCE        "/media/astral/7DFD-F7FB/Counter-Strike2-Server/cs2/src/shaders/csgo_community_addons/" 
SHADER_SOURCE_MOD    "/media/astral/7DFD-F7FB/Counter-Strike2-Server/cs2/src/shaders/csgo/addons/metamod/" 
SHADER_SOURCE_ROOT   "/media/astral/7DFD-F7FB/Counter-Strike2-Server/cs2/src/shaders/" 
command line arguments:
-dedicated -nojoy -usercon +map de_anubis +rcon_port 27020
protected command line arguments (stripped from above):
+rcon_password <protected>
Loaded /media/astral/7DFD-F7FB/Counter-Strike2-Server/cs2/game/bin/linuxsteamrt64/libmeshsystem.so, got 0x558faaf008e0
Loaded /media/astral/7DFD-F7FB/Counter-Strike2-Server/cs2/game/bin/linuxsteamrt64/libworldrenderer.so, got 0x558faaf13250
Loaded /media/astral/7DFD-F7FB/Counter-Strike2-Server/cs2/game/bin/linuxsteamrt64/libpulse_system.so, got 0x558faaf25fe0
Loaded /media/astral/7DFD-F7FB/Counter-Strike2-Server/cs2/game/bin/linuxsteamrt64/libvscript.so, got 0x558faaf38530
Loaded /media/astral/7DFD-F7FB/Counter-Strike2-Server/cs2/game/bin/linuxsteamrt64/libnetworksystem.so, got 0x558faaf4aea0
Loaded /media/astral/7DFD-F7FB/Counter-Strike2-Server/cs2/game/bin/linuxsteamrt64/libanimationsystem.so, got 0x558faaf5f4f0
Loaded /media/astral/7DFD-F7FB/Counter-Strike2-Server/cs2/game/bin/linuxsteamrt64/libvphysics2.so, got 0x558faaf76cd0
Loaded /media/astral/7DFD-F7FB/Counter-Strike2-Server/cs2/game/bin/linuxsteamrt64/libsoundsystem.so, got 0x558faaf89640
Loaded /media/astral/7DFD-F7FB/Counter-Strike2-Server/cs2/game/bin/linuxsteamrt64/libscenesystem.so, got 0x558faafa1a70
Network System Initialized
MOD desires lightbinner GPU but is unsupported by HW (SupportsCompute=0 CubeMapArrays=0)
Loaded /media/astral/7DFD-F7FB/Counter-Strike2-Server/cs2/game/bin/linuxsteamrt64/libserver_valve.so, got (nil)
Loaded libserver_valve.so, got (nil)
Loaded /media/astral/7DFD-F7FB/Counter-Strike2-Server/cs2/game/csgo/addons/metamod/bin/linuxsteamrt64/libserver.so, got 0x558faafb9630
Loaded /media/astral/7DFD-F7FB/Counter-Strike2-Server/cs2/game/bin/linuxsteamrt64/libengine2.so, got 0x558faad737e0
Physics Console Communications is not initialized
Loaded /media/astral/7DFD-F7FB/Counter-Strike2-Server/cs2/game/csgo/bin/linuxsteamrt64/libhost.so, got 0x558faaffcde0
Loaded /media/astral/7DFD-F7FB/Counter-Strike2-Server/cs2/game/bin/linuxsteamrt64/libscenefilecache.so, got 0x558fab0106c0
Loaded /media/astral/7DFD-F7FB/Counter-Strike2-Server/cs2/game/bin/linuxsteamrt64/libparticles.so, got 0x558fab023030
Loaded /media/astral/7DFD-F7FB/Counter-Strike2-Server/cs2/game/csgo/bin/linuxsteamrt64/libmatchmaking.so, got 0x558fab036e40
Loaded /media/astral/7DFD-F7FB/Counter-Strike2-Server/cs2/game/bin/linuxsteamrt64/libv8system.so, got 0x558fab04b4a0
[S_API] SteamAPI_Init(): Loaded local 'steamclient.so' OK.
GameTypes: missing mapgroupsSP entry for game type/mode (custom/custom).
GameTypes: missing mapgroupsSP entry for game type/mode (cooperative/cooperative).
GameTypes: missing mapgroupsSP entry for game type/mode (cooperative/coopmission).
[META] Failed to load plugin addons/counterstrikesharp/bin/linuxsteamrt64/counterstrikesharp: /media/astral/7DFD-F7FB/Counter-Strike2-Server/cs2/game/csgo/addons/counterstrikesharp/bin/linuxsteamrt64/counterstrikesharp.so: não foi possível habilitar pilhas de executável como requisitado pelo objeto compartilhado: Argumento inválido
[META] Loaded 0 plugins.
Event System loaded 94 events from file: vpk:/media/astral/7DFD-F7FB/Counter-Strike2-Server/cs2/game/core/pak01.vpk:resource/core.gameevents.
Event System loaded 50 events from file: vpk:/media/astral/7DFD-F7FB/Counter-Strike2-Server/cs2/game/csgo/pak01.vpk:resource/game.gameevents.
Event System loaded 145 events from file: vpk:/media/astral/7DFD-F7FB/Counter-Strike2-Server/cs2/game/csgo/pak01.vpk:./resource/mod.gameevents.
CEntitySystem::BuildEntityNetworking (parallel build of server) took 37.611 msecs for 211 out of 293 classes
[STARTUP] {3.339} server module init ok
CHostStateMgr::QueueNewRequest( Idle (console), 1 )
Source2Init OK
HostStateRequest::Start(HSR_IDLE):  loop(console) id(1) addons() desc(Idle (console))
SwitchToLoop console requested:  id [1] addons []
Host activate: Idle (console)
Loading map "de_anubis"
CHostStateMgr::QueueNewRequest( Loading (de_anubis), 2 )
Unknown command 'rcon_port'!
HostStateRequest::Start(HSR_GAME):  loop(levelload) id(2) addons() desc(Loading (de_anubis))
SwitchToLoop levelload requested:  id [2] addons []
SV:  Level loading started for 'de_anubis'
CL:  CLoopModeLevelLoad::MaybeSwitchToGameLoop switching to "game" loopmode with addons ()
SwitchToLoop game requested:  id [2] addons []
SteamGameServer_Init()
Setting breakpad minidump AppID = 730
SteamInternal_SetMinidumpSteamID:  Caching Steam ID:  76561197960265728 [API loaded yes]
SteamInternal_SetMinidumpSteamID:  Setting Steam ID:  76561197960265728
Looking up breakpad interfaces from steamclient
Calling BreakpadMiniDumpSystemInit
SteamInternal_SetMinidumpSteamID:  Caching Steam ID:  76561197960265728 [API loaded yes]
SteamInternal_SetMinidumpSteamID:  Setting Steam ID:  76561197960265728
[S_API FAIL] Tried to access Steam interface SteamUtils010 before SteamAPI_Init succeeded.
Setting breakpad minidump AppID = 2347773
[S_API FAIL] Tried to access Steam interface SteamUser023 before SteamAPI_Init succeeded.
Steam Universe valid after having been requested when invalid.  Universe is now 1
ResetBreakpadAppId: Universe is 1 (k_EUniversePublic)
ResetBreakpadAppId: Setting dedicated server app id: 2347773
SteamGameServer_Init() OK, logging on to Steam
****************************************************
*                                                  *
*  No Steam account token was specified.           *
*  Logging into anonymous game server account.     *
*  Connections will be restricted to LAN only.     *
*                                                  *
*  To create a game server account go to           *
*  http://steamcommunity.com/dev/managegameservers *
*                                                  *
****************************************************
CNetworkSystem::InitGameServer: SteamGameServerNetworking() OK
Initialized low level socket/threading support.
Set SteamNetworkingSockets P2P_STUN_ServerList to '' as per SteamNetworkingSocketsSerialized
CNetworkGameServerBase::SetServerState (ss_dead -> ss_waitingforgamesessionmanifest)
SV:  maxplayers set to 64
Server is hibernating
ResetGameConVarsToDefaults
CSource2Server::ApplyGameSettings game settings payload received:
  ::ExecGameTypeCfg {
    map {
      mapname de_anubis
    }
    launchoptions {
      levelname de_anubis
      mode dedicated
      loadmap int( 1 = 0x1 )
      changelevel int( 0 = 0x0 )
      map de_anubis
      mapgroup 
      requires_attr 
      requires_attr_value int( -1 = 0xFFFFFFFF )
      requires_attr_reward 
      reward_drop_list int( -1 = 0xFFFFFFFF )
      numSlots int( 10 = 0xA )
      c_game_type int( 0 = 0x0 )
      c_game_mode int( 1 = 0x1 )
      default_game_type int( 0 = 0x0 )
      default_game_mode int( 0 = 0x0 )
      ct_arms models/weapons/ct_arms_gign.vmdl
      t_arms models/weapons/t_arms.vmdl
      ct_models {
         ctm_gign
         ctm_gign_variantA
         ctm_gign_variantB
         ctm_gign_variantC
         ctm_gign_variantD
      }
      t_models {
         tm_leet_variantA
         tm_leet_variantB
         tm_leet_variantC
         tm_leet_variantD
         tm_leet_variantE
      }
    }
  }
Created poll group for socket 'server'
SDR RelayNetworkStatus:  avail=Attempting  config=Attempting  anyrelay=Not Attempted   (Attempt #1 to fetch config (only-if-cached) from https://api.steampowered.com/ISteamApps/GetSDRConfig/v1?appid=730)
AuthStatus (invalid):  Waiting  (Waiting for Steam login)
Network socket 'server' opened on port 27015
Initializing CSGO VScript Game System
SV:  Executing server defaults
SV:  Executing dedicated server config file
[STARTUP] {4.760} created game rules
GameTypes: could not find matching game mode value of "" in any game type.
SV:  CGameRulesGameSystem::GameInit installed game rules
LoadResponseSystem scripts/talker/response_rules.vrr - Start
CResponseSystem:  scripts/talker/response_rules.vrr (7681 rules, 811 criteria, and 7681 responses)
LoadResponseSystem scripts/talker/response_rules.vrr - Finish
CPlayerVoiceListener::GameInit()
Entry player was not found in surfaceproperties_footsteps.txt
execing server_default.cfg
execing server.cfg
execing gamemode_competitive.cfg
exec: couldn't exec '{*}cfg/gamemode_competitive_server.cfg', unable to read file
Unknown command 'rcon_port'!
Server waking up from hibernation
Unknown command 'mp_weapons_glow_on_ground'!
Unknown command 'sv_gameinstructor_enable'!
SV:  Spawn Server: de_anubis
CSource2Server::ApplyGameSettings game settings payload received:
  ::ExecGameTypeCfg {
    map {
      mapname de_anubis
    }
    launchoptions {
      levelname de_anubis
      mode dedicated
      loadmap int( 1 = 0x1 )
      changelevel int( 0 = 0x0 )
      map de_anubis
      mapgroup 
      requires_attr 
      requires_attr_value int( -1 = 0xFFFFFFFF )
      requires_attr_reward 
      reward_drop_list int( -1 = 0xFFFFFFFF )
      numSlots int( 10 = 0xA )
      c_game_type int( 0 = 0x0 )
      c_game_mode int( 1 = 0x1 )
      default_game_type int( 0 = 0x0 )
      default_game_mode int( 0 = 0x0 )
      ct_arms models/weapons/ct_arms_gign.v[S_API FAIL] Tried to access Steam interface SteamUtils010 before SteamAPI_Init succeeded.
mdl
      t_arms models/weapons/t_arms.vmdl
      ct_models {
         ctm_gign
         ctm_gign_variantA
         ctm_gign_variantB
         ctm_gign_variantC
         ctm_gign_variantD
      }
      t_models {
         tm_leet_variantA
         tm_leet_variantB
         tm_leet_variantC
         tm_leet_variantD
         tm_leet_variantE
      }
    }
  }
CNetworkGameServerBase::SetServerState (ss_waitingforgamesessionmanifest -> ss_loading)
texturebase.cpp(3486):ResourceHandleToData( maps/de_anubis/lightmaps/direct_light_shadows.vtex ) failed! Falling back to error texture!
texturebase.cpp(3486):ResourceHandleToData( maps/de_anubis/lightmaps/irradiance.vtex ) failed! Falling back to error texture!
texturebase.cpp(3486):ResourceHandleToData( maps/de_anubis/lightmaps/directional_irradiance.vtex ) failed! Falling back to error texture!
CWorldRendererMgr::ServiceWorldRequests long frame: 114.139852ms
Got SDR network config.  Loaded revision 1779399550 OK
SDR RelayNetworkStatus:  avail=Not Attempted  config=OK  anyrelay=Not Attempted   (No need for SDR client network access)
Failed loading resource "maps/prefabs/misc/terrorist_team_intro_variant2/world_visibility.vvis_c" (ERROR_FILEOPEN: File not found)
texturebase.cpp(3486):ResourceHandleToData( maps/prefabs/de_anubis/de_anubis_skybox/lightmaps/direct_light_shadows.vtex ) failed! Falling back to error texture!
texturebase.cpp(3486):ResourceHandleToData( maps/prefabs/de_anubis/de_anubis_skybox/lightmaps/irradiance.vtex ) failed! Falling back to error texture!
texturebase.cpp(3486):ResourceHandleToData( maps/prefabs/de_anubis/de_anubis_skybox/lightmaps/directional_irradiance.vtex ) failed! Falling back to error texture!
CNetworkGameServerBase::SetServerState (ss_loading -> ss_active)
SV:  IGameSystem::LoopActivateAllSystems {
HO:  IGameSystem::LoopActivateAllSystems {
HO:  } IGameSystem::LoopActivateAllSystems done
SV:  } IGameSystem::LoopActivateAllSystems done
Created physics for de_anubis
CNavGenParams - Nav mesh requests project default generation parameters but actual parameters
  used during construction differ from defaults. Please re-export the map.
CNavGenParams - Nav mesh requests project default generation parameters but actual parameters
  used during construction differ from defaults. Please re-export the map.
CNavGenParams - Nav mesh requests project default generation parameters but actual parameters
  used during construction differ from defaults. Please re-export the map.
CNavGenParams - Nav mesh requests project default generation parameters but actual parameters
  used during construction differ from defaults. Please re-export the map.
SV:  64 player server started
CSource2Server::GameServerSteamAPIActivated()
ClientPutInServer create new player controller [K]
[K] cl_interp_ratio='', LerpTime=0
"K<0><BOT><Unassigned>" ChangeTeam() CTMDBG , team 0, req team 2 willSwitch 0, 1.23 
ClientPutInServer create new player controller [Rex]
[Rex] cl_interp_ratio='', LerpTime=0
"Rex<1><BOT><Unassigned>" ChangeTeam() CTMDBG , team 0, req team 3 willSwitch 0, 1.23 
Host activate: Loading (de_anubis)
"K<0><BOT><TERRORIST>" OnPreResetRound => CTMDBG, team 2  will switch 0 1.25 
"Rex<1><BOT><CT>" OnPreResetRound => CTMDBG, team 3  will switch 0 1.25 
Using spawn points configuration 0x5C76A85A
1.250000 Long frame (WarmupPeriod): 15.63ms elapsed, 26.60ms sim time, 1 ticks, 80..80.
SV:  Connection to Steam servers successful.
SV:  ServerSteamID=[A:1:3552541704:49885] (90286250543512584).
[STARTUP] {6.703} logged on to Steam
Gameserver logged on to Steam, assigned identity steamid:90286250543512584
AuthStatus (steamid:90286250543512584):  Attempting  (Requesting cert)
Set SteamNetworkingSockets P2P_STUN_ServerList to '155.133.227.55:3478' as per SteamNetworkingSocketsSerialized
2.234375 Long frame (WarmupPeriod): 15.68ms elapsed, 18.61ms sim time, 1 ticks, 143..143.
SV:  VAC secure mode is activated.
AuthStatus (steamid:90286250543512584):  OK  (OK)
Certificate expires in 48h00m at 1779994166 (current time 1779821366), will renew in 46h00m
GC Connection established for server version 2000835, instance idx 1
[STARTUP] {7.036} activated session on GC
2.562500 Long frame (WarmupPeriod): 15.59ms elapsed, 19.51ms sim time, 1 ticks, 164..164.
10.046875 Long frame (WarmupPeriod): 35.09ms elapsed, 88.04ms sim time, 1 ticks, 643..643.
28.671875 Long frame (WarmupPeriod): 39.49ms elapsed, 99.19ms sim time, 1 ticks, 1835..1835.
75.234375 Long frame (WarmupPeriod): 19.38ms elapsed, 4.64ms sim time, 1 ticks, 4815..4815.
Server asked to sleep for 14.083ms, but plat time advanced by 10.437ms.  (We woke up 3.647ms early)
SIGTERM received while server was **not** hibernating!  Shutting down even though a game may be in progress!
CHostStateMgr::QueueNewRequest( Quitting, 3 )
HostStateRequest::Start(HSR_QUIT)
SV:  Server shutting down: NETWORK_DISCONNECT_EXITING (59)
CNetworkGameServerBase::SetServerState (ss_active -> ss_dead)
CPlayerVoiceListener::PostSpawnGroupUnload()
CPlayerVoiceListener::PostSpawnGroupUnload()
CPlayerVoiceListener::PostSpawnGroupUnload()
CPlayerVoiceListener::PostSpawnGroupUnload()
CPlayerVoiceListener::PostSpawnGroupUnload()
CPlayerVoiceListener::PostSpawnGroupUnload()
CPlayerVoiceListener::PostSpawnGroupUnload()
CPlayerVoiceListener::PostSpawnGroupUnload()
CSteam3ServerS1::ShutdownGameServer
CNetworkSystem::ShutdownGameServer
Closing 'server' UDP listen socket
Closing 'server' poll group
CNetworkSystem::CleanupDebugOutputFunction()
[S_API FAIL] Tried to access Steam interface SteamUtils010 before SteamAPI_Init succeeded.
CSource2Server::GameServerSteamAPIDeactivated()
SV:  IGameSystem::LoopDeactivateAllSystems {
HO:  IGameSystem::LoopDeactivateAllSystems {
HO:  } IGameSystem::LoopDeactivateAllSystems done
SV:  } IGameSystem::LoopDeactivateAllSystems done
SV: CNetworkStringTableContainer::RemoveAllTables:  removing 13 tables
CL: CNetworkStringTableContainer::RemoveAllTables:  removing 13 tables
CPlayerVoiceListener::GameShutdown()
SV:  CGameRulesGameSystem::GameShutdown uninstalled game rules
SV:  CGameRules::CGameRules destructed
Host activate: Quitting
Dispatching EventAppShutdown_t {
Requested non-existent write path USRLOCAL!
Requested non-existent write path USRLOCAL!
Error writing user config file 'cfg/cs2_user_keys_0_slot0.vcfg'
Requested non-existent write path USRLOCAL!
Requested non-existent write path USRLOCAL!
Requested non-existent write path USRLOCAL!
Error writing user config file 'cfg/cs2_user_convars_0_slot0.vcfg'
} Dispatched EventAppShutdown_t
MainLoop returning
CSharedEdictChangeInfo high water mark 393
Source2Shutdown
ShutdownSource2Logging
CNetworkSystem::Shutdown()
CNetworkSystem::CloseAllSockets()
Forgot to remove resource type manager for type vsnap!
Forgot to remove resource type manager for type vpcf!
Forgot to remove resource type manager for type vcss!
Forgot to remove resource type manager for type vxml!
Forgot to remove resource type manager for type vpost!
Loaded /media/astral/7DFD-F7FB/Counter-Strike2-Server/cs2/game/bin/linuxsteamrt64/libengine2.so, got 0x55d0da0b07e0
Using breakpad crash handler
Setting breakpad minidump AppID = 2347773
Forcing breakpad minidump interfaces to load
dlopen failed trying to load:
/root/.steam/sdk64/steamclient.so
with error:
/root/.steam/sdk64/steamclient.so: não é possível abrir arquivo compartilhado: Permissão negada
Looking up breakpad interfaces from steamclient
Calling BreakpadMiniDumpSystemInit

Console initialized.
Steam AppId(730), BreakpadId(2347771)
InitSteamLogin_Internal: Initializing breakpad.
Steam Universe is invalid, possibly asking before Steam was successfully initialized.
ResetBreakpadAppId: Universe is 0 (k_EUniverseInvalid)
ResetBreakpadAppId: Setting dedicated server app id: 2347773
Loaded libSDL3.so.0, got 0x55d0da1cb920
Loaded /media/astral/7DFD-F7FB/Counter-Strike2-Server/cs2/game/bin/linuxsteamrt64/libtier0.so, got 0x55d0da099700
Visibility enabled.
Loaded /media/astral/7DFD-F7FB/Counter-Strike2-Server/cs2/game/bin/linuxsteamrt64/libfilesystem_stdio.so, got 0x55d0da1cc2e0
USRLOCAL path not found!
Loaded /media/astral/7DFD-F7FB/Counter-Strike2-Server/cs2/game/bin/linuxsteamrt64/liblocalize.so, got 0x55d0da1ccc50
Loaded /media/astral/7DFD-F7FB/Counter-Strike2-Server/cs2/game/bin/linuxsteamrt64/librendersystemempty.so, got 0x55d0da1cd190
Loaded /media/astral/7DFD-F7FB/Counter-Strike2-Server/cs2/game/bin/linuxsteamrt64/libresourcesystem.so, got 0x55d0da1cdb00
Loaded /media/astral/7DFD-F7FB/Counter-Strike2-Server/cs2/game/bin/linuxsteamrt64/libschemasystem.so, got 0x55d0da1ce460
Trying to set dxlevel (111) which is higher than the card can support (110)!
Loaded /media/astral/7DFD-F7FB/Counter-Strike2-Server/cs2/game/bin/linuxsteamrt64/libmaterialsystem2.so, got 0x55d0da1ceba0
---------------
Path ID:             File Path:
ADDONS               "/media/astral/7DFD-F7FB/Counter-Strike2-Server/cs2/game/csgo_addons/" 
CONTENT              "/media/astral/7DFD-F7FB/Counter-Strike2-Server/cs2/content/csgo/addons/metamod/" 
CONTENT              "/media/astral/7DFD-F7FB/Counter-Strike2-Server/cs2/content/csgo/" 
CONTENT              "/media/astral/7DFD-F7FB/Counter-Strike2-Server/cs2/content/csgo_imported/" 
CONTENT              "/media/astral/7DFD-F7FB/Counter-Strike2-Server/cs2/content/csgo_core/" 
CONTENT              "/media/astral/7DFD-F7FB/Counter-Strike2-Server/cs2/content/core/" 
CONTENTADDONS        "/media/astral/7DFD-F7FB/Counter-Strike2-Server/cs2/content/csgo_addons/" 
CONTENTROOT          "/media/astral/7DFD-F7FB/Counter-Strike2-Server/cs2/content/" 
DEFAULT_WRITE_PATH   "/media/astral/7DFD-F7FB/Counter-Strike2-Server/cs2/game/csgo/addons/metamod/" 
EXECUTABLE_PATH      "/media/astral/7DFD-F7FB/Counter-Strike2-Server/cs2/game/bin/linuxsteamrt64/" 
GAME                 "/media/astral/7DFD-F7FB/Counter-Strike2-Server/cs2/game/csgo/pak01.vpk" (vpk) /media/astral/7DFD-F7FB/Counter-Strike2-Server/cs2/game/csgo/pak01.vpk
GAME                 "/media/astral/7DFD-F7FB/Counter-Strike2-Server/cs2/game/csgo_imported/pak01.vpk" (vpk) /media/astral/7DFD-F7FB/Counter-Strike2-Server/cs2/game/csgo_imported/pak01.vpk
GAME                 "/media/astral/7DFD-F7FB/Counter-Strike2-Server/cs2/game/csgo_core/pak01.vpk" (vpk) /media/astral/7DFD-F7FB/Counter-Strike2-Server/cs2/game/csgo_core/pak01.vpk
GAME                 "/media/astral/7DFD-F7FB/Counter-Strike2-Server/cs2/game/core/pak01.vpk" (vpk) /media/astral/7DFD-F7FB/Counter-Strike2-Server/cs2/game/core/pak01.vpk
GAME                 "/media/astral/7DFD-F7FB/Counter-Strike2-Server/cs2/game/csgo/shaders_vulkan.vpk" (vpk) /media/astral/7DFD-F7FB/Counter-Strike2-Server/cs2/game/csgo/shaders_vulkan.vpk
GAME                 "/media/astral/7DFD-F7FB/Counter-Strike2-Server/cs2/game/csgo_core/shaders_vulkan.vpk" (vpk) /media/astral/7DFD-F7FB/Counter-Strike2-Server/cs2/game/csgo_core/shaders_vulkan.vpk
GAME                 "/media/astral/7DFD-F7FB/Counter-Strike2-Server/cs2/game/core/shaders_vulkan.vpk" (vpk) /media/astral/7DFD-F7FB/Counter-Strike2-Server/cs2/game/core/shaders_vulkan.vpk
GAME                 "/media/astral/7DFD-F7FB/Counter-Strike2-Server/cs2/game/csgo/addons/metamod/" 
GAME                 "/media/astral/7DFD-F7FB/Counter-Strike2-Server/cs2/game/csgo/" 
GAME                 "/media/astral/7DFD-F7FB/Counter-Strike2-Server/cs2/game/csgo_imported/" 
GAME                 "/media/astral/7DFD-F7FB/Counter-Strike2-Server/cs2/game/csgo_core/" 
GAME                 "/media/astral/7DFD-F7FB/Counter-Strike2-Server/cs2/game/core/" 
GAMEBIN              "/media/astral/7DFD-F7FB/Counter-Strike2-Server/cs2/game/csgo/addons/metamod/bin/linuxsteamrt64/" 
GAMEBIN              "/media/astral/7DFD-F7FB/Counter-Strike2-Server/cs2/game/csgo/addons/metamod/bin/" 
GAMEBIN              "/media/astral/7DFD-F7FB/Counter-Strike2-Server/cs2/game/csgo/bin/linuxsteamrt64/" 
GAMEBIN              "/media/astral/7DFD-F7FB/Counter-Strike2-Server/cs2/game/csgo/bin/" 
GAMEBIN              "/media/astral/7DFD-F7FB/Counter-Strike2-Server/cs2/game/csgo_imported/bin/linuxsteamrt64/" 
GAMEBIN              "/media/astral/7DFD-F7FB/Counter-Strike2-Server/cs2/game/csgo_imported/bin/" 
GAMEBIN              "/media/astral/7DFD-F7FB/Counter-Strike2-Server/cs2/game/csgo_core/bin/linuxsteamrt64/" 
GAMEBIN              "/media/astral/7DFD-F7FB/Counter-Strike2-Server/cs2/game/csgo_core/bin/" 
GAMEBIN              "/media/astral/7DFD-F7FB/Counter-Strike2-Server/cs2/game/core/bin/linuxsteamrt64/" 
GAMEBIN              "/media/astral/7DFD-F7FB/Counter-Strike2-Server/cs2/game/core/bin/" 
GAMEROOT             "/media/astral/7DFD-F7FB/Counter-Strike2-Server/cs2/game/" 
MOD                  "/media/astral/7DFD-F7FB/Counter-Strike2-Server/cs2/game/csgo/pak01.vpk" (vpk) /media/astral/7DFD-F7FB/Counter-Strike2-Server/cs2/game/csgo/pak01.vpk
MOD                  "/media/astral/7DFD-F7FB/Counter-Strike2-Server/cs2/game/csgo_imported/pak01.vpk" (vpk) /media/astral/7DFD-F7FB/Counter-Strike2-Server/cs2/game/csgo_imported/pak01.vpk
MOD                  "/media/astral/7DFD-F7FB/Counter-Strike2-Server/cs2/game/csgo_core/pak01.vpk" (vpk) /media/astral/7DFD-F7FB/Counter-Strike2-Server/cs2/game/csgo_core/pak01.vpk
MOD                  "/media/astral/7DFD-F7FB/Counter-Strike2-Server/cs2/game/csgo/" 
MOD                  "/media/astral/7DFD-F7FB/Counter-Strike2-Server/cs2/game/csgo_imported/" 
MOD                  "/media/astral/7DFD-F7FB/Counter-Strike2-Server/cs2/game/csgo_core/" 
OFFICIAL_ADDONS      "/media/astral/7DFD-F7FB/Counter-Strike2-Server/cs2/game/csgo_community_addons/" 
PLATFORM             "/media/astral/7DFD-F7FB/Counter-Strike2-Server/cs2/game/core/pak01.vpk" (vpk) /media/astral/7DFD-F7FB/Counter-Strike2-Server/cs2/game/core/pak01.vpk
PLATFORM             "/media/astral/7DFD-F7FB/Counter-Strike2-Server/cs2/game/core/" 
SHADER_SOURCE        "/media/astral/7DFD-F7FB/Counter-Strike2-Server/cs2/src/shaders/csgo/addons/metamod/" 
SHADER_SOURCE        "/media/astral/7DFD-F7FB/Counter-Strike2-Server/cs2/src/shaders/csgo/" 
SHADER_SOURCE        "/media/astral/7DFD-F7FB/Counter-Strike2-Server/cs2/src/shaders/csgo_imported/" 
SHADER_SOURCE        "/media/astral/7DFD-F7FB/Counter-Strike2-Server/cs2/src/shaders/csgo_core/" 
SHADER_SOURCE        "/media/astral/7DFD-F7FB/Counter-Strike2-Server/cs2/src/shaders/core/" 
SHADER_SOURCE        "/media/astral/7DFD-F7FB/Counter-Strike2-Server/cs2/src/shaders/csgo_community_addons/" 
SHADER_SOURCE_MOD    "/media/astral/7DFD-F7FB/Counter-Strike2-Server/cs2/src/shaders/csgo/addons/metamod/" 
SHADER_SOURCE_ROOT   "/media/astral/7DFD-F7FB/Counter-Strike2-Server/cs2/src/shaders/" 
command line arguments:
-dedicated -nojoy -usercon +map de_anubis +rcon_port 27020
protected command line arguments (stripped from above):
+rcon_password <protected>
Loaded /media/astral/7DFD-F7FB/Counter-Strike2-Server/cs2/game/bin/linuxsteamrt64/libmeshsystem.so, got 0x55d0da23d8e0
Loaded /media/astral/7DFD-F7FB/Counter-Strike2-Server/cs2/game/bin/linuxsteamrt64/libworldrenderer.so, got 0x55d0da250250
Loaded /media/astral/7DFD-F7FB/Counter-Strike2-Server/cs2/game/bin/linuxsteamrt64/libpulse_system.so, got 0x55d0da262fe0
Loaded /media/astral/7DFD-F7FB/Counter-Strike2-Server/cs2/game/bin/linuxsteamrt64/libvscript.so, got 0x55d0da275530
Loaded /media/astral/7DFD-F7FB/Counter-Strike2-Server/cs2/game/bin/linuxsteamrt64/libnetworksystem.so, got 0x55d0da287ea0
Loaded /media/astral/7DFD-F7FB/Counter-Strike2-Server/cs2/game/bin/linuxsteamrt64/libanimationsystem.so, got 0x55d0da29c4f0
Loaded /media/astral/7DFD-F7FB/Counter-Strike2-Server/cs2/game/bin/linuxsteamrt64/libvphysics2.so, got 0x55d0da2b3cd0
Loaded /media/astral/7DFD-F7FB/Counter-Strike2-Server/cs2/game/bin/linuxsteamrt64/libsoundsystem.so, got 0x55d0da2c6640
Loaded /media/astral/7DFD-F7FB/Counter-Strike2-Server/cs2/game/bin/linuxsteamrt64/libscenesystem.so, got 0x55d0da2dea70
Network System Initialized
MOD desires lightbinner GPU but is unsupported by HW (SupportsCompute=0 CubeMapArrays=0)
Loaded /media/astral/7DFD-F7FB/Counter-Strike2-Server/cs2/game/bin/linuxsteamrt64/libserver_valve.so, got (nil)
Loaded libserver_valve.so, got (nil)
Loaded /media/astral/7DFD-F7FB/Counter-Strike2-Server/cs2/game/csgo/addons/metamod/bin/linuxsteamrt64/libserver.so, got 0x55d0da2f6630
Loaded /media/astral/7DFD-F7FB/Counter-Strike2-Server/cs2/game/bin/linuxsteamrt64/libengine2.so, got 0x55d0da0b07e0
Physics Console Communications is not initialized
Loaded /media/astral/7DFD-F7FB/Counter-Strike2-Server/cs2/game/csgo/bin/linuxsteamrt64/libhost.so, got 0x55d0da339de0
Loaded /media/astral/7DFD-F7FB/Counter-Strike2-Server/cs2/game/bin/linuxsteamrt64/libscenefilecache.so, got 0x55d0da34d6c0
Loaded /media/astral/7DFD-F7FB/Counter-Strike2-Server/cs2/game/bin/linuxsteamrt64/libparticles.so, got 0x55d0da360030
Loaded /media/astral/7DFD-F7FB/Counter-Strike2-Server/cs2/game/csgo/bin/linuxsteamrt64/libmatchmaking.so, got 0x55d0da373e40
Loaded /media/astral/7DFD-F7FB/Counter-Strike2-Server/cs2/game/bin/linuxsteamrt64/libv8system.so, got 0x55d0da3884a0
[S_API] SteamAPI_Init(): Loaded local 'steamclient.so' OK.
GameTypes: missing mapgroupsSP entry for game type/mode (custom/custom).
GameTypes: missing mapgroupsSP entry for game type/mode (cooperative/cooperative).
GameTypes: missing mapgroupsSP entry for game type/mode (cooperative/coopmission).
[META] Failed to load plugin addons/counterstrikesharp/bin/linuxsteamrt64/counterstrikesharp: /media/astral/7DFD-F7FB/Counter-Strike2-Server/cs2/game/csgo/addons/counterstrikesharp/bin/linuxsteamrt64/counterstrikesharp.so: não foi possível habilitar pilhas de executável como requisitado pelo objeto compartilhado: Argumento inválido
[META] Loaded 0 plugins.
Event System loaded 94 events from file: vpk:/media/astral/7DFD-F7FB/Counter-Strike2-Server/cs2/game/core/pak01.vpk:resource/core.gameevents.
Event System loaded 50 events from file: vpk:/media/astral/7DFD-F7FB/Counter-Strike2-Server/cs2/game/csgo/pak01.vpk:resource/game.gameevents.
Event System loaded 145 events from file: vpk:/media/astral/7DFD-F7FB/Counter-Strike2-Server/cs2/game/csgo/pak01.vpk:./resource/mod.gameevents.
CEntitySystem::BuildEntityNetworking (parallel build of server) took 42.890 msecs for 211 out of 293 classes
[STARTUP] {1.630} server module init ok
CHostStateMgr::QueueNewRequest( Idle (console), 1 )
Source2Init OK
HostStateRequest::Start(HSR_IDLE):  loop(console) id(1) addons() desc(Idle (console))
SwitchToLoop console requested:  id [1] addons []
Host activate: Idle (console)
Loading map "de_anubis"
CHostStateMgr::QueueNewRequest( Loading (de_anubis), 2 )
Unknown command 'rcon_port'!
HostStateRequest::Start(HSR_GAME):  loop(levelload) id(2) addons() desc(Loading (de_anubis))
SwitchToLoop levelload requested:  id [2] addons []
SV:  Level loading started for 'de_anubis'
CL:  CLoopModeLevelLoad::MaybeSwitchToGameLoop switching to "game" loopmode with addons ()
SwitchToLoop game requested:  id [2] addons []
SteamGameServer_Init()
Setting breakpad minidump AppID = 730
SteamInternal_SetMinidumpSteamID:  Caching Steam ID:  76561197960265728 [API loaded yes]
SteamInternal_SetMinidumpSteamID:  Setting Steam ID:  76561197960265728
Looking up breakpad interfaces from steamclient
Calling BreakpadMiniDumpSystemInit
SteamInternal_SetMinidumpSteamID:  Caching Steam ID:  76561197960265728 [API loaded yes]
SteamInternal_SetMinidumpSteamID:  Setting Steam ID:  76561197960265728
[S_API FAIL] Tried to access Steam interface SteamUtils010 before SteamAPI_Init succeeded.
Setting breakpad minidump AppID = 2347773
[S_API FAIL] Tried to access Steam interface SteamUser023 before SteamAPI_Init succeeded.
Steam Universe valid after having been requested when invalid.  Universe is now 1
ResetBreakpadAppId: Universe is 1 (k_EUniversePublic)
ResetBreakpadAppId: Setting dedicated server app id: 2347773
SteamGameServer_Init() OK, logging on to Steam
****************************************************
*                                                  *
*  No Steam account token was specified.           *
*  Logging into anonymous game server account.     *
*  Connections will be restricted to LAN only.     *
*                                                  *
*  To create a game server account go to           *
*  http://steamcommunity.com/dev/managegameservers *
*                                                  *
****************************************************
CNetworkSystem::InitGameServer: SteamGameServerNetworking() OK
Initialized low level socket/threading support.
Set SteamNetworkingSockets P2P_STUN_ServerList to '' as per SteamNetworkingSocketsSerialized
CNetworkGameServerBase::SetServerState (ss_dead -> ss_waitingforgamesessionmanifest)
SV:  maxplayers set to 64
Server is hibernating
ResetGameConVarsToDefaults
CSource2Server::ApplyGameSettings game settings payload received:
  ::ExecGameTypeCfg {
    map {
      mapname de_anubis
    }
    launchoptions {
      levelname de_anubis
      mode dedicated
      loadmap int( 1 = 0x1 )
      changelevel int( 0 = 0x0 )
      map de_anubis
      mapgroup 
      requires_attr 
      requires_attr_value int( -1 = 0xFFFFFFFF )
      requires_attr_reward 
      reward_drop_list int( -1 = 0xFFFFFFFF )
      numSlots int( 10 = 0xA )
      c_game_type int( 0 = 0x0 )
      c_game_mode int( 1 = 0x1 )
      default_game_type int( 0 = 0x0 )
      default_game_mode int( 0 = 0x0 )
      ct_arms models/weapons/ct_arms_gign.vmdl
      t_arms models/weapons/t_arms.vmdl
      ct_models {
         ctm_gign
         ctm_gign_variantA
         ctm_gign_variantB
         ctm_gign_variantC
         ctm_gign_variantD
      }
      t_models {
         tm_leet_variantA
         tm_leet_variantB
         tm_leet_variantC
         tm_leet_variantD
         tm_leet_variantE
      }
    }
  }
Created poll group for socket 'server'
SDR RelayNetworkStatus:  avail=Attempting  config=Attempting  anyrelay=Not Attempted   (Attempt #1 to fetch config (only-if-cached) from https://api.steampowered.com/ISteamApps/GetSDRConfig/v1?appid=730)
AuthStatus (invalid):  Waiting  (Waiting for Steam login)
Network socket 'server' opened on port 27015
Initializing CSGO VScript Game System
SV:  Executing server defaults
SV:  Executing dedicated server config file
[STARTUP] {2.973} created game rules
GameTypes: could not find matching game mode value of "" in any game type.
SV:  CGameRulesGameSystem::GameInit installed game rules
LoadResponseSystem scripts/talker/response_rules.vrr - Start
CResponseSystem:  scripts/talker/response_rules.vrr (7681 rules, 811 criteria, and 7681 responses)
LoadResponseSystem scripts/talker/response_rules.vrr - Finish
CPlayerVoiceListener::GameInit()
Entry player was not found in surfaceproperties_footsteps.txt
execing server_default.cfg
execing server.cfg
execing gamemode_competitive.cfg
exec: couldn't exec '{*}cfg/gamemode_competitive_server.cfg', unable to read file
Unknown command 'rcon_port'!
Server waking up from hibernation
Unknown command 'mp_weapons_glow_on_ground'!
Unknown command 'sv_gameinstructor_enable'!
Got SDR network config.  Loaded revision 1779399550 OK
SDR RelayNetworkStatus:  avail=Not Attempted  config=OK  anyrelay=Not Attempted   (No need for SDR client network access)
SV:  Spawn Server: de_anubis
CSource2Server::ApplyGameSettings game settings payload received:
  ::ExecGameTypeCfg {
    map {
      mapname de_anubis
    }
    launchoptions {
      levelname de_anubis
      mode dedicated
      loadmap int( 1 = 0x1 )
      changelevel int( 0 = 0x0 )
      map de_anubis
      mapgroup 
      requires_attr 
      requires_attr_value int( -1 = 0xFFFFFFFF )
      requires_attr_reward 
      reward_drop_list int( -1 = 0xFFFFFFFF )
      numSlots int( 10 = 0xA )
      c_ga[S_API FAIL] Tried to access Steam interface SteamUtils010 before SteamAPI_Init succeeded.
me_type int( 0 = 0x0 )
      c_game_mode int( 1 = 0x1 )
      default_game_type int( 0 = 0x0 )
      default_game_mode int( 0 = 0x0 )
      ct_arms models/weapons/ct_arms_gign.vmdl
      t_arms models/weapons/t_arms.vmdl
      ct_models {
         ctm_gign
         ctm_gign_variantA
         ctm_gign_variantB
         ctm_gign_variantC
         ctm_gign_variantD
      }
      t_models {
         tm_leet_variantA
         tm_leet_variantB
         tm_leet_variantC
         tm_leet_variantD
         tm_leet_variantE
      }
    }
  }
CNetworkGameServerBase::SetServerState (ss_waitingforgamesessionmanifest -> ss_loading)
texturebase.cpp(3486):ResourceHandleToData( maps/de_anubis/lightmaps/direct_light_shadows.vtex ) failed! Falling back to error texture!
texturebase.cpp(3486):ResourceHandleToData( maps/de_anubis/lightmaps/irradiance.vtex ) failed! Falling back to error texture!
texturebase.cpp(3486):ResourceHandleToData( maps/de_anubis/lightmaps/directional_irradiance.vtex ) failed! Falling back to error texture!
CWorldRendererMgr::ServiceWorldRequests long frame: 43.761732ms
Failed loading resource "maps/prefabs/misc/terrorist_team_intro_variant2/world_visibility.vvis_c" (ERROR_FILEOPEN: File not found)
texturebase.cpp(3486):ResourceHandleToData( maps/prefabs/de_anubis/de_anubis_skybox/lightmaps/direct_light_shadows.vtex ) failed! Falling back to error texture!
texturebase.cpp(3486):ResourceHandleToData( maps/prefabs/de_anubis/de_anubis_skybox/lightmaps/irradiance.vtex ) failed! Falling back to error texture!
texturebase.cpp(3486):ResourceHandleToData( maps/prefabs/de_anubis/de_anubis_skybox/lightmaps/directional_irradiance.vtex ) failed! Falling back to error texture!
CNetworkGameServerBase::SetServerState (ss_loading -> ss_active)
SV:  IGameSystem::LoopActivateAllSystems {
HO:  IGameSystem::LoopActivateAllSystems {
HO:  } IGameSystem::LoopActivateAllSystems done
SV:  } IGameSystem::LoopActivateAllSystems done
Created physics for de_anubis
CNavGenParams - Nav mesh requests project default generation parameters but actual parameters
  used during construction differ from defaults. Please re-export the map.
CNavGenParams - Nav mesh requests project default generation parameters but actual parameters
  used during construction differ from defaults. Please re-export the map.
CNavGenParams - Nav mesh requests project default generation parameters but actual parameters
  used during construction differ from defaults. Please re-export the map.
CNavGenParams - Nav mesh requests project default generation parameters but actual parameters
  used during construction differ from defaults. Please re-export the map.
SV:  64 player server started
CSource2Server::GameServerSteamAPIActivated()
ClientPutInServer create new player controller [Rezan]
[Rezan] cl_interp_ratio='', LerpTime=0
"Rezan<0><BOT><Unassigned>" ChangeTeam() CTMDBG , team 0, req team 2 willSwitch 0, 1.23 
ClientPutInServer create new player controller [Aspirant]
[Aspirant] cl_interp_ratio='', LerpTime=0
"Aspirant<1><BOT><Unassigned>" ChangeTeam() CTMDBG , team 0, req team 3 willSwitch 0, 1.23 
Host activate: Loading (de_anubis)
"Rezan<0><BOT><TERRORIST>" OnPreResetRound => CTMDBG, team 2  will switch 0 1.25 
"Aspirant<1><BOT><CT>" OnPreResetRound => CTMDBG, team 3  will switch 0 1.25 
Using spawn points configuration 0x95AAF1A4
SV:  Connection to Steam servers successful.
SV:  ServerSteamID=[A:1:3553976328:49885] (90286250544947208).
[STARTUP] {6.274} logged on to Steam
Gameserver logged on to Steam, assigned identity steamid:90286250544947208
AuthStatus (steamid:90286250544947208):  Attempting  (Requesting cert)
Set SteamNetworkingSockets P2P_STUN_ServerList to '162.254.197.38:3478' as per SteamNetworkingSocketsSerialized
SV:  VAC secure mode is activated.
GC Connection established for server version 2000835, instance idx 1
[STARTUP] {6.935} activated session on GC
AuthStatus (steamid:90286250544947208):  OK  (OK)
Certificate expires in 48h00m at 1779994336 (current time 1779821535), will renew in 46h00m
Server asked to sleep for 12.751ms, but plat time advanced by 1.064ms.  (We woke up 11.687ms early)
SIGTERM received while server was **not** hibernating!  Shutting down even though a game may be in progress!
CHostStateMgr::QueueNewRequest( Quitting, 3 )
HostStateRequest::Start(HSR_QUIT)
SV:  Server shutting down: NETWORK_DISCONNECT_EXITING (59)
CNetworkGameServerBase::SetServerState (ss_active -> ss_dead)
CPlayerVoiceListener::PostSpawnGroupUnload()
CPlayerVoiceListener::PostSpawnGroupUnload()
CPlayerVoiceListener::PostSpawnGroupUnload()
CPlayerVoiceListener::PostSpawnGroupUnload()
CPlayerVoiceListener::PostSpawnGroupUnload()
CPlayerVoiceListener::PostSpawnGroupUnload()
CPlayerVoiceListener::PostSpawnGroupUnload()
CPlayerVoiceListener::PostSpawnGroupUnload()
CSteam3ServerS1::ShutdownGameServer
CNetworkSystem::ShutdownGameServer
Closing 'server' UDP listen socket
Closing 'server' poll group
CNetworkSystem::CleanupDebugOutputFunction()
[S_API FAIL] Tried to access Steam interface SteamUtils010 before SteamAPI_Init succeeded.
CSource2Server::GameServerSteamAPIDeactivated()
SV:  IGameSystem::LoopDeactivateAllSystems {
HO:  IGameSystem::LoopDeactivateAllSystems {
HO:  } IGameSystem::LoopDeactivateAllSystems done
SV:  } IGameSystem::LoopDeactivateAllSystems done
SV: CNetworkStringTableContainer::RemoveAllTables:  removing 13 tables
CL: CNetworkStringTableContainer::RemoveAllTables:  removing 13 tables
CPlayerVoiceListener::GameShutdown()
SV:  CGameRulesGameSystem::GameShutdown uninstalled game rules
SV:  CGameRules::CGameRules destructed
Host activate: Quitting
Dispatching EventAppShutdown_t {
Requested non-existent write path USRLOCAL!
Requested non-existent write path USRLOCAL!
Error writing user config file 'cfg/cs2_user_keys_0_slot0.vcfg'
Requested non-existent write path USRLOCAL!
Requested non-existent write path USRLOCAL!
Requested non-existent write path USRLOCAL!
Error writing user config file 'cfg/cs2_user_convars_0_slot0.vcfg'
} Dispatched EventAppShutdown_t
MainLoop returning
CSharedEdictChangeInfo high water mark 393
Source2Shutdown
ShutdownSource2Logging
CNetworkSystem::Shutdown()
CNetworkSystem::CloseAllSockets()
Forgot to remove resource type manager for type vsnap!
Forgot to remove resource type manager for type vpcf!
Forgot to remove resource type manager for type vcss!
Forgot to remove resource type manager for type vxml!
Forgot to remove resource type manager for type vpost!
Loaded /media/astral/7DFD-F7FB/Counter-Strike2-Server/cs2/game/bin/linuxsteamrt64/libengine2.so, got 0x55d67eca47e0
Using breakpad crash handler
Setting breakpad minidump AppID = 2347773
Forcing breakpad minidump interfaces to load
dlopen failed trying to load:
/root/.steam/sdk64/steamclient.so
with error:
/root/.steam/sdk64/steamclient.so: não é possível abrir arquivo compartilhado: Permissão negada
Looking up breakpad interfaces from steamclient
Calling BreakpadMiniDumpSystemInit

Console initialized.
Steam AppId(730), BreakpadId(2347771)
InitSteamLogin_Internal: Initializing breakpad.
Steam Universe is invalid, possibly asking before Steam was successfully initialized.
ResetBreakpadAppId: Universe is 0 (k_EUniverseInvalid)
ResetBreakpadAppId: Setting dedicated server app id: 2347773
Loaded libSDL3.so.0, got 0x55d67edbf920
Loaded /media/astral/7DFD-F7FB/Counter-Strike2-Server/cs2/game/bin/linuxsteamrt64/libtier0.so, got 0x55d67ec8d700
Visibility enabled.
Loaded /media/astral/7DFD-F7FB/Counter-Strike2-Server/cs2/game/bin/linuxsteamrt64/libfilesystem_stdio.so, got 0x55d67edc02e0
USRLOCAL path not found!
Loaded /media/astral/7DFD-F7FB/Counter-Strike2-Server/cs2/game/bin/linuxsteamrt64/liblocalize.so, got 0x55d67edc0c50
Loaded /media/astral/7DFD-F7FB/Counter-Strike2-Server/cs2/game/bin/linuxsteamrt64/librendersystemempty.so, got 0x55d67edc1190
Loaded /media/astral/7DFD-F7FB/Counter-Strike2-Server/cs2/game/bin/linuxsteamrt64/libresourcesystem.so, got 0x55d67edc1b00
Loaded /media/astral/7DFD-F7FB/Counter-Strike2-Server/cs2/game/bin/linuxsteamrt64/libschemasystem.so, got 0x55d67edc2460
Trying to set dxlevel (111) which is higher than the card can support (110)!
Loaded /media/astral/7DFD-F7FB/Counter-Strike2-Server/cs2/game/bin/linuxsteamrt64/libmaterialsystem2.so, got 0x55d67edc2ba0
---------------
Path ID:             File Path:
ADDONS               "/media/astral/7DFD-F7FB/Counter-Strike2-Server/cs2/game/csgo_addons/" 
CONTENT              "/media/astral/7DFD-F7FB/Counter-Strike2-Server/cs2/content/csgo/addons/metamod/" 
CONTENT              "/media/astral/7DFD-F7FB/Counter-Strike2-Server/cs2/content/csgo/" 
CONTENT              "/media/astral/7DFD-F7FB/Counter-Strike2-Server/cs2/content/csgo_imported/" 
CONTENT              "/media/astral/7DFD-F7FB/Counter-Strike2-Server/cs2/content/csgo_core/" 
CONTENT              "/media/astral/7DFD-F7FB/Counter-Strike2-Server/cs2/content/core/" 
CONTENTADDONS        "/media/astral/7DFD-F7FB/Counter-Strike2-Server/cs2/content/csgo_addons/" 
CONTENTROOT          "/media/astral/7DFD-F7FB/Counter-Strike2-Server/cs2/content/" 
DEFAULT_WRITE_PATH   "/media/astral/7DFD-F7FB/Counter-Strike2-Server/cs2/game/csgo/addons/metamod/" 
EXECUTABLE_PATH      "/media/astral/7DFD-F7FB/Counter-Strike2-Server/cs2/game/bin/linuxsteamrt64/" 
GAME                 "/media/astral/7DFD-F7FB/Counter-Strike2-Server/cs2/game/csgo/pak01.vpk" (vpk) /media/astral/7DFD-F7FB/Counter-Strike2-Server/cs2/game/csgo/pak01.vpk
GAME                 "/media/astral/7DFD-F7FB/Counter-Strike2-Server/cs2/game/csgo_imported/pak01.vpk" (vpk) /media/astral/7DFD-F7FB/Counter-Strike2-Server/cs2/game/csgo_imported/pak01.vpk
GAME                 "/media/astral/7DFD-F7FB/Counter-Strike2-Server/cs2/game/csgo_core/pak01.vpk" (vpk) /media/astral/7DFD-F7FB/Counter-Strike2-Server/cs2/game/csgo_core/pak01.vpk
GAME                 "/media/astral/7DFD-F7FB/Counter-Strike2-Server/cs2/game/core/pak01.vpk" (vpk) /media/astral/7DFD-F7FB/Counter-Strike2-Server/cs2/game/core/pak01.vpk
GAME                 "/media/astral/7DFD-F7FB/Counter-Strike2-Server/cs2/game/csgo/shaders_vulkan.vpk" (vpk) /media/astral/7DFD-F7FB/Counter-Strike2-Server/cs2/game/csgo/shaders_vulkan.vpk
GAME                 "/media/astral/7DFD-F7FB/Counter-Strike2-Server/cs2/game/csgo_core/shaders_vulkan.vpk" (vpk) /media/astral/7DFD-F7FB/Counter-Strike2-Server/cs2/game/csgo_core/shaders_vulkan.vpk
GAME                 "/media/astral/7DFD-F7FB/Counter-Strike2-Server/cs2/game/core/shaders_vulkan.vpk" (vpk) /media/astral/7DFD-F7FB/Counter-Strike2-Server/cs2/game/core/shaders_vulkan.vpk
GAME                 "/media/astral/7DFD-F7FB/Counter-Strike2-Server/cs2/game/csgo/addons/metamod/" 
GAME                 "/media/astral/7DFD-F7FB/Counter-Strike2-Server/cs2/game/csgo/" 
GAME                 "/media/astral/7DFD-F7FB/Counter-Strike2-Server/cs2/game/csgo_imported/" 
GAME                 "/media/astral/7DFD-F7FB/Counter-Strike2-Server/cs2/game/csgo_core/" 
GAME                 "/media/astral/7DFD-F7FB/Counter-Strike2-Server/cs2/game/core/" 
GAMEBIN              "/media/astral/7DFD-F7FB/Counter-Strike2-Server/cs2/game/csgo/addons/metamod/bin/linuxsteamrt64/" 
GAMEBIN              "/media/astral/7DFD-F7FB/Counter-Strike2-Server/cs2/game/csgo/addons/metamod/bin/" 
GAMEBIN              "/media/astral/7DFD-F7FB/Counter-Strike2-Server/cs2/game/csgo/bin/linuxsteamrt64/" 
GAMEBIN              "/media/astral/7DFD-F7FB/Counter-Strike2-Server/cs2/game/csgo/bin/" 
GAMEBIN              "/media/astral/7DFD-F7FB/Counter-Strike2-Server/cs2/game/csgo_imported/bin/linuxsteamrt64/" 
GAMEBIN              "/media/astral/7DFD-F7FB/Counter-Strike2-Server/cs2/game/csgo_imported/bin/" 
GAMEBIN              "/media/astral/7DFD-F7FB/Counter-Strike2-Server/cs2/game/csgo_core/bin/linuxsteamrt64/" 
GAMEBIN              "/media/astral/7DFD-F7FB/Counter-Strike2-Server/cs2/game/csgo_core/bin/" 
GAMEBIN              "/media/astral/7DFD-F7FB/Counter-Strike2-Server/cs2/game/core/bin/linuxsteamrt64/" 
GAMEBIN              "/media/astral/7DFD-F7FB/Counter-Strike2-Server/cs2/game/core/bin/" 
GAMEROOT             "/media/astral/7DFD-F7FB/Counter-Strike2-Server/cs2/game/" 
MOD                  "/media/astral/7DFD-F7FB/Counter-Strike2-Server/cs2/game/csgo/pak01.vpk" (vpk) /media/astral/7DFD-F7FB/Counter-Strike2-Server/cs2/game/csgo/pak01.vpk
MOD                  "/media/astral/7DFD-F7FB/Counter-Strike2-Server/cs2/game/csgo_imported/pak01.vpk" (vpk) /media/astral/7DFD-F7FB/Counter-Strike2-Server/cs2/game/csgo_imported/pak01.vpk
MOD                  "/media/astral/7DFD-F7FB/Counter-Strike2-Server/cs2/game/csgo_core/pak01.vpk" (vpk) /media/astral/7DFD-F7FB/Counter-Strike2-Server/cs2/game/csgo_core/pak01.vpk
MOD                  "/media/astral/7DFD-F7FB/Counter-Strike2-Server/cs2/game/csgo/" 
MOD                  "/media/astral/7DFD-F7FB/Counter-Strike2-Server/cs2/game/csgo_imported/" 
MOD                  "/media/astral/7DFD-F7FB/Counter-Strike2-Server/cs2/game/csgo_core/" 
OFFICIAL_ADDONS      "/media/astral/7DFD-F7FB/Counter-Strike2-Server/cs2/game/csgo_community_addons/" 
PLATFORM             "/media/astral/7DFD-F7FB/Counter-Strike2-Server/cs2/game/core/pak01.vpk" (vpk) /media/astral/7DFD-F7FB/Counter-Strike2-Server/cs2/game/core/pak01.vpk
PLATFORM             "/media/astral/7DFD-F7FB/Counter-Strike2-Server/cs2/game/core/" 
SHADER_SOURCE        "/media/astral/7DFD-F7FB/Counter-Strike2-Server/cs2/src/shaders/csgo/addons/metamod/" 
SHADER_SOURCE        "/media/astral/7DFD-F7FB/Counter-Strike2-Server/cs2/src/shaders/csgo/" 
SHADER_SOURCE        "/media/astral/7DFD-F7FB/Counter-Strike2-Server/cs2/src/shaders/csgo_imported/" 
SHADER_SOURCE        "/media/astral/7DFD-F7FB/Counter-Strike2-Server/cs2/src/shaders/csgo_core/" 
SHADER_SOURCE        "/media/astral/7DFD-F7FB/Counter-Strike2-Server/cs2/src/shaders/core/" 
SHADER_SOURCE        "/media/astral/7DFD-F7FB/Counter-Strike2-Server/cs2/src/shaders/csgo_community_addons/" 
SHADER_SOURCE_MOD    "/media/astral/7DFD-F7FB/Counter-Strike2-Server/cs2/src/shaders/csgo/addons/metamod/" 
SHADER_SOURCE_ROOT   "/media/astral/7DFD-F7FB/Counter-Strike2-Server/cs2/src/shaders/" 
command line arguments:
-dedicated -nojoy -usercon +map de_anubis +rcon_port 27020
protected command line arguments (stripped from above):
+rcon_password <protected>
Loaded /media/astral/7DFD-F7FB/Counter-Strike2-Server/cs2/game/bin/linuxsteamrt64/libmeshsystem.so, got 0x55d67ee318e0
Loaded /media/astral/7DFD-F7FB/Counter-Strike2-Server/cs2/game/bin/linuxsteamrt64/libworldrenderer.so, got 0x55d67ee44250
Loaded /media/astral/7DFD-F7FB/Counter-Strike2-Server/cs2/game/bin/linuxsteamrt64/libpulse_system.so, got 0x55d67ee56fe0
Loaded /media/astral/7DFD-F7FB/Counter-Strike2-Server/cs2/game/bin/linuxsteamrt64/libvscript.so, got 0x55d67ee69530
Loaded /media/astral/7DFD-F7FB/Counter-Strike2-Server/cs2/game/bin/linuxsteamrt64/libnetworksystem.so, got 0x55d67ee7bea0
Loaded /media/astral/7DFD-F7FB/Counter-Strike2-Server/cs2/game/bin/linuxsteamrt64/libanimationsystem.so, got 0x55d67ee904f0
Loaded /media/astral/7DFD-F7FB/Counter-Strike2-Server/cs2/game/bin/linuxsteamrt64/libvphysics2.so, got 0x55d67eea7cd0
Loaded /media/astral/7DFD-F7FB/Counter-Strike2-Server/cs2/game/bin/linuxsteamrt64/libsoundsystem.so, got 0x55d67eeba640
Loaded /media/astral/7DFD-F7FB/Counter-Strike2-Server/cs2/game/bin/linuxsteamrt64/libscenesystem.so, got 0x55d67eed2a70
Network System Initialized
MOD desires lightbinner GPU but is unsupported by HW (SupportsCompute=0 CubeMapArrays=0)
Loaded /media/astral/7DFD-F7FB/Counter-Strike2-Server/cs2/game/bin/linuxsteamrt64/libserver_valve.so, got (nil)
Loaded libserver_valve.so, got (nil)
Loaded /media/astral/7DFD-F7FB/Counter-Strike2-Server/cs2/game/csgo/addons/metamod/bin/linuxsteamrt64/libserver.so, got 0x55d67eeea630
Loaded /media/astral/7DFD-F7FB/Counter-Strike2-Server/cs2/game/bin/linuxsteamrt64/libengine2.so, got 0x55d67eca47e0
Physics Console Communications is not initialized
Loaded /media/astral/7DFD-F7FB/Counter-Strike2-Server/cs2/game/csgo/bin/linuxsteamrt64/libhost.so, got 0x55d67ef2dde0
Loaded /media/astral/7DFD-F7FB/Counter-Strike2-Server/cs2/game/bin/linuxsteamrt64/libscenefilecache.so, got 0x55d67ef416c0
Loaded /media/astral/7DFD-F7FB/Counter-Strike2-Server/cs2/game/bin/linuxsteamrt64/libparticles.so, got 0x55d67ef54030
Loaded /media/astral/7DFD-F7FB/Counter-Strike2-Server/cs2/game/csgo/bin/linuxsteamrt64/libmatchmaking.so, got 0x55d67ef67e40
Loaded /media/astral/7DFD-F7FB/Counter-Strike2-Server/cs2/game/bin/linuxsteamrt64/libv8system.so, got 0x55d67ef7c4a0
[16:42:27.744] CSSharp: Initializing with command line: "/media/astral/7DFD-F7FB/Counter-Strike2-Server/cs2/game/bin/linuxsteamrt64/cs2" /media/astral/7DFD-F7FB/Counter-Strike2-Server/cs2/game/bin/linuxsteamrt64/cs2 -dedicated -nojoy -usercon +map de_anubis +rcon_password GZPWA3PyZ7zonPf +rcon_port 27020
[16:42:27.745] CSSharp: Current root directory: /media/astral/7DFD-F7FB/Counter-Strike2-Server/cs2/game/csgo/addons/counterstrikesharp
[16:42:27.745] CSSharp: CoreConfig loaded.
[16:42:27.745] CSSharp: Auto-update is not currently supported on this platform.
[16:42:27.798] CSSharp: Copying bytes from disk for /media/astral/7DFD-F7FB/Counter-Strike2-Server/cs2/game/bin/linuxsteamrt64/libengine2.so
[16:42:28.315] CSSharp: Copying bytes from disk for /media/astral/7DFD-F7FB/Counter-Strike2-Server/cs2/game/bin/linuxsteamrt64/../../csgo/bin/linuxsteamrt64//libserver.so
[16:42:28.414] CSSharp: Globals loaded.
[16:42:28.516] CSSharp: Initialized GameSystem.
[16:42:28.516] CSSharp: Loading .NET runtime...
[16:42:28.516] CSSharp: Loading hostfxr from /media/astral/7DFD-F7FB/Counter-Strike2-Server/cs2/game/csgo/addons/counterstrikesharp/dotnet/host/fxr/8.0.3/libhostfxr.so
[16:42:28.517] CSSharp: .NET Runtime Initialised.
[16:42:28.517] CSSharp: Loading CSS API, Runtime Config: /media/astral/7DFD-F7FB/Counter-Strike2-Server/cs2/game/csgo/addons/counterstrikesharp/api/CounterStrikeSharp.API.runtimeconfig.json
GameTypes: missing mapgroupsSP entry for game type/mode (custom/custom).
GameTypes: missing mapgroupsSP entry for game type/mode (cooperative/cooperative).
GameTypes: missing mapgroupsSP entry for game type/mode (cooperative/coopmission).
16:42:28 [INFO] (cssharp:Core) CounterStrikeSharp is starting up...
16:42:28 [INFO] (cssharp:CoreConfig) Successfully loaded core configuration
16:42:28 [INFO] (cssharp:GameDataProvider) Successfully loaded 45 game data entries from /media/astral/7DFD-F7FB/Counter-Strike2-Server/cs2/game/csgo/addons/counterstrikesharp/gamedata/gamedata.json
16:42:28 [INFO] (cssharp:Core) Loading Admins from /media/astral/7DFD-F7FB/Counter-Strike2-Server/cs2/game/csgo/addons/counterstrikesharp/configs/admins.json
16:42:28 [INFO] (cssharp:AdminManager) Loaded admin data with 0 admins.
16:42:28 [INFO] (cssharp:Core) Loading Admin Groups from /media/astral/7DFD-F7FB/Counter-Strike2-Server/cs2/game/csgo/addons/counterstrikesharp/configs/admin_groups.json
Admin groups file not found. Skipping admin groups load.
16:42:28 [INFO] (cssharp:Core) Loading Admin Command Overrides from /media/astral/7DFD-F7FB/Counter-Strike2-Server/cs2/game/csgo/addons/counterstrikesharp/configs/admin_overrides.json
Loaded 1 admin command overrides.
16:42:29 [INFO] (cssharp:PluginContext) Loading plugin AdminControlPlugin
[AdminControlPlugin] Plugin loaded successfully!
16:42:29 [INFO] (cssharp:PluginContext) Finished loading plugin Admin Control with MySQL & CFG Sync
[16:42:29.242] CSSharp: CounterStrikeSharp.API Loaded Successfully.
[16:42:29.242] CSSharp: Hooks added.
[AdminControlPlugin] Ban cache loaded successfully. 0 SteamID and 0 IP bans.
[AdminControlPlugin] Mute cache loaded successfully. 0 muted players.
[16:42:30.103] CSSharp: Native d8f03fd4 was invoked on a non-main thread
[S_API] SteamAPI_Init(): Loaded local 'steamclient.so' OK.
[META] Loaded 1 plugin.
Event System loaded 94 events from file: vpk:/media/astral/7DFD-F7FB/Counter-Strike2-Server/cs2/game/core/pak01.vpk:resource/core.gameevents.
Event System loaded 50 events from file: vpk:/media/astral/7DFD-F7FB/Counter-Strike2-Server/cs2/game/csgo/pak01.vpk:resource/game.gameevents.
Event System loaded 145 events from file: vpk:/media/astral/7DFD-F7FB/Counter-Strike2-Server/cs2/game/csgo/pak01.vpk:./resource/mod.gameevents.
CEntitySystem::BuildEntityNetworking (parallel build of server) took 51.907 msecs for 211 out of 293 classes
[STARTUP] {2.646} server module init ok
[Info] - Trampoline - Bounds of relative addresses accessed [0xffffffffffffffff, (nil)]
[Info] - Trampoline - Attempting to allocate trampoline within +-2GB range of 0x7fc0faa20f20
[Info] - Trampoline - Allocated trampoline at 0x7fc17aa1f000 (using 1 attempts)
CHostStateMgr::QueueNewRequest( Idle (console), 1 )
Source2Init OK
HostStateRequest::Start(HSR_IDLE):  loop(console) id(1) addons() desc(Idle (console))
SwitchToLoop console requested:  id [1] addons []
Host activate: Idle (console)
Loading map "de_anubis"
CHostStateMgr::QueueNewRequest( Loading (de_anubis), 2 )
Unknown command 'rcon_port'!
HostStateRequest::Start(HSR_GAME):  loop(levelload) id(2) addons() desc(Loading (de_anubis))
SwitchToLoop levelload requested:  id [2] addons []
SV:  Level loading started for 'de_anubis'
CL:  CLoopModeLevelLoad::MaybeSwitchToGameLoop switching to "game" loopmode with addons ()
SwitchToLoop game requested:  id [2] addons []
SteamGameServer_Init()
Setting breakpad minidump AppID = 730
SteamInternal_SetMinidumpSteamID:  Caching Steam ID:  76561197960265728 [API loaded yes]
SteamInternal_SetMinidumpSteamID:  Setting Steam ID:  76561197960265728
Looking up breakpad interfaces from steamclient
Calling BreakpadMiniDumpSystemInit
SteamInternal_SetMinidumpSteamID:  Caching Steam ID:  76561197960265728 [API loaded yes]
SteamInternal_SetMinidumpSteamID:  Setting Steam ID:  76561197960265728
[S_API FAIL] Tried to access Steam interface SteamUtils010 before SteamAPI_Init succeeded.
Setting breakpad minidump AppID = 2347773
[AdminControlPlugin] Ban cache loaded successfully. 0 SteamID and 0 IP bans.
[AdminControlPlugin] Mute cache loaded successfully. 0 muted players.
[16:42:31.080] CSSharp: CGameSystem::BuildGameSessionManifest
[S_API FAIL] Tried to access Steam interface SteamUser023 before SteamAPI_Init succeeded.
[S_API FAIL] Tried to access Steam interface SteamUtils010 before SteamAPI_Init succeeded.
Steam Universe valid after having been requested when invalid.  Universe is now 1
ResetBreakpadAppId: Universe is 1 (k_EUniversePublic)
ResetBreakpadAppId: Setting dedicated server app id: 2347773
SteamGameServer_Init() OK, logging on to Steam
****************************************************
*                                                  *
*  No Steam account token was specified.           *
*  Logging into anonymous game server account.     *
*  Connections will be restricted to LAN only.     *
*                                                  *
*  To create a game server account go to           *
*  http://steamcommunity.com/dev/managegameservers *
*                                                  *
****************************************************
CNetworkSystem::InitGameServer: SteamGameServerNetworking() OK
Initialized low level socket/threading support.
Set SteamNetworkingSockets P2P_STUN_ServerList to '' as per SteamNetworkingSocketsSerialized
CNetworkGameServerBase::SetServerState (ss_dead -> ss_waitingforgamesessionmanifest)
SV:  maxplayers set to 64
Server is hibernating
ResetGameConVarsToDefaults
CSource2Server::ApplyGameSettings game settings payload received:
  ::ExecGameTypeCfg {
    map {
      mapname de_anubis
    }
    launchoptions {
      levelname de_anubis
      mode dedicated
      loadmap int( 1 = 0x1 )
      changelevel int( 0 = 0x0 )
      map de_anubis
      mapgroup 
      requires_attr 
      requires_attr_value int( -1 = 0xFFFFFFFF )
      requires_attr_reward 
      reward_drop_list int( -1 = 0xFFFFFFFF )
      numSlots int( 10 = 0xA )
      c_game_type int( 0 = 0x0 )
      c_game_mode int( 1 = 0x1 )
      default_game_type int( 0 = 0x0 )
      default_game_mode int( 0 = 0x0 )
      ct_arms models/weapons/ct_arms_gign.vmdl
      t_arms models/weapons/t_arms.vmdl
      ct_models {
         ctm_gign
         ctm_gign_variantA
         ctm_gign_variantB
         ctm_gign_variantC
         ctm_gign_variantD
      }
      t_models {
         tm_leet_variantA
         tm_leet_variantB
         tm_leet_variantC
         tm_leet_variantD
         tm_leet_variantE
      }
    }
  }
Created poll group for socket 'server'
SDR RelayNetworkStatus:  avail=Attempting  config=Attempting  anyrelay=Not Attempted   (Attempt #1 to fetch config (only-if-cached) from https://api.steampowered.com/ISteamApps/GetSDRConfig/v1?appid=730)
AuthStatus (invalid):  Waiting  (Waiting for Steam login)
Network socket 'server' opened on port 27015
Initializing CSGO VScript Game System
SV:  Executing server defaults
SV:  Executing dedicated server config file
[STARTUP] {4.339} created game rules
GameTypes: could not find matching game mode value of "" in any game type.
SV:  CGameRulesGameSystem::GameInit installed game rules
LoadResponseSystem scripts/talker/response_rules.vrr - Start
CResponseSystem:  scripts/talker/response_rules.vrr (7681 rules, 811 criteria, and 7681 responses)
LoadResponseSystem scripts/talker/response_rules.vrr - Finish
CPlayerVoiceListener::GameInit()
Entry player was not found in surfaceproperties_footsteps.txt
exec: couldn't exec '{*}cfg/banned_user.cfg', unable to read file
exec: couldn't exec '{*}cfg/banned_ip.cfg', unable to read file
execing server_default.cfg
execing server.cfg
execing gamemode_competitive.cfg
exec: couldn't exec '{*}cfg/gamemode_competitive_server.cfg', unable to read file
Unknown command 'rcon_port'!
Server waking up from hibernation
Unknown command 'mp_weapons_glow_on_ground'!
Unknown command 'sv_gameinstructor_enable'!
Got SDR network config.  Loaded revision 1779399550 OK
SDR RelayNetworkStatus:  avail=Not Attempted  config=OK  anyrelay=Not Attempted   (No need for SDR client network access)
SV:  Spawn Server: de_anubis
CSource2Server::ApplyGameSettings game settings payload received:
  ::ExecGameTypeCfg {
    map {
      mapname de_anubis
    }
    launchoptions {
      levelname de_anubis
      mode dedicated
      loadmap int( 1 = 0x1 )
      changelevel int( 0 = 0x0 )
      map de_anubis
      mapgroup 
      requires_attr 
      requires_attr_value int( -1 = 0xFFFFFFFF )
      requires_attr_reward 
      reward_drop_list int( -1 = 0xFFFFFFFF )
      numSlots int( 10 = 0xA )
      c_game_type int( 0 = 0x0 )
      c_game_mode int( 1 = 0x1 )
      default_game_type int( 0 = 0x0 )
      default_game_mode int( 0 = 0x0 )
      ct_arms models/weapons/ct_arms_gign.vmdl
      t_arms models/weapons/t_arms.vmdl
      ct_models {
         ctm_gign
         ctm_gign_variantA
         ctm_gign_variantB
         ctm_gign_variantC
         ctm_gign_variantD
      }
      t_models {
         tm_leet_variantA
         tm_leet_variantB
         tm_leet_variantC
         tm_leet_variantD
         tm_leet_variantE
      }
    }
  }
CNetworkGameServerBase::SetServerState (ss_waitingforgamesessionmanifest -> ss_loading)
texturebase.cpp(3486):ResourceHandleToData( maps/de_anubis/lightmaps/direct_light_shadows.vtex ) failed! Falling back to error texture!
texturebase.cpp(3486):ResourceHandleToData( maps/de_anubis/lightmaps/irradiance.vtex ) failed! Falling back to error texture!
texturebase.cpp(3486):ResourceHandleToData( maps/de_anubis/lightmaps/directional_irradiance.vtex ) failed! Falling back to error texture!
CWorldRendererMgr::ServiceWorldRequests long frame: 45.093893ms
SV:  Connection to Steam servers successful.
SV:  ServerSteamID=[A:1:253907976:49886] (90286251539846152).
[STARTUP] {7.358} logged on to Steam
Gameserver logged on to Steam, assigned identity steamid:90286251539846152
AuthStatus (steamid:90286251539846152):  Attempting  (Requesting cert)
Set SteamNetworkingSockets P2P_STUN_ServerList to '162.254.193.102:3478' as per SteamNetworkingSocketsSerialized
Failed loading resource "maps/prefabs/misc/terrorist_team_intro_variant2/world_visibility.vvis_c" (ERROR_FILEOPEN: File not found)
texturebase.cpp(3486):ResourceHandleToData( maps/prefabs/de_anubis/de_anubis_skybox/lightmaps/direct_light_shadows.vtex ) failed! Falling back to error texture!
texturebase.cpp(3486):ResourceHandleToData( maps/prefabs/de_anubis/de_anubis_skybox/lightmaps/irradiance.vtex ) failed! Falling back to error texture!
texturebase.cpp(3486):ResourceHandleToData( maps/prefabs/de_anubis/de_anubis_skybox/lightmaps/directional_irradiance.vtex ) failed! Falling back to error texture!
CNetworkGameServerBase::SetServerState (ss_loading -> ss_active)
SV:  IGameSystem::LoopActivateAllSystems {
HO:  IGameSystem::LoopActivateAllSystems {
HO:  } IGameSystem::LoopActivateAllSystems done
SV:  } IGameSystem::LoopActivateAllSystems done
Created physics for de_anubis
CNavGenParams - Nav mesh requests project default generation parameters but actual parameters
  used during construction differ from defaults. Please re-export the map.
CNavGenParams - Nav mesh requests project default generation parameters but actual parameters
  used during construction differ from defaults. Please re-export the map.
CNavGenParams - Nav mesh requests project default generation parameters but actual parameters
  used during construction differ from defaults. Please re-export the map.
CNavGenParams - Nav mesh requests project default generation parameters but actual parameters
  used during construction differ from defaults. Please re-export the map.
SV:  64 player server started
CSource2Server::GameServerSteamAPIActivated()
ClientPutInServer create new player controller [Strapper]
[Strapper] cl_interp_ratio='', LerpTime=0
"Strapper<0><BOT><Unassigned>" ChangeTeam() CTMDBG , team 0, req team 2 willSwitch 0, 1.72 
ClientPutInServer create new player controller [Rezan]
[Rezan] cl_interp_ratio='', LerpTime=0
"Rezan<1><BOT><Unassigned>" ChangeTeam() CTMDBG , team 0, req team 3 willSwitch 0, 1.72 
Host activate: Loading (de_anubis)
"Strapper<0><BOT><TERRORIST>" OnPreResetRound => CTMDBG, team 2  will switch 0 1.73 
"Rezan<1><BOT><CT>" OnPreResetRound => CTMDBG, team 3  will switch 0 1.73 
Using spawn points configuration 0xEA13547B
AuthStatus (steamid:90286251539846152):  OK  (OK)
Certificate expires in 48h00m at 1779997354 (current time 1779824553), will renew in 46h00m
SV:  VAC secure mode is activated.
GC Connection established for server version 20[S_API FAIL] Tried to access Steam interface SteamUtils010 before SteamAPI_Init succeeded.
[16:47:25.217] CSSharp: CGameSystem::Shutdown
Loaded /media/astral/7DFD-F7FB/Counter-Strike2-Server/cs2/game/bin/linuxsteamrt64/libengine2.so, got 0x55cbda9e57e0
Using breakpad crash handler
Setting breakpad minidump AppID = 2347773
Forcing breakpad minidump interfaces to load
dlopen failed trying to load:
/root/.steam/sdk64/steamclient.so
with error:
/root/.steam/sdk64/steamclient.so: não é possível abrir arquivo compartilhado: Permissão negada
Looking up breakpad interfaces from steamclient
Calling BreakpadMiniDumpSystemInit

Console initialized.
Steam AppId(730), BreakpadId(2347771)
InitSteamLogin_Internal: Initializing breakpad.
Steam Universe is invalid, possibly asking before Steam was successfully initialized.
ResetBreakpadAppId: Universe is 0 (k_EUniverseInvalid)
ResetBreakpadAppId: Setting dedicated server app id: 2347773
Loaded libSDL3.so.0, got 0x55cbdab00920
Loaded /media/astral/7DFD-F7FB/Counter-Strike2-Server/cs2/game/bin/linuxsteamrt64/libtier0.so, got 0x55cbda9ce700
Visibility enabled.
Loaded /media/astral/7DFD-F7FB/Counter-Strike2-Server/cs2/game/bin/linuxsteamrt64/libfilesystem_stdio.so, got 0x55cbdab012e0
USRLOCAL path not found!
Loaded /media/astral/7DFD-F7FB/Counter-Strike2-Server/cs2/game/bin/linuxsteamrt64/liblocalize.so, got 0x55cbdab01c50
Loaded /media/astral/7DFD-F7FB/Counter-Strike2-Server/cs2/game/bin/linuxsteamrt64/librendersystemempty.so, got 0x55cbdab02190
Loaded /media/astral/7DFD-F7FB/Counter-Strike2-Server/cs2/game/bin/linuxsteamrt64/libresourcesystem.so, got 0x55cbdab02b00
Loaded /media/astral/7DFD-F7FB/Counter-Strike2-Server/cs2/game/bin/linuxsteamrt64/libschemasystem.so, got 0x55cbdab03460
Trying to set dxlevel (111) which is higher than the card can support (110)!
Loaded /media/astral/7DFD-F7FB/Counter-Strike2-Server/cs2/game/bin/linuxsteamrt64/libmaterialsystem2.so, got 0x55cbdab03ba0
---------------
Path ID:             File Path:
ADDONS               "/media/astral/7DFD-F7FB/Counter-Strike2-Server/cs2/game/csgo_addons/" 
CONTENT              "/media/astral/7DFD-F7FB/Counter-Strike2-Server/cs2/content/csgo/addons/metamod/" 
CONTENT              "/media/astral/7DFD-F7FB/Counter-Strike2-Server/cs2/content/csgo/" 
CONTENT              "/media/astral/7DFD-F7FB/Counter-Strike2-Server/cs2/content/csgo_imported/" 
CONTENT              "/media/astral/7DFD-F7FB/Counter-Strike2-Server/cs2/content/csgo_core/" 
CONTENT              "/media/astral/7DFD-F7FB/Counter-Strike2-Server/cs2/content/core/" 
CONTENTADDONS        "/media/astral/7DFD-F7FB/Counter-Strike2-Server/cs2/content/csgo_addons/" 
CONTENTROOT          "/media/astral/7DFD-F7FB/Counter-Strike2-Server/cs2/content/" 
DEFAULT_WRITE_PATH   "/media/astral/7DFD-F7FB/Counter-Strike2-Server/cs2/game/csgo/addons/metamod/" 
EXECUTABLE_PATH      "/media/astral/7DFD-F7FB/Counter-Strike2-Server/cs2/game/bin/linuxsteamrt64/" 
GAME                 "/media/astral/7DFD-F7FB/Counter-Strike2-Server/cs2/game/csgo/pak01.vpk" (vpk) /media/astral/7DFD-F7FB/Counter-Strike2-Server/cs2/game/csgo/pak01.vpk
GAME                 "/media/astral/7DFD-F7FB/Counter-Strike2-Server/cs2/game/csgo_imported/pak01.vpk" (vpk) /media/astral/7DFD-F7FB/Counter-Strike2-Server/cs2/game/csgo_imported/pak01.vpk
GAME                 "/media/astral/7DFD-F7FB/Counter-Strike2-Server/cs2/game/csgo_core/pak01.vpk" (vpk) /media/astral/7DFD-F7FB/Counter-Strike2-Server/cs2/game/csgo_core/pak01.vpk
GAME                 "/media/astral/7DFD-F7FB/Counter-Strike2-Server/cs2/game/core/pak01.vpk" (vpk) /media/astral/7DFD-F7FB/Counter-Strike2-Server/cs2/game/core/pak01.vpk
GAME                 "/media/astral/7DFD-F7FB/Counter-Strike2-Server/cs2/game/csgo/shaders_vulkan.vpk" (vpk) /media/astral/7DFD-F7FB/Counter-Strike2-Server/cs2/game/csgo/shaders_vulkan.vpk
GAME                 "/media/astral/7DFD-F7FB/Counter-Strike2-Server/cs2/game/csgo_core/shaders_vulkan.vpk" (vpk) /media/astral/7DFD-F7FB/Counter-Strike2-Server/cs2/game/csgo_core/shaders_vulkan.vpk
GAME                 "/media/astral/7DFD-F7FB/Counter-Strike2-Server/cs2/game/core/shaders_vulkan.vpk" (vpk) /media/astral/7DFD-F7FB/Counter-Strike2-Server/cs2/game/core/shaders_vulkan.vpk
GAME                 "/media/astral/7DFD-F7FB/Counter-Strike2-Server/cs2/game/csgo/addons/metamod/" 
GAME                 "/media/astral/7DFD-F7FB/Counter-Strike2-Server/cs2/game/csgo/" 
GAME                 "/media/astral/7DFD-F7FB/Counter-Strike2-Server/cs2/game/csgo_imported/" 
GAME                 "/media/astral/7DFD-F7FB/Counter-Strike2-Server/cs2/game/csgo_core/" 
GAME                 "/media/astral/7DFD-F7FB/Counter-Strike2-Server/cs2/game/core/" 
GAMEBIN              "/media/astral/7DFD-F7FB/Counter-Strike2-Server/cs2/game/csgo/addons/metamod/bin/linuxsteamrt64/" 
GAMEBIN              "/media/astral/7DFD-F7FB/Counter-Strike2-Server/cs2/game/csgo/addons/metamod/bin/" 
GAMEBIN              "/media/astral/7DFD-F7FB/Counter-Strike2-Server/cs2/game/csgo/bin/linuxsteamrt64/" 
GAMEBIN              "/media/astral/7DFD-F7FB/Counter-Strike2-Server/cs2/game/csgo/bin/" 
GAMEBIN              "/media/astral/7DFD-F7FB/Counter-Strike2-Server/cs2/game/csgo_imported/bin/linuxsteamrt64/" 
GAMEBIN              "/media/astral/7DFD-F7FB/Counter-Strike2-Server/cs2/game/csgo_imported/bin/" 
GAMEBIN              "/media/astral/7DFD-F7FB/Counter-Strike2-Server/cs2/game/csgo_core/bin/linuxsteamrt64/" 
GAMEBIN              "/media/astral/7DFD-F7FB/Counter-Strike2-Server/cs2/game/csgo_core/bin/" 
GAMEBIN              "/media/astral/7DFD-F7FB/Counter-Strike2-Server/cs2/game/core/bin/linuxsteamrt64/" 
GAMEBIN              "/media/astral/7DFD-F7FB/Counter-Strike2-Server/cs2/game/core/bin/" 
GAMEROOT             "/media/astral/7DFD-F7FB/Counter-Strike2-Server/cs2/game/" 
MOD                  "/media/astral/7DFD-F7FB/Counter-Strike2-Server/cs2/game/csgo/pak01.vpk" (vpk) /media/astral/7DFD-F7FB/Counter-Strike2-Server/cs2/game/csgo/pak01.vpk
MOD                  "/media/astral/7DFD-F7FB/Counter-Strike2-Server/cs2/game/csgo_imported/pak01.vpk" (vpk) /media/astral/7DFD-F7FB/Counter-Strike2-Server/cs2/game/csgo_imported/pak01.vpk
MOD                  "/media/astral/7DFD-F7FB/Counter-Strike2-Server/cs2/game/csgo_core/pak01.vpk" (vpk) /media/astral/7DFD-F7FB/Counter-Strike2-Server/cs2/game/csgo_core/pak01.vpk
MOD                  "/media/astral/7DFD-F7FB/Counter-Strike2-Server/cs2/game/csgo/" 
MOD                  "/media/astral/7DFD-F7FB/Counter-Strike2-Server/cs2/game/csgo_imported/" 
MOD                  "/media/astral/7DFD-F7FB/Counter-Strike2-Server/cs2/game/csgo_core/" 
OFFICIAL_ADDONS      "/media/astral/7DFD-F7FB/Counter-Strike2-Server/cs2/game/csgo_community_addons/" 
PLATFORM             "/media/astral/7DFD-F7FB/Counter-Strike2-Server/cs2/game/core/pak01.vpk" (vpk) /media/astral/7DFD-F7FB/Counter-Strike2-Server/cs2/game/core/pak01.vpk
PLATFORM             "/media/astral/7DFD-F7FB/Counter-Strike2-Server/cs2/game/core/" 
SHADER_SOURCE        "/media/astral/7DFD-F7FB/Counter-Strike2-Server/cs2/src/shaders/csgo/addons/metamod/" 
SHADER_SOURCE        "/media/astral/7DFD-F7FB/Counter-Strike2-Server/cs2/src/shaders/csgo/" 
SHADER_SOURCE        "/media/astral/7DFD-F7FB/Counter-Strike2-Server/cs2/src/shaders/csgo_imported/" 
SHADER_SOURCE        "/media/astral/7DFD-F7FB/Counter-Strike2-Server/cs2/src/shaders/csgo_core/" 
SHADER_SOURCE        "/media/astral/7DFD-F7FB/Counter-Strike2-Server/cs2/src/shaders/core/" 
SHADER_SOURCE        "/media/astral/7DFD-F7FB/Counter-Strike2-Server/cs2/src/shaders/csgo_community_addons/" 
SHADER_SOURCE_MOD    "/media/astral/7DFD-F7FB/Counter-Strike2-Server/cs2/src/shaders/csgo/addons/metamod/" 
SHADER_SOURCE_ROOT   "/media/astral/7DFD-F7FB/Counter-Strike2-Server/cs2/src/shaders/" 
command line arguments:
-dedicated -nojoy -usercon +map de_anubis +rcon_port 27020
protected command line arguments (stripped from above):
+rcon_password <protected>
Loaded /media/astral/7DFD-F7FB/Counter-Strike2-Server/cs2/game/bin/linuxsteamrt64/libmeshsystem.so, got 0x55cbdab728e0
Loaded /media/astral/7DFD-F7FB/Counter-Strike2-Server/cs2/game/bin/linuxsteamrt64/libworldrenderer.so, got 0x55cbdab85250
Loaded /media/astral/7DFD-F7FB/Counter-Strike2-Server/cs2/game/bin/linuxsteamrt64/libpulse_system.so, got 0x55cbdab97fe0
Loaded /media/astral/7DFD-F7FB/Counter-Strike2-Server/cs2/game/bin/linuxsteamrt64/libvscript.so, got 0x55cbdabaa530
Loaded /media/astral/7DFD-F7FB/Counter-Strike2-Server/cs2/game/bin/linuxsteamrt64/libnetworksystem.so, got 0x55cbdabbcea0
Loaded /media/astral/7DFD-F7FB/Counter-Strike2-Server/cs2/game/bin/linuxsteamrt64/libanimationsystem.so, got 0x55cbdabd14f0
Loaded /media/astral/7DFD-F7FB/Counter-Strike2-Server/cs2/game/bin/linuxsteamrt64/libvphysics2.so, got 0x55cbdabe8cd0
Loaded /media/astral/7DFD-F7FB/Counter-Strike2-Server/cs2/game/bin/linuxsteamrt64/libsoundsystem.so, got 0x55cbdabfb640
Loaded /media/astral/7DFD-F7FB/Counter-Strike2-Server/cs2/game/bin/linuxsteamrt64/libscenesystem.so, got 0x55cbdac13a70
Network System Initialized
MOD desires lightbinner GPU but is unsupported by HW (SupportsCompute=0 CubeMapArrays=0)
Loaded /media/astral/7DFD-F7FB/Counter-Strike2-Server/cs2/game/bin/linuxsteamrt64/libserver_valve.so, got (nil)
Loaded libserver_valve.so, got (nil)
Loaded /media/astral/7DFD-F7FB/Counter-Strike2-Server/cs2/game/csgo/addons/metamod/bin/linuxsteamrt64/libserver.so, got 0x55cbdac2b630
Loaded /media/astral/7DFD-F7FB/Counter-Strike2-Server/cs2/game/bin/linuxsteamrt64/libengine2.so, got 0x55cbda9e57e0
Physics Console Communications is not initialized
Loaded /media/astral/7DFD-F7FB/Counter-Strike2-Server/cs2/game/csgo/bin/linuxsteamrt64/libhost.so, got 0x55cbdac6ede0
Loaded /media/astral/7DFD-F7FB/Counter-Strike2-Server/cs2/game/bin/linuxsteamrt64/libscenefilecache.so, got 0x55cbdac826c0
Loaded /media/astral/7DFD-F7FB/Counter-Strike2-Server/cs2/game/bin/linuxsteamrt64/libparticles.so, got 0x55cbdac95030
Loaded /media/astral/7DFD-F7FB/Counter-Strike2-Server/cs2/game/csgo/bin/linuxsteamrt64/libmatchmaking.so, got 0x55cbdaca8e40
Loaded /media/astral/7DFD-F7FB/Counter-Strike2-Server/cs2/game/bin/linuxsteamrt64/libv8system.so, got 0x55cbdacbd4a0
[16:52:30.336] CSSharp: Initializing with command line: "/media/astral/7DFD-F7FB/Counter-Strike2-Server/cs2/game/bin/linuxsteamrt64/cs2" /media/astral/7DFD-F7FB/Counter-Strike2-Server/cs2/game/bin/linuxsteamrt64/cs2 -dedicated -nojoy -usercon +map de_anubis +rcon_password GZPWA3PyZ7zonPf +rcon_port 27020
[16:52:30.336] CSSharp: Current root directory: /media/astral/7DFD-F7FB/Counter-Strike2-Server/cs2/game/csgo/addons/counterstrikesharp
[16:52:30.337] CSSharp: CoreConfig loaded.
[16:52:30.337] CSSharp: Auto-update is not currently supported on this platform.
[16:52:30.396] CSSharp: Copying bytes from disk for /media/astral/7DFD-F7FB/Counter-Strike2-Server/cs2/game/bin/linuxsteamrt64/libengine2.so
[16:52:30.667] CSSharp: Copying bytes from disk for /media/astral/7DFD-F7FB/Counter-Strike2-Server/cs2/game/bin/linuxsteamrt64/../../csgo/bin/linuxsteamrt64//libserver.so
[16:52:30.781] CSSharp: Globals loaded.
[16:52:30.888] CSSharp: Initialized GameSystem.
[16:52:30.888] CSSharp: Loading .NET runtime...
[16:52:30.888] CSSharp: Loading hostfxr from /media/astral/7DFD-F7FB/Counter-Strike2-Server/cs2/game/csgo/addons/counterstrikesharp/dotnet/host/fxr/8.0.3/libhostfxr.so
[16:52:30.888] CSSharp: .NET Runtime Initialised.
[16:52:30.888] CSSharp: Loading CSS API, Runtime Config: /media/astral/7DFD-F7FB/Counter-Strike2-Server/cs2/game/csgo/addons/counterstrikesharp/api/CounterStrikeSharp.API.runtimeconfig.json
GameTypes: missing mapgroupsSP entry for game type/mode (custom/custom).
GameTypes: missing mapgroupsSP entry for game type/mode (cooperative/cooperative).
GameTypes: missing mapgroupsSP entry for game type/mode (cooperative/coopmission).
16:52:31 [INFO] (cssharp:Core) CounterStrikeSharp is starting up...
16:52:31 [INFO] (cssharp:CoreConfig) Successfully loaded core configuration
16:52:31 [INFO] (cssharp:GameDataProvider) Successfully loaded 45 game data entries from /media/astral/7DFD-F7FB/Counter-Strike2-Server/cs2/game/csgo/addons/counterstrikesharp/gamedata/gamedata.json
16:52:31 [INFO] (cssharp:Core) Loading Admins from /media/astral/7DFD-F7FB/Counter-Strike2-Server/cs2/game/csgo/addons/counterstrikesharp/configs/admins.json
16:52:31 [INFO] (cssharp:AdminManager) Loaded admin data with 0 admins.
16:52:31 [INFO] (cssharp:Core) Loading Admin Groups from /media/astral/7DFD-F7FB/Counter-Strike2-Server/cs2/game/csgo/addons/counterstrikesharp/configs/admin_groups.json
Admin groups file not found. Skipping admin groups load.
16:52:31 [INFO] (cssharp:Core) Loading Admin Command Overrides from /media/astral/7DFD-F7FB/Counter-Strike2-Server/cs2/game/csgo/addons/counterstrikesharp/configs/admin_overrides.json
Loaded 1 admin command overrides.
16:52:31 [INFO] (cssharp:PluginContext) Loading plugin AdminControlPlugin
[AdminControlPlugin] Plugin loaded successfully!
16:52:31 [INFO] (cssharp:PluginContext) Finished loading plugin Admin Control with MySQL & CFG Sync
[16:52:31.877] CSSharp: CounterStrikeSharp.API Loaded Successfully.
[16:52:31.877] CSSharp: Hooks added.
[AdminControlPlugin] Ban cache loaded successfully. 0 SteamID and 0 IP bans.
[AdminControlPlugin] Mute cache loaded successfully. 0 muted players.
[16:52:32.806] CSSharp: Native d8f03fd4 was invoked on a non-main thread
[S_API] SteamAPI_Init(): Loaded local 'steamclient.so' OK.
[META] Loaded 1 plugin.
Event System loaded 94 events from file: vpk:/media/astral/7DFD-F7FB/Counter-Strike2-Server/cs2/game/core/pak01.vpk:resource/core.gameevents.
Event System loaded 50 events from file: vpk:/media/astral/7DFD-F7FB/Counter-Strike2-Server/cs2/game/csgo/pak01.vpk:resource/game.gameevents.
Event System loaded 145 events from file: vpk:/media/astral/7DFD-F7FB/Counter-Strike2-Server/cs2/game/csgo/pak01.vpk:./resource/mod.gameevents.
CEntitySystem::BuildEntityNetworking (parallel build of server) took 81.136 msecs for 211 out of 293 classes
[STARTUP] {4.424} server module init ok
[Info] - Trampoline - Bounds of relative addresses accessed [0xffffffffffffffff, (nil)]
[Info] - Trampoline - Attempting to allocate trampoline within +-2GB range of 0x7f0d2e420f20
[Info] - Trampoline - Allocated trampoline at 0x7f0dae41f000 (using 1 attempts)
CHostStateMgr::QueueNewRequest( Idle (console), 1 )
Source2Init OK
HostStateRequest::Start(HSR_IDLE):  loop(console) id(1) addons() desc(Idle (console))
SwitchToLoop console requested:  id [1] addons []
Host activate: Idle (console)
Loading map "de_anubis"
CHostStateMgr::QueueNewRequest( Loading (de_anubis), 2 )
Unknown command 'rcon_port'!
HostStateRequest::Start(HSR_GAME):  loop(levelload) id(2) addons() desc(Loading (de_anubis))
SwitchToLoop levelload requested:  id [2] addons []
SV:  Level loading started for 'de_anubis'
CL:  CLoopModeLevelLoad::MaybeSwitchToGameLoop switching to "game" loopmode with addons ()
SwitchToLoop game requested:  id [2] addons []
SteamGameServer_Init()
Setting breakpad minidump AppID = 730
SteamInternal_SetMinidumpSteamID:  Caching Steam ID:  76561197960265728 [API loaded yes]
SteamInternal_SetMinidumpSteamID:  Setting Steam ID:  76561197960265728
Looking up breakpad interfaces from steamclient
Calling BreakpadMiniDumpSystemInit
SteamInternal_SetMinidumpSteamID:  Caching Steam ID:  76561197960265728 [API loaded yes]
SteamInternal_SetMinidumpSteamID:  Setting Steam ID:  76561197960265728
[S_API FAIL] Tried to access Steam interface SteamUtils010 before SteamAPI_Init succeeded.
Setting breakpad minidump AppID = 2347773
[AdminControlPlugin] Ban cache loaded successfully. 0 SteamID and 0 IP bans.
[AdminControlPlugin] Mute cache loaded successfully. 0 muted players.
[16:52:39.449] CSSharp: CGameSystem::BuildGameSessionManifest
[S_API FAIL] Tried to access Steam interface SteamUser023 before SteamAPI_Init succeeded.
[S_API FAIL] Tried to access Steam interface SteamUtils010 before SteamAPI_Init succeeded.
Steam Universe valid after having been requested when invalid.  Universe is now 1
ResetBreakpadAppId: Universe is 1 (k_EUniversePublic)
ResetBreakpadAppId: Setting dedicated server app id: 2347773
SteamGameServer_Init() OK, logging on to Steam
****************************************************
*                                                  *
*  No Steam account token was specified.           *
*  Logging into anonymous game server account.     *
*  Connections will be restricted to LAN only.     *
*                                                  *
*  To create a game server account go to           *
*  http://steamcommunity.com/dev/managegameservers *
*                                                  *
****************************************************
CNetworkSystem::InitGameServer: SteamGameServerNetworking() OK
Initialized low level socket/threading support.
Set SteamNetworkingSockets P2P_STUN_ServerList to '' as per SteamNetworkingSocketsSerialized
CNetworkGameServerBase::SetServerState (ss_dead -> ss_waitingforgamesessionmanifest)
SV:  maxplayers set to 64
Server is hibernating
ResetGameConVarsToDefaults
CSource2Server::ApplyGameSettings game settings payload received:
  ::ExecGameTypeCfg {
    map {
      mapname de_anubis
    }
    launchoptions {
      levelname de_anubis
      mode dedicated
      loadmap int( 1 = 0x1 )
      changelevel int( 0 = 0x0 )
      map de_anubis
      mapgroup 
      requires_attr 
      requires_attr_value int( -1 = 0xFFFFFFFF )
      requires_attr_reward 
      reward_drop_list int( -1 = 0xFFFFFFFF )
      numSlots int( 10 = 0xA )
      c_game_type int( 0 = 0x0 )
      c_game_mode int( 1 = 0x1 )
      default_game_type int( 0 = 0x0 )
      default_game_mode int( 0 = 0x0 )
      ct_arms models/weapons/ct_arms_gign.vmdl
      t_arms models/weapons/t_arms.vmdl
      ct_models {
         ctm_gign
         ctm_gign_variantA
         ctm_gign_variantB
         ctm_gign_variantC
         ctm_gign_variantD
      }
      t_models {
         tm_leet_variantA
         tm_leet_variantB
         tm_leet_variantC
         tm_leet_variantD
         tm_leet_variantE
      }
    }
  }
Created poll group for socket 'server'
SDR RelayNetworkStatus:  avail=Attempting  config=Attempting  anyrelay=Not Attempted   (Attempt #1 to fetch config (only-if-cached) from https://api.steampowered.com/ISteamApps/GetSDRConfig/v1?appid=730)
AuthStatus (invalid):  Waiting  (Waiting for Steam login)
Network socket 'server' opened on port 27015
Initializing CSGO VScript Game System
SV:  Executing server defaults
SV:  Executing dedicated server config file
[STARTUP] {11.648} created game rules
GameTypes: could not find matching game mode value of "" in any game type.
SV:  CGameRulesGameSystem::GameInit installed game rules
LoadResponseSystem scripts/talker/response_rules.vrr - Start
CResponseSystem:  scripts/talker/response_rules.vrr (7681 rules, 811 criteria, and 7681 responses)
LoadResponseSystem scripts/talker/response_rules.vrr - Finish
CPlayerVoiceListener::GameInit()
Entry player was not found in surfaceproperties_footsteps.txt
exec: couldn't exec '{*}cfg/banned_user.cfg', unable to read file
exec: couldn't exec '{*}cfg/banned_ip.cfg', unable to read file
execing server_default.cfg
execing server.cfg
execing gamemode_competitive.cfg
exec: couldn't exec '{*}cfg/gamemode_competitive_server.cfg', unable to read file
Unknown command 'rcon_port'!
Server waking up from hibernation
Unknown command 'mp_weapons_glow_on_ground'!
Unknown command 'sv_gameinstructor_enable'!
Got SDR network config.  Loaded revision 1779399550 OK
SDR RelayNetworkStatus:  avail=Not Attempted  config=OK  anyrelay=Not Attempted   (No need for SDR client network access)
SV:  Connection to Steam servers successful.
SV:  ServerSteamID=[A:1:592416776:49886] (90286251878354952).
[STARTUP] {15.467} logged on to Steam
Gameserver logged on to Steam, assigned identity steamid:90286251878354952
AuthStatus (steamid:90286251878354952):  Attempting  (Requesting cert)
Set SteamNetworkingSockets P2P_STUN_ServerList to '155.133.248.38:3478' as per SteamNetworkingSocketsSerialized
SV:  VAC secure mode is activated.
AuthStatus (steamid:90286251878354952):  OK  (OK)
Certificate expires in 48h00m at 1779997963 (current time 1779825163), will renew in 46h00m
GC Connection established for server version 2000835, instance idx 1
[STARTUP] {16.345} activated session on GC
texturebase.cpp(3486):ResourceHandleToData( maps/de_anubis/lightmaps/direct_light_shadows.vtex ) failed! Falling back to error texture!
texturebase.cpp(3486):ResourceHandleToData( maps/de_anubis/lightmaps/irradiance.vtex ) failed! Falling back to error texture!
texturebase.cpp(3486):ResourceHandleToData( maps/de_anubis/lightmaps/directional_irradiance.vtex ) failed! Falling back to error texture!
CWorldRendererMgr::ServiceWorldRequests long frame: 52.259080ms
SV:  Spawn Server: de_anubis
CSource2Server::ApplyGameSettings game settings payload received:
  ::ExecGameTypeCfg {
    map {
      mapname de_anubis
    }
    launchoptions {
      levelname de_anubis
      mode dedicated
      loadmap int( 1 = 0x1 )
      changelevel int( 0 = 0x0 )
      map de_anubis
      mapgroup 
      requires_attr 
      requires_attr_value int( -1 = 0xFFFFFFFF )
      requires_attr_reward 
      reward_drop_list int( -1 = 0xFFFFFFFF )
      numSlots int( 10 = 0xA )
      c_game_type int( 0 = 0x0 )
      c_game_mode int( 1 = 0x1 )
      default_game_type int( 0 = 0x0 )
      default_game_mode int( 0 = 0x0 )
      ct_arms models/weapons/ct_arms_gign.vmdl
      t_arms models/weapons/t_arms.vmdl
      ct_models {
         ctm_gign
         ctm_gign_variantA
         ctm_gign_variantB
         ctm_gign_variantC
         ctm_gign_variantD
      }
      t_models {
         tm_leet_variantA
         tm_leet_variantB
         tm_leet_variantC
         tm_leet_variantD
         tm_leet_variantE
      }
    }
  }
CNetworkGameServerBase::SetServerState (ss_waitingforgamesessionmanifest -> ss_loading)
Failed loading resource "maps/prefabs/misc/terrorist_team_intro_variant2/world_visibility.vvis_c" (ERROR_FILEOPEN: File not found)
texturebase.cpp(3486):ResourceHandleToData( maps/prefabs/de_anubis/de_anubis_skybox/lightmaps/direct_light_shadows.vtex ) failed! Falling back to error texture!
texturebase.cpp(3486):ResourceHandleToData( maps/prefabs/de_anubis/de_anubis_skybox/lightmaps/irradiance.vtex ) failed! Falling back to error texture!
texturebase.cpp(3486):ResourceHandleToData( maps/prefabs/de_anubis/de_anubis_skybox/lightmaps/directional_irradiance.vtex ) failed! Falling back to error texture!
CNetworkGameServerBase::SetServerState (ss_loading -> ss_active)
SV:  IGameSystem::LoopActivateAllSystems {
HO:  IGameSystem::LoopActivateAllSystems {
HO:  } IGameSystem::LoopActivateAllSystems done
SV:  } IGameSystem::LoopActivateAllSystems done
Created physics for de_anubis
CNavGenParams - Nav mesh requests project default generation parameters but actual parameters
  used during construction differ from defaults. Please re-export the map.
CNavGenParams - Nav mesh requests project default generation parameters but actual parameters
  used during construction differ from defaults. Please re-export the map.
CNavGenParams - Nav mesh requests project default generation parameters but actual parameters
  used during construction differ from defaults. Please re-export the map.
CNavGenParams - Nav mesh requests project default generation parameters but actual parameters
  used during construction differ from defaults. Please re-export the map.
SV:  64 player server started
CSource2Server::GameServerSteamAPIActivated()
ClientPutInServer create new player controller [Bank]
[Bank] cl_interp_ratio='', LerpTime=0
"Bank<0><BOT><Unassigned>" ChangeTeam() CTMDBG , team 0, req team 2 willSwitch 0, 1.08 
ClientPutInServer create new player controller [Voltzmann]
[Voltzmann] cl_interp_ratio='', LerpTime=0
"Voltzmann<1><BOT><Unassigned>" ChangeTeam() CTMDBG , team 0, req team 3 willSwitch 0, 1.08 
Host activate: Loading (de_anubis)
"Bank<0><BOT><TERRORIST>" OnPreResetRound => CTMDBG, team 2  will switch 0 1.09 
"Voltzmann<1><BOT><CT>" OnPreResetRound => CTMDBG, team 3[S_API FAIL] Tried to access Steam interface SteamUtils010 before SteamAPI_Init succeeded.
[16:57:18.465] CSSharp: CGameSystem::Shutdown
Loaded /media/astral/7DFD-F7FB/Counter-Strike2-Server/cs2/game/bin/linuxsteamrt64/libengine2.so, got 0x557d54b2f7e0
Using breakpad crash handler
Setting breakpad minidump AppID = 2347773
Forcing breakpad minidump interfaces to load
dlopen failed trying to load:
/root/.steam/sdk64/steamclient.so
with error:
/root/.steam/sdk64/steamclient.so: não é possível abrir arquivo compartilhado: Permissão negada
Looking up breakpad interfaces from steamclient
Calling BreakpadMiniDumpSystemInit

Console initialized.
Steam AppId(730), BreakpadId(2347771)
InitSteamLogin_Internal: Initializing breakpad.
Steam Universe is invalid, possibly asking before Steam was successfully initialized.
ResetBreakpadAppId: Universe is 0 (k_EUniverseInvalid)
ResetBreakpadAppId: Setting dedicated server app id: 2347773
Loaded libSDL3.so.0, got 0x557d54c4a920
Loaded /media/astral/7DFD-F7FB/Counter-Strike2-Server/cs2/game/bin/linuxsteamrt64/libtier0.so, got 0x557d54b18700
Visibility enabled.
Loaded /media/astral/7DFD-F7FB/Counter-Strike2-Server/cs2/game/bin/linuxsteamrt64/libfilesystem_stdio.so, got 0x557d54c4b2e0
USRLOCAL path not found!
Loaded /media/astral/7DFD-F7FB/Counter-Strike2-Server/cs2/game/bin/linuxsteamrt64/liblocalize.so, got 0x557d54c4bc50
Loaded /media/astral/7DFD-F7FB/Counter-Strike2-Server/cs2/game/bin/linuxsteamrt64/librendersystemempty.so, got 0x557d54c4c190
Loaded /media/astral/7DFD-F7FB/Counter-Strike2-Server/cs2/game/bin/linuxsteamrt64/libresourcesystem.so, got 0x557d54c4cb00
Loaded /media/astral/7DFD-F7FB/Counter-Strike2-Server/cs2/game/bin/linuxsteamrt64/libschemasystem.so, got 0x557d54c4d460
Trying to set dxlevel (111) which is higher than the card can support (110)!
Loaded /media/astral/7DFD-F7FB/Counter-Strike2-Server/cs2/game/bin/linuxsteamrt64/libmaterialsystem2.so, got 0x557d54c4de10
---------------
Path ID:             File Path:
ADDONS               "/media/astral/7DFD-F7FB/Counter-Strike2-Server/cs2/game/csgo_addons/" 
CONTENT              "/media/astral/7DFD-F7FB/Counter-Strike2-Server/cs2/content/csgo/addons/metamod/" 
CONTENT              "/media/astral/7DFD-F7FB/Counter-Strike2-Server/cs2/content/csgo/" 
CONTENT              "/media/astral/7DFD-F7FB/Counter-Strike2-Server/cs2/content/csgo_imported/" 
CONTENT              "/media/astral/7DFD-F7FB/Counter-Strike2-Server/cs2/content/csgo_core/" 
CONTENT              "/media/astral/7DFD-F7FB/Counter-Strike2-Server/cs2/content/core/" 
CONTENTADDONS        "/media/astral/7DFD-F7FB/Counter-Strike2-Server/cs2/content/csgo_addons/" 
CONTENTROOT          "/media/astral/7DFD-F7FB/Counter-Strike2-Server/cs2/content/" 
DEFAULT_WRITE_PATH   "/media/astral/7DFD-F7FB/Counter-Strike2-Server/cs2/game/csgo/addons/metamod/" 
EXECUTABLE_PATH      "/media/astral/7DFD-F7FB/Counter-Strike2-Server/cs2/game/bin/linuxsteamrt64/" 
GAME                 "/media/astral/7DFD-F7FB/Counter-Strike2-Server/cs2/game/csgo/pak01.vpk" (vpk) /media/astral/7DFD-F7FB/Counter-Strike2-Server/cs2/game/csgo/pak01.vpk
GAME                 "/media/astral/7DFD-F7FB/Counter-Strike2-Server/cs2/game/csgo_imported/pak01.vpk" (vpk) /media/astral/7DFD-F7FB/Counter-Strike2-Server/cs2/game/csgo_imported/pak01.vpk
GAME                 "/media/astral/7DFD-F7FB/Counter-Strike2-Server/cs2/game/csgo_core/pak01.vpk" (vpk) /media/astral/7DFD-F7FB/Counter-Strike2-Server/cs2/game/csgo_core/pak01.vpk
GAME                 "/media/astral/7DFD-F7FB/Counter-Strike2-Server/cs2/game/core/pak01.vpk" (vpk) /media/astral/7DFD-F7FB/Counter-Strike2-Server/cs2/game/core/pak01.vpk
GAME                 "/media/astral/7DFD-F7FB/Counter-Strike2-Server/cs2/game/csgo/shaders_vulkan.vpk" (vpk) /media/astral/7DFD-F7FB/Counter-Strike2-Server/cs2/game/csgo/shaders_vulkan.vpk
GAME                 "/media/astral/7DFD-F7FB/Counter-Strike2-Server/cs2/game/csgo_core/shaders_vulkan.vpk" (vpk) /media/astral/7DFD-F7FB/Counter-Strike2-Server/cs2/game/csgo_core/shaders_vulkan.vpk
GAME                 "/media/astral/7DFD-F7FB/Counter-Strike2-Server/cs2/game/core/shaders_vulkan.vpk" (vpk) /media/astral/7DFD-F7FB/Counter-Strike2-Server/cs2/game/core/shaders_vulkan.vpk
GAME                 "/media/astral/7DFD-F7FB/Counter-Strike2-Server/cs2/game/csgo/addons/metamod/" 
GAME                 "/media/astral/7DFD-F7FB/Counter-Strike2-Server/cs2/game/csgo/" 
GAME                 "/media/astral/7DFD-F7FB/Counter-Strike2-Server/cs2/game/csgo_imported/" 
GAME                 "/media/astral/7DFD-F7FB/Counter-Strike2-Server/cs2/game/csgo_core/" 
GAME                 "/media/astral/7DFD-F7FB/Counter-Strike2-Server/cs2/game/core/" 
GAMEBIN              "/media/astral/7DFD-F7FB/Counter-Strike2-Server/cs2/game/csgo/addons/metamod/bin/linuxsteamrt64/" 
GAMEBIN              "/media/astral/7DFD-F7FB/Counter-Strike2-Server/cs2/game/csgo/addons/metamod/bin/" 
GAMEBIN              "/media/astral/7DFD-F7FB/Counter-Strike2-Server/cs2/game/csgo/bin/linuxsteamrt64/" 
GAMEBIN              "/media/astral/7DFD-F7FB/Counter-Strike2-Server/cs2/game/csgo/bin/" 
GAMEBIN              "/media/astral/7DFD-F7FB/Counter-Strike2-Server/cs2/game/csgo_imported/bin/linuxsteamrt64/" 
GAMEBIN              "/media/astral/7DFD-F7FB/Counter-Strike2-Server/cs2/game/csgo_imported/bin/" 
GAMEBIN              "/media/astral/7DFD-F7FB/Counter-Strike2-Server/cs2/game/csgo_core/bin/linuxsteamrt64/" 
GAMEBIN              "/media/astral/7DFD-F7FB/Counter-Strike2-Server/cs2/game/csgo_core/bin/" 
GAMEBIN              "/media/astral/7DFD-F7FB/Counter-Strike2-Server/cs2/game/core/bin/linuxsteamrt64/" 
GAMEBIN              "/media/astral/7DFD-F7FB/Counter-Strike2-Server/cs2/game/core/bin/" 
GAMEROOT             "/media/astral/7DFD-F7FB/Counter-Strike2-Server/cs2/game/" 
MOD                  "/media/astral/7DFD-F7FB/Counter-Strike2-Server/cs2/game/csgo/pak01.vpk" (vpk) /media/astral/7DFD-F7FB/Counter-Strike2-Server/cs2/game/csgo/pak01.vpk
MOD                  "/media/astral/7DFD-F7FB/Counter-Strike2-Server/cs2/game/csgo_imported/pak01.vpk" (vpk) /media/astral/7DFD-F7FB/Counter-Strike2-Server/cs2/game/csgo_imported/pak01.vpk
MOD                  "/media/astral/7DFD-F7FB/Counter-Strike2-Server/cs2/game/csgo_core/pak01.vpk" (vpk) /media/astral/7DFD-F7FB/Counter-Strike2-Server/cs2/game/csgo_core/pak01.vpk
MOD                  "/media/astral/7DFD-F7FB/Counter-Strike2-Server/cs2/game/csgo/" 
MOD                  "/media/astral/7DFD-F7FB/Counter-Strike2-Server/cs2/game/csgo_imported/" 
MOD                  "/media/astral/7DFD-F7FB/Counter-Strike2-Server/cs2/game/csgo_core/" 
OFFICIAL_ADDONS      "/media/astral/7DFD-F7FB/Counter-Strike2-Server/cs2/game/csgo_community_addons/" 
PLATFORM             "/media/astral/7DFD-F7FB/Counter-Strike2-Server/cs2/game/core/pak01.vpk" (vpk) /media/astral/7DFD-F7FB/Counter-Strike2-Server/cs2/game/core/pak01.vpk
PLATFORM             "/media/astral/7DFD-F7FB/Counter-Strike2-Server/cs2/game/core/" 
SHADER_SOURCE        "/media/astral/7DFD-F7FB/Counter-Strike2-Server/cs2/src/shaders/csgo/addons/metamod/" 
SHADER_SOURCE        "/media/astral/7DFD-F7FB/Counter-Strike2-Server/cs2/src/shaders/csgo/" 
SHADER_SOURCE        "/media/astral/7DFD-F7FB/Counter-Strike2-Server/cs2/src/shaders/csgo_imported/" 
SHADER_SOURCE        "/media/astral/7DFD-F7FB/Counter-Strike2-Server/cs2/src/shaders/csgo_core/" 
SHADER_SOURCE        "/media/astral/7DFD-F7FB/Counter-Strike2-Server/cs2/src/shaders/core/" 
SHADER_SOURCE        "/media/astral/7DFD-F7FB/Counter-Strike2-Server/cs2/src/shaders/csgo_community_addons/" 
SHADER_SOURCE_MOD    "/media/astral/7DFD-F7FB/Counter-Strike2-Server/cs2/src/shaders/csgo/addons/metamod/" 
SHADER_SOURCE_ROOT   "/media/astral/7DFD-F7FB/Counter-Strike2-Server/cs2/src/shaders/" 
command line arguments:
-dedicated -nojoy -usercon -port 27018 +map de_anubis
protected command line arguments (stripped from above):
+rcon_password <protected>
Loaded /media/astral/7DFD-F7FB/Counter-Strike2-Server/cs2/game/bin/linuxsteamrt64/libmeshsystem.so, got 0x557d54cbcb00
Loaded /media/astral/7DFD-F7FB/Counter-Strike2-Server/cs2/game/bin/linuxsteamrt64/libworldrenderer.so, got 0x557d54ccf470
Loaded /media/astral/7DFD-F7FB/Counter-Strike2-Server/cs2/game/bin/linuxsteamrt64/libpulse_system.so, got 0x557d54ce2200
Loaded /media/astral/7DFD-F7FB/Counter-Strike2-Server/cs2/game/bin/linuxsteamrt64/libvscript.so, got 0x557d54cf4750
Loaded /media/astral/7DFD-F7FB/Counter-Strike2-Server/cs2/game/bin/linuxsteamrt64/libnetworksystem.so, got 0x557d54d070c0
Loaded /media/astral/7DFD-F7FB/Counter-Strike2-Server/cs2/game/bin/linuxsteamrt64/libanimationsystem.so, got 0x557d54d1b710
Loaded /media/astral/7DFD-F7FB/Counter-Strike2-Server/cs2/game/bin/linuxsteamrt64/libvphysics2.so, got 0x557d54d32ef0
Loaded /media/astral/7DFD-F7FB/Counter-Strike2-Server/cs2/game/bin/linuxsteamrt64/libsoundsystem.so, got 0x557d54d45860
Loaded /media/astral/7DFD-F7FB/Counter-Strike2-Server/cs2/game/bin/linuxsteamrt64/libscenesystem.so, got 0x557d54d5dc90
Network System Initialized
MOD desires lightbinner GPU but is unsupported by HW (SupportsCompute=0 CubeMapArrays=0)
Loaded /media/astral/7DFD-F7FB/Counter-Strike2-Server/cs2/game/bin/linuxsteamrt64/libserver_valve.so, got (nil)
Loaded libserver_valve.so, got (nil)
Loaded /media/astral/7DFD-F7FB/Counter-Strike2-Server/cs2/game/csgo/addons/metamod/bin/linuxsteamrt64/libserver.so, got 0x557d54d75850
Loaded /media/astral/7DFD-F7FB/Counter-Strike2-Server/cs2/game/bin/linuxsteamrt64/libengine2.so, got 0x557d54b2f7e0
Physics Console Communications is not initialized
Loaded /media/astral/7DFD-F7FB/Counter-Strike2-Server/cs2/game/csgo/bin/linuxsteamrt64/libhost.so, got 0x557d54db9000
Loaded /media/astral/7DFD-F7FB/Counter-Strike2-Server/cs2/game/bin/linuxsteamrt64/libscenefilecache.so, got 0x557d54dcc8e0
Loaded /media/astral/7DFD-F7FB/Counter-Strike2-Server/cs2/game/bin/linuxsteamrt64/libparticles.so, got 0x557d54ddf250
Loaded /media/astral/7DFD-F7FB/Counter-Strike2-Server/cs2/game/csgo/bin/linuxsteamrt64/libmatchmaking.so, got 0x557d54df3060
Loaded /media/astral/7DFD-F7FB/Counter-Strike2-Server/cs2/game/bin/linuxsteamrt64/libv8system.so, got 0x557d54e076c0
[20:29:19.939] CSSharp: Initializing with command line: "/media/astral/7DFD-F7FB/Counter-Strike2-Server/cs2/game/bin/linuxsteamrt64/cs2" /media/astral/7DFD-F7FB/Counter-Strike2-Server/cs2/game/bin/linuxsteamrt64/cs2 -dedicated -nojoy -usercon -port 27018 +map de_anubis +rcon_password GZPWA3PyZ7zonPf
[20:29:19.940] CSSharp: Current root directory: /media/astral/7DFD-F7FB/Counter-Strike2-Server/cs2/game/csgo/addons/counterstrikesharp
[20:29:19.962] CSSharp: CoreConfig loaded.
[20:29:19.962] CSSharp: Auto-update is not currently supported on this platform.
[20:29:20.402] CSSharp: Copying bytes from disk for /media/astral/7DFD-F7FB/Counter-Strike2-Server/cs2/game/bin/linuxsteamrt64/libengine2.so
[20:29:22.159] CSSharp: Copying bytes from disk for /media/astral/7DFD-F7FB/Counter-Strike2-Server/cs2/game/bin/linuxsteamrt64/../../csgo/bin/linuxsteamrt64//libserver.so
[20:29:23.486] CSSharp: Globals loaded.
[20:29:23.599] CSSharp: Initialized GameSystem.
[20:29:23.599] CSSharp: Loading .NET runtime...
[20:29:23.599] CSSharp: Loading hostfxr from /media/astral/7DFD-F7FB/Counter-Strike2-Server/cs2/game/csgo/addons/counterstrikesharp/dotnet/host/fxr/8.0.3/libhostfxr.so
[20:29:23.643] CSSharp: .NET Runtime Initialised.
[20:29:23.643] CSSharp: Loading CSS API, Runtime Config: /media/astral/7DFD-F7FB/Counter-Strike2-Server/cs2/game/csgo/addons/counterstrikesharp/api/CounterStrikeSharp.API.runtimeconfig.json
GameTypes: missing mapgroupsSP entry for game type/mode (custom/custom).
GameTypes: missing mapgroupsSP entry for game type/mode (cooperative/cooperative).
GameTypes: missing mapgroupsSP entry for game type/mode (cooperative/coopmission).
20:29:26 [INFO] (cssharp:Core) CounterStrikeSharp is starting up...
20:29:27 [INFO] (cssharp:CoreConfig) Successfully loaded core configuration
20:29:27 [INFO] (cssharp:GameDataProvider) Successfully loaded 45 game data entries from /media/astral/7DFD-F7FB/Counter-Strike2-Server/cs2/game/csgo/addons/counterstrikesharp/gamedata/gamedata.json
20:29:27 [INFO] (cssharp:Core) Loading Admins from /media/astral/7DFD-F7FB/Counter-Strike2-Server/cs2/game/csgo/addons/counterstrikesharp/configs/admins.json
20:29:27 [INFO] (cssharp:AdminManager) Loaded admin data with 0 admins.
20:29:27 [INFO] (cssharp:Core) Loading Admin Groups from /media/astral/7DFD-F7FB/Counter-Strike2-Server/cs2/game/csgo/addons/counterstrikesharp/configs/admin_groups.json
Admin groups file not found. Skipping admin groups load.
20:29:27 [INFO] (cssharp:Core) Loading Admin Command Overrides from /media/astral/7DFD-F7FB/Counter-Strike2-Server/cs2/game/csgo/addons/counterstrikesharp/configs/admin_overrides.json
Loaded 1 admin command overrides.
20:29:28 [INFO] (cssharp:PluginContext) Loading plugin AdminControlPlugin
[AdminControlPlugin] Plugin loaded successfully!
20:29:28 [INFO] (cssharp:PluginContext) Finished loading plugin Admin Control with MySQL & CFG Sync
[20:29:28.973] CSSharp: CounterStrikeSharp.API Loaded Successfully.
[20:29:28.973] CSSharp: Hooks added.
[AdminControlPlugin] Ban cache loaded successfully. 0 SteamID and 0 IP bans.
[AdminControlPlugin] Mute cache loaded successfully. 0 muted players.
[20:29:30.236] CSSharp: Native d8f03fd4 was invoked on a non-main thread
[S_API] SteamAPI_Init(): Loaded local 'steamclient.so' OK.
[META] Loaded 1 plugin.
Event System loaded 94 events from file: vpk:/media/astral/7DFD-F7FB/Counter-Strike2-Server/cs2/game/core/pak01.vpk:resource/core.gameevents.
Event System loaded 50 events from file: vpk:/media/astral/7DFD-F7FB/Counter-Strike2-Server/cs2/game/csgo/pak01.vpk:resource/game.gameevents.
Event System loaded 145 events from file: vpk:/media/astral/7DFD-F7FB/Counter-Strike2-Server/cs2/game/csgo/pak01.vpk:./resource/mod.gameevents.
CEntitySystem::BuildEntityNetworking (parallel build of server) took 40.663 msecs for 211 out of 293 classes
[STARTUP] {25.955} server module init ok
[Info] - Trampoline - Bounds of relative addresses accessed [0xffffffffffffffff, (nil)]
[Info] - Trampoline - Attempting to allocate trampoline within +-2GB range of 0x7f38924c7f20
[Info] - Trampoline - Allocated trampoline at 0x7f39124c6000 (using 1 attempts)
CHostStateMgr::QueueNewRequest( Idle (console), 1 )
Source2Init OK
HostStateRequest::Start(HSR_IDLE):  loop(console) id(1) addons() desc(Idle (console))
SwitchToLoop console requested:  id [1] addons []
Host activate: Idle (console)
Loading map "de_anubis"
CHostStateMgr::QueueNewRequest( Loading (de_anubis), 2 )
HostStateRequest::Start(HSR_GAME):  loop(levelload) id(2) addons() desc(Loading (de_anubis))
SwitchToLoop levelload requested:  id [2] addons []
SV:  Level loading started for 'de_anubis'
CL:  CLoopModeLevelLoad::MaybeSwitchToGameLoop switching to "game" loopmode with addons ()
SwitchToLoop game requested:  id [2] addons []
SteamGameServer_Init()
Setting breakpad minidump AppID = 730
SteamInternal_SetMinidumpSteamID:  Caching Steam ID:  76561197960265728 [API loaded yes]
SteamInternal_SetMinidumpSteamID:  Setting Steam ID:  76561197960265728
Looking up breakpad interfaces from steamclient
Calling BreakpadMiniDumpSystemInit
SteamInternal_SetMinidumpSteamID:  Caching Steam ID:  76561197960265728 [API loaded yes]
SteamInternal_SetMinidumpSteamID:  Setting Steam ID:  76561197960265728
[S_API FAIL] Tried to access Steam interface SteamUtils010 before SteamAPI_Init succeeded.
Setting breakpad minidump AppID = 2347773
[AdminControlPlugin] Ban cache loaded successfully. 0 SteamID and 0 IP bans.
[AdminControlPlugin] Mute cache loaded successfully. 0 muted players.
[20:29:50.073] CSSharp: CGameSystem::BuildGameSessionManifest
[S_API FAIL] Tried to access Steam interface SteamUser023 before SteamAPI_Init succeeded.
[S_API FAIL] Tried to access Steam interface SteamUtils010 before SteamAPI_Init succeeded.
IPC function call IClientUtils::GetSteamRealm took too long: 46 msec
Steam Universe valid after having been requested when invalid.  Universe is now 1
ResetBreakpadAppId: Universe is 1 (k_EUniversePublic)
ResetBreakpadAppId: Setting dedicated server app id: 2347773
SteamGameServer_Init() OK, logging on to Steam
****************************************************
*                                                  *
*  No Steam account token was specified.           *
*  Logging into anonymous game server account.     *
*  Connections will be restricted to LAN only.     *
*                                                  *
*  To create a game server account go to           *
*  http://steamcommunity.com/dev/managegameservers *
*                                                  *
****************************************************
CNetworkSystem::InitGameServer: SteamGameServerNetworking() OK
Initialized low level socket/threading support.
Set SteamNetworkingSockets P2P_STUN_ServerList to '' as per SteamNetworkingSocketsSerialized
CNetworkGameServerBase::SetServerState (ss_dead -> ss_waitingforgamesessionmanifest)
SV:  maxplayers set to 64
Server is hibernating
ResetGameConVarsToDefaults
CSource2Server::ApplyGameSettings game settings payload received:
  ::ExecGameTypeCfg {
    map {
      mapname de_anubis
    }
    launchoptions {
      levelname de_anubis
      mode dedicated
      loadmap int( 1 = 0x1 )
      changelevel int( 0 = 0x0 )
      map de_anubis
      mapgroup 
      requires_attr 
      requires_attr_value int( -1 = 0xFFFFFFFF )
      requires_attr_reward 
      reward_drop_list int( -1 = 0xFFFFFFFF )
      numSlots int( 10 = 0xA )
      c_game_type int( 0 = 0x0 )
      c_game_mode int( 1 = 0x1 )
      default_game_type int( 0 = 0x0 )
      default_game_mode int( 0 = 0x0 )
      ct_arms models/weapons/ct_arms_gign.vmdl
      t_arms models/weapons/t_arms.vmdl
      ct_models {
         ctm_gign
         ctm_gign_variantA
         ctm_gign_variantB
         ctm_gign_variantC
         ctm_gign_variantD
      }
      t_models {
         tm_leet_variantA
         tm_leet_variantB
         tm_leet_variantC
         tm_leet_variantD
         tm_leet_variantE
      }
    }
  }
Created poll group for socket 'server'
SDR RelayNetworkStatus:  avail=Attempting  config=Attempting  anyrelay=Not Attempted   (Attempt #1 to fetch config (only-if-cached) from https://api.steampowered.com/ISteamApps/GetSDRConfig/v1?appid=730)
AuthStatus (invalid):  Waiting  (Waiting for Steam login)
Network socket 'server' opened on port 27018
Initializing CSGO VScript Game System
SV:  Executing server defaults
SV:  Executing dedicated server config file
[STARTUP] {46.347} created game rules
GameTypes: could not find matching game mode value of "" in any game type.
SV:  CGameRulesGameSystem::GameInit installed game rules
LoadResponseSystem scripts/talker/response_rules.vrr - Start
CResponseSystem:  scripts/talker/response_rules.vrr (7681 rules, 811 criteria, and 7681 responses)
LoadResponseSystem scripts/talker/response_rules.vrr - Finish
CPlayerVoiceListener::GameInit()
Entry player was not found in surfaceproperties_footsteps.txt
exec: couldn't exec '{*}cfg/banned_user.cfg', unable to read file
exec: couldn't exec '{*}cfg/banned_ip.cfg', unable to read file
execing server_default.cfg
execing server.cfg
execing gamemode_competitive.cfg
exec: couldn't exec '{*}cfg/gamemode_competitive_server.cfg', unable to read file
Unknown command 'rcon_port'!
Server waking up from hibernation
Unknown command 'mp_weapons_glow_on_ground'!
Unknown command 'sv_gameinstructor_enable'!
Got SDR network config.  Loaded revision 1779399550 OK
SDR RelayNetworkStatus:  avail=Not Attempted  config=OK  anyrelay=Not Attempted   (No need for SDR client network access)
SV:  Connection to Steam servers successful.
SV:  ServerSteamID=[A:1:2249998344:49888] (90286262125871112).
[STARTUP] {47.697} logged on to Steam
Gameserver logged on to Steam, assigned identity steamid:90286262125871112
AuthStatus (steamid:90286262125871112):  Attempting  (Requesting cert)
Set SteamNetworkingSockets P2P_STUN_ServerList to '155.133.227.39:3478' as per SteamNetworkingSocketsSerialized
SV:  VAC secure mode is activated.
AuthStatus (steamid:90286262125871112):  OK  (OK)
Certificate expires in 48h00m at 1780010991 (current time 1779838191), will renew in 46h00m
GC Connection established for server version 2000835, instance idx 1
[STARTUP] {48.136} activated session on GC
texturebase.cpp(3486):ResourceHandleToData( maps/de_anubis/lightmaps/direct_light_shadows.vtex ) failed! Falling back to error texture!
texturebase.cpp(3486):ResourceHandleToData( maps/de_anubis/lightmaps/irradiance.vtex ) failed! Falling back to error texture!
texturebase.cpp(3486):ResourceHandleToData( maps/de_anubis/lightmaps/directional_irradiance.vtex ) failed! Falling back to error texture!
CWorldRendererMgr::ServiceWorldRequests long frame: 130.292992ms
SV:  Spawn Server: de_anubis
CSource2Server::ApplyGameSettings game settings payload received:
  ::ExecGameTypeCfg {
    map {
      mapname de_anubis
    }
    launchoptions {
      levelname de_anubis
      mode dedicated
      loadmap int( 1 = 0x1 )
      changelevel int( 0 = 0x0 )
      map de_anubis
      mapgroup 
      requires_attr 
      requires_attr_value int( -1 = 0xFFFFFFFF )
      requires_attr_reward 
      reward_drop_list int( -1 = 0xFFFFFFFF )
      numSlots int( 10 = 0xA )
      c_game_type int( 0 = 0x0 )
      c_game_mode int( 1 = 0x1 )
      default_game_type int( 0 = 0x0 )
      default_game_mode int( 0 = 0x0 )
      ct_arms models/weapons/ct_arms_gign.vmdl
      t_arms models/weapons/t_arms.vmdl
      ct_models {
         ctm_gign
         ctm_gign_variantA
         ctm_gign_variantB
         ctm_gign_variantC
         ctm_gign_variantD
      }
      t_models {
         tm_leet_variantA
         tm_leet_variantB
         tm_leet_variantC
         tm_leet_variantD
         tm_leet_variantE
      }
    }
  }
CNetworkGameServerBase::SetServerState (ss_waitingforgamesessionmanifest -> ss_loading)
Failed loading resource "maps/prefabs/misc/terrorist_team_intro_variant2/world_visibility.vvis_c" (ERROR_FILEOPEN: File not found)
texturebase.cpp(3486):ResourceHandleToData( maps/prefabs/de_anubis/de_anubis_skybox/lightmaps/direct_light_shadows.vtex ) failed! Falling back to error texture!
texturebase.cpp(3486):ResourceHandleToData( maps/prefabs/de_anubis/de_anubis_skybox/lightmaps/irradiance.vtex ) failed! Falling back to error texture!
texturebase.cpp(3486):ResourceHandleToData( maps/prefabs/de_anubis/de_anubis_skybox/lightmaps/directional_irradiance.vtex ) failed! Falling back to error texture!
CNetworkGameServerBase::SetServerState (ss_loading -> ss_active)
SV:  IGameSystem::LoopActivateAllSystems {
HO:  IGameSystem::LoopActivateAllSystems {
HO:  } IGameSystem::LoopActivateAllSystems done
SV:  } IGameSystem::LoopActivateAllSystems done
Created physics for de_anubis
CNavGenParams - Nav mesh requests project default generation parameters but actual parameters
  used during construction differ from defaults. Please re-export the map.
CNavGenParams - Nav mesh requests project default generation parameters but actual parameters
  used during construction differ from defaults. Please re-export the map.
CNavGenParams - Nav mesh requests project default generation parameters but actual parameters
  used during construction differ from defaults. Please re-export the map.
CNavGenParams - Nav mesh requests project default generation parameters but actual parameters
  used during construction differ from defaults. Please re-export the map.
SV:  64 player server started
CSource2Server::GameServerSteamAPIActivated()
ClientPutInServer create new player controller [Seal]
[Seal] cl_interp_ratio='', LerpTime=0
"Seal<0><BOT><Unassigned>" ChangeTeam() CTMDBG , team 0, req team 2 willSwitch 0, 1.70 
ClientPutInServer create new player controller [K]
[K] cl_interp_ratio='', LerpTime=0
"K<1><BOT><Unassigned>" ChangeTeam() CTMDBG , team 0, req team 3 willSwitch 0, 1.70 
Host activate: Loading (de_anubis)
"Seal<0><BOT><TERRORIST>" OnPreResetRound => CTMDBG, team 2  will switch 0 1.72 
"K<1><BOT>[S_API FAIL] Tried to access Steam interface SteamUtils010 before SteamAPI_Init succeeded.
[20:30:49.134] CSSharp: CGameSystem::Shutdown
Loaded /media/astral/7DFD-F7FB/Counter-Strike2-Server/cs2/game/bin/linuxsteamrt64/libengine2.so, got 0x55f0b51457e0
Using breakpad crash handler
Setting breakpad minidump AppID = 2347773
Forcing breakpad minidump interfaces to load
dlopen failed trying to load:
/root/.steam/sdk64/steamclient.so
with error:
/root/.steam/sdk64/steamclient.so: não é possível abrir arquivo compartilhado: Permissão negada
Looking up breakpad interfaces from steamclient
Calling BreakpadMiniDumpSystemInit

Console initialized.
Steam AppId(730), BreakpadId(2347771)
InitSteamLogin_Internal: Initializing breakpad.
Steam Universe is invalid, possibly asking before Steam was successfully initialized.
ResetBreakpadAppId: Universe is 0 (k_EUniverseInvalid)
ResetBreakpadAppId: Setting dedicated server app id: 2347773
Loaded libSDL3.so.0, got 0x55f0b5260920
Loaded /media/astral/7DFD-F7FB/Counter-Strike2-Server/cs2/game/bin/linuxsteamrt64/libtier0.so, got 0x55f0b512e700
Visibility enabled.
Loaded /media/astral/7DFD-F7FB/Counter-Strike2-Server/cs2/game/bin/linuxsteamrt64/libfilesystem_stdio.so, got 0x55f0b52612e0
USRLOCAL path not found!
Loaded /media/astral/7DFD-F7FB/Counter-Strike2-Server/cs2/game/bin/linuxsteamrt64/liblocalize.so, got 0x55f0b5261c50
Loaded /media/astral/7DFD-F7FB/Counter-Strike2-Server/cs2/game/bin/linuxsteamrt64/librendersystemempty.so, got 0x55f0b5262190
Loaded /media/astral/7DFD-F7FB/Counter-Strike2-Server/cs2/game/bin/linuxsteamrt64/libresourcesystem.so, got 0x55f0b5262b00
Loaded /media/astral/7DFD-F7FB/Counter-Strike2-Server/cs2/game/bin/linuxsteamrt64/libschemasystem.so, got 0x55f0b5263460
Trying to set dxlevel (111) which is higher than the card can support (110)!
Loaded /media/astral/7DFD-F7FB/Counter-Strike2-Server/cs2/game/bin/linuxsteamrt64/libmaterialsystem2.so, got 0x55f0b5263ba0
---------------
Path ID:             File Path:
ADDONS               "/media/astral/7DFD-F7FB/Counter-Strike2-Server/cs2/game/csgo_addons/" 
CONTENT              "/media/astral/7DFD-F7FB/Counter-Strike2-Server/cs2/content/csgo/addons/metamod/" 
CONTENT              "/media/astral/7DFD-F7FB/Counter-Strike2-Server/cs2/content/csgo/" 
CONTENT              "/media/astral/7DFD-F7FB/Counter-Strike2-Server/cs2/content/csgo_imported/" 
CONTENT              "/media/astral/7DFD-F7FB/Counter-Strike2-Server/cs2/content/csgo_core/" 
CONTENT              "/media/astral/7DFD-F7FB/Counter-Strike2-Server/cs2/content/core/" 
CONTENTADDONS        "/media/astral/7DFD-F7FB/Counter-Strike2-Server/cs2/content/csgo_addons/" 
CONTENTROOT          "/media/astral/7DFD-F7FB/Counter-Strike2-Server/cs2/content/" 
DEFAULT_WRITE_PATH   "/media/astral/7DFD-F7FB/Counter-Strike2-Server/cs2/game/csgo/addons/metamod/" 
EXECUTABLE_PATH      "/media/astral/7DFD-F7FB/Counter-Strike2-Server/cs2/game/bin/linuxsteamrt64/" 
GAME                 "/media/astral/7DFD-F7FB/Counter-Strike2-Server/cs2/game/csgo/pak01.vpk" (vpk) /media/astral/7DFD-F7FB/Counter-Strike2-Server/cs2/game/csgo/pak01.vpk
GAME                 "/media/astral/7DFD-F7FB/Counter-Strike2-Server/cs2/game/csgo_imported/pak01.vpk" (vpk) /media/astral/7DFD-F7FB/Counter-Strike2-Server/cs2/game/csgo_imported/pak01.vpk
GAME                 "/media/astral/7DFD-F7FB/Counter-Strike2-Server/cs2/game/csgo_core/pak01.vpk" (vpk) /media/astral/7DFD-F7FB/Counter-Strike2-Server/cs2/game/csgo_core/pak01.vpk
GAME                 "/media/astral/7DFD-F7FB/Counter-Strike2-Server/cs2/game/core/pak01.vpk" (vpk) /media/astral/7DFD-F7FB/Counter-Strike2-Server/cs2/game/core/pak01.vpk
GAME                 "/media/astral/7DFD-F7FB/Counter-Strike2-Server/cs2/game/csgo/shaders_vulkan.vpk" (vpk) /media/astral/7DFD-F7FB/Counter-Strike2-Server/cs2/game/csgo/shaders_vulkan.vpk
GAME                 "/media/astral/7DFD-F7FB/Counter-Strike2-Server/cs2/game/csgo_core/shaders_vulkan.vpk" (vpk) /media/astral/7DFD-F7FB/Counter-Strike2-Server/cs2/game/csgo_core/shaders_vulkan.vpk
GAME                 "/media/astral/7DFD-F7FB/Counter-Strike2-Server/cs2/game/core/shaders_vulkan.vpk" (vpk) /media/astral/7DFD-F7FB/Counter-Strike2-Server/cs2/game/core/shaders_vulkan.vpk
GAME                 "/media/astral/7DFD-F7FB/Counter-Strike2-Server/cs2/game/csgo/addons/metamod/" 
GAME                 "/media/astral/7DFD-F7FB/Counter-Strike2-Server/cs2/game/csgo/" 
GAME                 "/media/astral/7DFD-F7FB/Counter-Strike2-Server/cs2/game/csgo_imported/" 
GAME                 "/media/astral/7DFD-F7FB/Counter-Strike2-Server/cs2/game/csgo_core/" 
GAME                 "/media/astral/7DFD-F7FB/Counter-Strike2-Server/cs2/game/core/" 
GAMEBIN              "/media/astral/7DFD-F7FB/Counter-Strike2-Server/cs2/game/csgo/addons/metamod/bin/linuxsteamrt64/" 
GAMEBIN              "/media/astral/7DFD-F7FB/Counter-Strike2-Server/cs2/game/csgo/addons/metamod/bin/" 
GAMEBIN              "/media/astral/7DFD-F7FB/Counter-Strike2-Server/cs2/game/csgo/bin/linuxsteamrt64/" 
GAMEBIN              "/media/astral/7DFD-F7FB/Counter-Strike2-Server/cs2/game/csgo/bin/" 
GAMEBIN              "/media/astral/7DFD-F7FB/Counter-Strike2-Server/cs2/game/csgo_imported/bin/linuxsteamrt64/" 
GAMEBIN              "/media/astral/7DFD-F7FB/Counter-Strike2-Server/cs2/game/csgo_imported/bin/" 
GAMEBIN              "/media/astral/7DFD-F7FB/Counter-Strike2-Server/cs2/game/csgo_core/bin/linuxsteamrt64/" 
GAMEBIN              "/media/astral/7DFD-F7FB/Counter-Strike2-Server/cs2/game/csgo_core/bin/" 
GAMEBIN              "/media/astral/7DFD-F7FB/Counter-Strike2-Server/cs2/game/core/bin/linuxsteamrt64/" 
GAMEBIN              "/media/astral/7DFD-F7FB/Counter-Strike2-Server/cs2/game/core/bin/" 
GAMEROOT             "/media/astral/7DFD-F7FB/Counter-Strike2-Server/cs2/game/" 
MOD                  "/media/astral/7DFD-F7FB/Counter-Strike2-Server/cs2/game/csgo/pak01.vpk" (vpk) /media/astral/7DFD-F7FB/Counter-Strike2-Server/cs2/game/csgo/pak01.vpk
MOD                  "/media/astral/7DFD-F7FB/Counter-Strike2-Server/cs2/game/csgo_imported/pak01.vpk" (vpk) /media/astral/7DFD-F7FB/Counter-Strike2-Server/cs2/game/csgo_imported/pak01.vpk
MOD                  "/media/astral/7DFD-F7FB/Counter-Strike2-Server/cs2/game/csgo_core/pak01.vpk" (vpk) /media/astral/7DFD-F7FB/Counter-Strike2-Server/cs2/game/csgo_core/pak01.vpk
MOD                  "/media/astral/7DFD-F7FB/Counter-Strike2-Server/cs2/game/csgo/" 
MOD                  "/media/astral/7DFD-F7FB/Counter-Strike2-Server/cs2/game/csgo_imported/" 
MOD                  "/media/astral/7DFD-F7FB/Counter-Strike2-Server/cs2/game/csgo_core/" 
OFFICIAL_ADDONS      "/media/astral/7DFD-F7FB/Counter-Strike2-Server/cs2/game/csgo_community_addons/" 
PLATFORM             "/media/astral/7DFD-F7FB/Counter-Strike2-Server/cs2/game/core/pak01.vpk" (vpk) /media/astral/7DFD-F7FB/Counter-Strike2-Server/cs2/game/core/pak01.vpk
PLATFORM             "/media/astral/7DFD-F7FB/Counter-Strike2-Server/cs2/game/core/" 
SHADER_SOURCE        "/media/astral/7DFD-F7FB/Counter-Strike2-Server/cs2/src/shaders/csgo/addons/metamod/" 
SHADER_SOURCE        "/media/astral/7DFD-F7FB/Counter-Strike2-Server/cs2/src/shaders/csgo/" 
SHADER_SOURCE        "/media/astral/7DFD-F7FB/Counter-Strike2-Server/cs2/src/shaders/csgo_imported/" 
SHADER_SOURCE        "/media/astral/7DFD-F7FB/Counter-Strike2-Server/cs2/src/shaders/csgo_core/" 
SHADER_SOURCE        "/media/astral/7DFD-F7FB/Counter-Strike2-Server/cs2/src/shaders/core/" 
SHADER_SOURCE        "/media/astral/7DFD-F7FB/Counter-Strike2-Server/cs2/src/shaders/csgo_community_addons/" 
SHADER_SOURCE_MOD    "/media/astral/7DFD-F7FB/Counter-Strike2-Server/cs2/src/shaders/csgo/addons/metamod/" 
SHADER_SOURCE_ROOT   "/media/astral/7DFD-F7FB/Counter-Strike2-Server/cs2/src/shaders/" 
command line arguments:
-dedicated -nojoy -usercon -port 27018 +map de_anubis
protected command line arguments (stripped from above):
+rcon_password <protected>
Loaded /media/astral/7DFD-F7FB/Counter-Strike2-Server/cs2/game/bin/linuxsteamrt64/libmeshsystem.so, got 0x55f0b52d28e0
Loaded /media/astral/7DFD-F7FB/Counter-Strike2-Server/cs2/game/bin/linuxsteamrt64/libworldrenderer.so, got 0x55f0b52e5250
Loaded /media/astral/7DFD-F7FB/Counter-Strike2-Server/cs2/game/bin/linuxsteamrt64/libpulse_system.so, got 0x55f0b52f7fe0
Loaded /media/astral/7DFD-F7FB/Counter-Strike2-Server/cs2/game/bin/linuxsteamrt64/libvscript.so, got 0x55f0b530a530
Loaded /media/astral/7DFD-F7FB/Counter-Strike2-Server/cs2/game/bin/linuxsteamrt64/libnetworksystem.so, got 0x55f0b531cea0
Loaded /media/astral/7DFD-F7FB/Counter-Strike2-Server/cs2/game/bin/linuxsteamrt64/libanimationsystem.so, got 0x55f0b53314f0
Loaded /media/astral/7DFD-F7FB/Counter-Strike2-Server/cs2/game/bin/linuxsteamrt64/libvphysics2.so, got 0x55f0b5348cd0
Loaded /media/astral/7DFD-F7FB/Counter-Strike2-Server/cs2/game/bin/linuxsteamrt64/libsoundsystem.so, got 0x55f0b535b640
Loaded /media/astral/7DFD-F7FB/Counter-Strike2-Server/cs2/game/bin/linuxsteamrt64/libscenesystem.so, got 0x55f0b5373a70
Network System Initialized
MOD desires lightbinner GPU but is unsupported by HW (SupportsCompute=0 CubeMapArrays=0)
Loaded /media/astral/7DFD-F7FB/Counter-Strike2-Server/cs2/game/bin/linuxsteamrt64/libserver_valve.so, got (nil)
Loaded libserver_valve.so, got (nil)
Loaded /media/astral/7DFD-F7FB/Counter-Strike2-Server/cs2/game/csgo/addons/metamod/bin/linuxsteamrt64/libserver.so, got 0x55f0b538b630
Loaded /media/astral/7DFD-F7FB/Counter-Strike2-Server/cs2/game/bin/linuxsteamrt64/libengine2.so, got 0x55f0b51457e0
Physics Console Communications is not initialized
Loaded /media/astral/7DFD-F7FB/Counter-Strike2-Server/cs2/game/csgo/bin/linuxsteamrt64/libhost.so, got 0x55f0b53cede0
Loaded /media/astral/7DFD-F7FB/Counter-Strike2-Server/cs2/game/bin/linuxsteamrt64/libscenefilecache.so, got 0x55f0b53e26c0
Loaded /media/astral/7DFD-F7FB/Counter-Strike2-Server/cs2/game/bin/linuxsteamrt64/libparticles.so, got 0x55f0b53f5030
Loaded /media/astral/7DFD-F7FB/Counter-Strike2-Server/cs2/game/csgo/bin/linuxsteamrt64/libmatchmaking.so, got 0x55f0b5408e40
Loaded /media/astral/7DFD-F7FB/Counter-Strike2-Server/cs2/game/bin/linuxsteamrt64/libv8system.so, got 0x55f0b541d4a0
[20:31:08.828] CSSharp: Initializing with command line: "/media/astral/7DFD-F7FB/Counter-Strike2-Server/cs2/game/bin/linuxsteamrt64/cs2" /media/astral/7DFD-F7FB/Counter-Strike2-Server/cs2/game/bin/linuxsteamrt64/cs2 -dedicated -nojoy -usercon -port 27018 +map de_anubis +rcon_password GZPWA3PyZ7zonPf
[20:31:08.828] CSSharp: Current root directory: /media/astral/7DFD-F7FB/Counter-Strike2-Server/cs2/game/csgo/addons/counterstrikesharp
[20:31:08.828] CSSharp: CoreConfig loaded.
[20:31:08.828] CSSharp: Auto-update is not currently supported on this platform.
[20:31:08.880] CSSharp: Copying bytes from disk for /media/astral/7DFD-F7FB/Counter-Strike2-Server/cs2/game/bin/linuxsteamrt64/libengine2.so
[20:31:09.104] CSSharp: Copying bytes from disk for /media/astral/7DFD-F7FB/Counter-Strike2-Server/cs2/game/bin/linuxsteamrt64/../../csgo/bin/linuxsteamrt64//libserver.so
[20:31:09.199] CSSharp: Globals loaded.
[20:31:09.296] CSSharp: Initialized GameSystem.
[20:31:09.296] CSSharp: Loading .NET runtime...
[20:31:09.296] CSSharp: Loading hostfxr from /media/astral/7DFD-F7FB/Counter-Strike2-Server/cs2/game/csgo/addons/counterstrikesharp/dotnet/host/fxr/8.0.3/libhostfxr.so
[20:31:09.296] CSSharp: .NET Runtime Initialised.
[20:31:09.296] CSSharp: Loading CSS API, Runtime Config: /media/astral/7DFD-F7FB/Counter-Strike2-Server/cs2/game/csgo/addons/counterstrikesharp/api/CounterStrikeSharp.API.runtimeconfig.json
GameTypes: missing mapgroupsSP entry for game type/mode (custom/custom).
GameTypes: missing mapgroupsSP entry for game type/mode (cooperative/cooperative).
GameTypes: missing mapgroupsSP entry for game type/mode (cooperative/coopmission).
20:31:09 [INFO] (cssharp:Core) CounterStrikeSharp is starting up...
20:31:09 [INFO] (cssharp:CoreConfig) Successfully loaded core configuration
20:31:09 [INFO] (cssharp:GameDataProvider) Successfully loaded 45 game data entries from /media/astral/7DFD-F7FB/Counter-Strike2-Server/cs2/game/csgo/addons/counterstrikesharp/gamedata/gamedata.json
20:31:09 [INFO] (cssharp:Core) Loading Admins from /media/astral/7DFD-F7FB/Counter-Strike2-Server/cs2/game/csgo/addons/counterstrikesharp/configs/admins.json
20:31:09 [INFO] (cssharp:AdminManager) Loaded admin data with 0 admins.
20:31:09 [INFO] (cssharp:Core) Loading Admin Groups from /media/astral/7DFD-F7FB/Counter-Strike2-Server/cs2/game/csgo/addons/counterstrikesharp/configs/admin_groups.json
Admin groups file not found. Skipping admin groups load.
20:31:09 [INFO] (cssharp:Core) Loading Admin Command Overrides from /media/astral/7DFD-F7FB/Counter-Strike2-Server/cs2/game/csgo/addons/counterstrikesharp/configs/admin_overrides.json
Loaded 1 admin command overrides.
20:31:09 [INFO] (cssharp:PluginContext) Loading plugin AdminControlPlugin
[AdminControlPlugin] Plugin loaded successfully!
20:31:09 [INFO] (cssharp:PluginContext) Finished loading plugin Admin Control with MySQL & CFG Sync
[20:31:09.970] CSSharp: CounterStrikeSharp.API Loaded Successfully.
[20:31:09.970] CSSharp: Hooks added.
[AdminControlPlugin] Ban cache loaded successfully. 0 SteamID and 0 IP bans.
[AdminControlPlugin] Mute cache loaded successfully. 0 muted players.
[20:31:10.742] CSSharp: Native d8f03fd4 was invoked on a non-main thread
[S_API] SteamAPI_Init(): Loaded local 'steamclient.so' OK.
[META] Loaded 1 plugin.
Event System loaded 94 events from file: vpk:/media/astral/7DFD-F7FB/Counter-Strike2-Server/cs2/game/core/pak01.vpk:resource/core.gameevents.
Event System loaded 50 events from file: vpk:/media/astral/7DFD-F7FB/Counter-Strike2-Server/cs2/game/csgo/pak01.vpk:resource/game.gameevents.
Event System loaded 145 events from file: vpk:/media/astral/7DFD-F7FB/Counter-Strike2-Server/cs2/game/csgo/pak01.vpk:./resource/mod.gameevents.
CEntitySystem::BuildEntityNetworking (parallel build of server) took 41.980 msecs for 211 out of 293 classes
[STARTUP] {3.008} server module init ok
[Info] - Trampoline - Bounds of relative addresses accessed [0xffffffffffffffff, (nil)]
[Info] - Trampoline - Attempting to allocate trampoline within +-2GB range of 0x7f1256420f20
[Info] - Trampoline - Allocated trampoline at 0x7f12d641f000 (using 1 attempts)
CHostStateMgr::QueueNewRequest( Idle (console), 1 )
Source2Init OK
HostStateRequest::Start(HSR_IDLE):  loop(console) id(1) addons() desc(Idle (console))
SwitchToLoop console requested:  id [1] addons []
Host activate: Idle (console)
Loading map "de_anubis"
CHostStateMgr::QueueNewRequest( Loading (de_anubis), 2 )
HostStateRequest::Start(HSR_GAME):  loop(levelload) id(2) addons() desc(Loading (de_anubis))
SwitchToLoop levelload requested:  id [2] addons []
SV:  Level loading started for 'de_anubis'
CL:  CLoopModeLevelLoad::MaybeSwitchToGameLoop switching to "game" loopmode with addons ()
SwitchToLoop game requested:  id [2] addons []
SteamGameServer_Init()
Setting breakpad minidump AppID = 730
SteamInternal_SetMinidumpSteamID:  Caching Steam ID:  76561197960265728 [API loaded yes]
SteamInternal_SetMinidumpSteamID:  Setting Steam ID:  76561197960265728
Looking up breakpad interfaces from steamclient
Calling BreakpadMiniDumpSystemInit
SteamInternal_SetMinidumpSteamID:  Caching Steam ID:  76561197960265728 [API loaded yes]
SteamInternal_SetMinidumpSteamID:  Setting Steam ID:  76561197960265728
[S_API FAIL] Tried to access Steam interface SteamUtils010 before SteamAPI_Init succeeded.
Setting breakpad minidump AppID = 2347773
[AdminControlPlugin] Ban cache loaded successfully. 0 SteamID and 0 IP bans.
[AdminControlPlugin] Mute cache loaded successfully. 0 muted players.
[20:31:11.487] CSSharp: CGameSystem::BuildGameSessionManifest
[S_API FAIL] Tried to access Steam interface SteamUser023 before SteamAPI_Init succeeded.
Steam Universe valid after having been requested when invalid.  Universe is now 1
ResetBreakpadAppId: Universe is 1 (k_EUniversePublic)
ResetBreakpadAppId: Setting dedicated server app id: 2347773
SteamGameServer_Init() OK, logging on to Steam
****************************************************
*                                                  *
*  No Steam account token was specified.           *
*  Logging into anonymous game server account.     *
*  Connections will be restricted to LAN only.     *
*                                                  *
*  To create a game server account go to           *
*  http://steamcommunity.com/dev/managegameservers *
*                                                  *
****************************************************
CNetworkSystem::InitGameServer: SteamGameServerNetworking() OK
Initialized low level socket/threading support.
Set SteamNetworkingSockets P2P_STUN_ServerList to '' as per SteamNetworkingSocketsSerialized
CNetworkGameServerBase::SetServerState (ss_dead -> ss_waitingforgamesessionmanifest)
SV:  maxplayers set to 64
Server is hibernating
ResetGameConVarsToDefaults
CSource2Server::ApplyGameSettings game settings payload received:
  ::ExecGameTypeCfg {
    map {
      mapname de_anubis
    }
    launchoptions {
      levelname de_anubis
      mode dedicated
      loadmap int( 1 = 0x1 )
      changelevel int( 0 = 0x0 )
      map de_anubis
      mapgroup 
      requires_attr 
      requires_attr_value int( -1 = 0xFFFFFFFF )
      requires_attr_reward 
      reward_drop_list int( -1 = 0xFFFFFFFF )
      numSlots int( 10 = 0xA )
      c_game_type int( 0 = 0x0 )
      c_game_mode int( 1 = 0x1 )
      default_game_type int( 0 = 0x0 )
      default_game_mode int( 0 = 0x0 )
      ct_arms models/weapons/ct_arms_gign.vmdl
      t_arms models/weapons/t_arms.vmdl
      ct_models {
         ctm_gign
         ctm_gign_variantA
         ctm_gign_variantB
         ctm_gign_variantC
         ctm_gign_variantD
      }
      t_models {
         tm_leet_variantA
         tm_leet_variantB
         tm_leet_variantC
         tm_leet_variantD
         tm_leet_variantE
      }
    }
  }
Created poll group for socket 'server'
SDR RelayNetworkStatus:  avail=Attempting  config=Attempting  anyrelay=Not Attempted   (Attempt #1 to fetch config (only-if-cached) from https://api.steampowered.com/ISteamApps/GetSDRConfig/v1?appid=730)
AuthStatus (invalid):  Waiting  (Waiting for Steam login)
Network socket 'server' opened on port 27018
Initializing CSGO VScript Game System
SV:  Executing server defaults
SV:  Executing dedicated server config file
[STARTUP] {4.393} created game rules
GameTypes: could not find matching game mode value of "" in any game type.
SV:  CGameRulesGameSystem::GameInit installed game rules
LoadResponseSystem scripts/talker/response_rules.vrr - Start
CResponseSystem:  scripts/talker/response_rules.vrr (7681 rules, 811 criteria, and 7681 responses)
LoadResponseSystem scripts/talker/response_rules.vrr - Finish
CPlayerVoiceListener::GameInit()
Entry player was not found in surfaceproperties_footsteps.txt
exec: couldn't exec '{*}cfg/banned_user.cfg', unable to read file
exec: couldn't exec '{*}cfg/banned_ip.cfg', unable to read file
execing server_default.cfg
execing server.cfg
execing gamemode_competitive.cfg
exec: couldn't exec '{*}cfg/gamemode_competitive_server.cfg', unable to read file
Unknown command 'rcon_port'!
Server waking up from hibernation
Unknown command 'mp_weapons_glow_on_ground'!
Unknown command 'sv_gameinstructor_enable'!
Got SDR network config.  Loaded revision 1779399550 OK
SDR RelayNetworkStatus:  avail=Not Attempted  config=OK  anyrelay=Not Attempted   (No need for SDR client network access)
SV:  Spawn Server: de_anubis
CSource2Server::ApplyGameSettings game settings payload received:
  ::ExecGameTypeCfg {
    map {
      mapname de_anubis
    }
    launchoptions {
      levelname de_anubis
      mode dedicated
      loadmap int( 1 = 0x1 )
      changelevel int( 0 = 0x0 )
      map de_anubis
      mapgroup 
      requires_attr 
      requires_attr_value int( -1 [S_API FAIL] Tried to access Steam interface SteamUtils010 before SteamAPI_Init succeeded.
= 0xFFFFFFFF )
      requires_attr_reward 
      reward_drop_list int( -1 = 0xFFFFFFFF )
      numSlots int( 10 = 0xA )
      c_game_type int( 0 = 0x0 )
      c_game_mode int( 1 = 0x1 )
      default_game_type int( 0 = 0x0 )
      default_game_mode int( 0 = 0x0 )
      ct_arms models/weapons/ct_arms_gign.vmdl
      t_arms models/weapons/t_arms.vmdl
      ct_models {
         ctm_gign
         ctm_gign_variantA
         ctm_gign_variantB
         ctm_gign_variantC
         ctm_gign_variantD
      }
      t_models {
         tm_leet_variantA
         tm_leet_variantB
         tm_leet_variantC
         tm_leet_variantD
         tm_leet_variantE
      }
    }
  }
CNetworkGameServerBase::SetServerState (ss_waitingforgamesessionmanifest -> ss_loading)
texturebase.cpp(3486):ResourceHandleToData( maps/de_anubis/lightmaps/direct_light_shadows.vtex ) failed! Falling back to error texture!
texturebase.cpp(3486):ResourceHandleToData( maps/de_anubis/lightmaps/irradiance.vtex ) failed! Falling back to error texture!
texturebase.cpp(3486):ResourceHandleToData( maps/de_anubis/lightmaps/directional_irradiance.vtex ) failed! Falling back to error texture!
CWorldRendererMgr::ServiceWorldRequests long frame: 46.284131ms
Failed loading resource "maps/prefabs/misc/terrorist_team_intro_variant2/world_visibility.vvis_c" (ERROR_FILEOPEN: File not found)
texturebase.cpp(3486):ResourceHandleToData( maps/prefabs/de_anubis/de_anubis_skybox/lightmaps/direct_light_shadows.vtex ) failed! Falling back to error texture!
texturebase.cpp(3486):ResourceHandleToData( maps/prefabs/de_anubis/de_anubis_skybox/lightmaps/irradiance.vtex ) failed! Falling back to error texture!
texturebase.cpp(3486):ResourceHandleToData( maps/prefabs/de_anubis/de_anubis_skybox/lightmaps/directional_irradiance.vtex ) failed! Falling back to error texture!
CNetworkGameServerBase::SetServerState (ss_loading -> ss_active)
SV:  IGameSystem::LoopActivateAllSystems {
HO:  IGameSystem::LoopActivateAllSystems {
HO:  } IGameSystem::LoopActivateAllSystems done
SV:  } IGameSystem::LoopActivateAllSystems done
Created physics for de_anubis
CNavGenParams - Nav mesh requests project default generation parameters but actual parameters
  used during construction differ from defaults. Please re-export the map.
CNavGenParams - Nav mesh requests project default generation parameters but actual parameters
  used during construction differ from defaults. Please re-export the map.
CNavGenParams - Nav mesh requests project default generation parameters but actual parameters
  used during construction differ from defaults. Please re-export the map.
CNavGenParams - Nav mesh requests project default generation parameters but actual parameters
  used during construction differ from defaults. Please re-export the map.
SV:  64 player server started
CSource2Server::GameServerSteamAPIActivated()
ClientPutInServer create new player controller [Cavalry]
[Cavalry] cl_interp_ratio='', LerpTime=0
"Cavalry<0><BOT><Unassigned>" ChangeTeam() CTMDBG , team 0, req team 2 willSwitch 0, 1.27 
ClientPutInServer create new player controller [Darryl]
[Darryl] cl_interp_ratio='', LerpTime=0
"Darryl<1><BOT><Unassigned>" ChangeTeam() CTMDBG , team 0, req team 3 willSwitch 0, 1.27 
Host activate: Loading (de_anubis)
"Cavalry<0><BOT><TERRORIST>" OnPreResetRound => CTMDBG, team 2  will switch 0 1.28 
"Darryl<1><BOT><CT>" OnPreResetRound => CTMDBG, team 3  will switch 0 1.28 
Using spawn points configuration 0x85239763
SV:  Connection to Steam servers successful.
SV:  ServerSteamID=[A:1:2250378248:49888] (90286262126251016).
[STARTUP] {6.329} logged on to Steam
Gameserver logged on to Steam, assigned identity steamid:90286262126251016
AuthStatus (steamid:90286262126251016):  Attempting  (Requesting cert)
Set SteamNetworkingSockets P2P_STUN_ServerList to '155.133.255.164:3478' as per SteamNetworkingSocketsSerialized
SV:  VAC secure mode is activated.
AuthStatus (steamid:90286262126251016):  OK  (OK)
Certificate expires in 48h00m at 1780011073 (current time 1779838273), will renew in 46h00m
GC Connection established for server version 2000835, instance idx 1
[STARTUP] {6.772} activated session on GC
14.046875 Long frame (WarmupPeriod): 24.70ms elapsed, 24.28ms sim time, 1 ticks, 899..899.
61.812500 Long frame (WarmupPeriod): 19.31ms elapsed, 1.16ms sim time, 1 ticks, 3956..3956.
Accepting Steam Net connection #2833608773 UDP steamid:76561199806844693@127.0.0.1:57376
Sending S2C_CHALLENGE [0 auth 3] to 127.0.0.1:57376
Receiving C2S_CONNECT [protocol 14164 0 auth 3] from 127.0.0.1:57376
Associating NetChan Astral ツ @ 127.0.0.1:57376 (127.0.0.1:57376) with Steam Net Connection handle #2833608773 (userdata 0)
CServerSideClientBase::Connect( name='Astral ツ', userid=2, fake=0, connectiontypeflags=2, chan->addr=127.0.0.1:57376 )
Client 2 'Astral ツ' signon state SIGNONSTATE_NONE -> SIGNONSTATE_CONNECTED
Sending S2C_CONNECTION to 127.0.0.1:57376 [addons:'']
Sending S2C_CONNECTION to 127.0.0.1:57376 [addons:'']
Sending S2C_CONNECTION to 127.0.0.1:57376 [addons:'']
Sending S2C_CONNECTION to 127.0.0.1:57376 [addons:'']
Sending S2C_CONNECTION to 127.0.0.1:57376 [addons:'']
Sending S2C_CONNECTION to 127.0.0.1:57376 [addons:'']
Sending S2C_CONNECTION to 127.0.0.1:57376 [addons:'']
Sending S2C_CONNECTION to 127.0.0.1:57376 [addons:'']
Sending S2C_CONNECTION to 127.0.0.1:57376 [addons:'']
Sending S2C_CONNECTION to 127.0.0.1:57376 [addons:'']
Sending S2C_CONNECTION to 127.0.0.1:57376 [addons:'']
Sending S2C_CONNECTION to 127.0.0.1:57376 [addons:'']
Sending S2C_CONNECTION to 127.0.0.1:57376 [addons:'']
Sending S2C_CONNECTION to 127.0.0.1:57376 [addons:'']
Sending S2C_CONNECTION to 127.0.0.1:57376 [addons:'']
Sending S2C_CONNECTION to 127.0.0.1:57376 [addons:'']
Sending S2C_CONNECTION to 127.0.0.1:57376 [addons:'']
Sending S2C_CONNECTION to 127.0.0.1:57376 [addons:'']
Sending S2C_CONNECTION to 127.0.0.1:57376 [addons:'']
Sending S2C_CONNECTION to 127.0.0.1:57376 [addons:'']
Sending S2C_CONNECTION to 127.0.0.1:57376 [addons:'']
Sending S2C_CONNECTION to 127.0.0.1:57376 [addons:'']
Sending S2C_CONNECTION to 127.0.0.1:57376 [addons:'']
Sending S2C_CONNECTION to 127.0.0.1:57376 [addons:'']
Sending S2C_CONNECTION to 127.0.0.1:57376 [addons:'']
ClientPutInServer create new player controller [Astral ツ]
Client 2 'Astral ツ' setting rate to 786432
[Astral ツ] cl_interp_ratio='0', LerpTime=0
Client 2 'Astral ツ' signon state SIGNONSTATE_CONNECTED -> SIGNONSTATE_NEW
Client 2 'Astral ツ' signon state SIGNONSTATE_NEW -> SIGNONSTATE_PRESPAWN
Client 2 'Astral ツ' signon state SIGNONSTATE_PRESPAWN -> SIGNONSTATE_SPAWN
SV:  "Astral ツ<2><[U:1:1846578965]><>" STEAM USERID validated
Client 2 'Astral ツ' signon state SIGNONSTATE_SPAWN -> SIGNONSTATE_FULL
SV:  Sending full update to client Astral ツ (reason:  initial update)
Astral ツ @ 127.0.0.1:57376:  NetChan Setting Timeout to 20.00 seconds
[#2833608773 UDP steamid:76561199806844693@127.0.0.1:57376 'Astral ツ'] recv queue overflow 100 messages already queued.
[#2833608773 UDP steamid:76561199806844693@127.0.0.1:57376 'Astral ツ'] recv queue overflow 100 messages already queued.
[#2833608773 UDP steamid:76561199806844693@127.0.0.1:57376 'Astral ツ'] recv queue overflow 100 messages already queued.
[AdminControlPlugin] Player 2 connected. SteamID: 76561199806844693, IP: 127.0.0.1
94.375000 Long frame (WarmupPeriod): 1663.00ms elapsed, 1660.97ms sim time, 1 ticks, 6040..6040.
Netchan queued message new high water mark reached by Astral ツ at 32 messages
Netchan queued message new high water mark reached by Astral ツ at 40 messages
Netchan queued message new high water mark reached by Astral ツ at 51 messages
Netchan queued message new high water mark reached by Astral ツ at 63 messages
Netchan queued message new high water mark reached by Astral ツ at 79 messages
Netchan queued message new high water mark reached by Astral ツ at 96 messages
Netchan queued message new high water mark reached by Astral ツ at 120 messages
Netchan queued message new high water mark reached by Astral ツ at 151 messages
Netchan queued message new high water mark reached by Astral ツ at 187 messages
Netchan queued message new high water[S_API FAIL] Tried to access Steam interface SteamUtils010 before SteamAPI_Init succeeded.
 mark reached by Astral ツ at 235 messages
Netchan queued message new high water mark reached by Astral ツ at 291 messages
Netchan queued message new high water mark reached by Astral ツ at 363 messages
94.593750 Long frame (WarmupPeriod): 33.06ms elapsed, 1.49ms sim time, 1 ticks, 6054..6054.
94.625000 Long frame (WarmupPeriod): 38.99ms elapsed, 38.13ms sim time, 2 ticks, 6055..6056.
94.906250 Long frame (WarmupPeriod): 36.76ms elapsed, 35.59ms sim time, 1 ticks, 6074..6074.
[Astral ツ @ 127.0.0.1:57376] high frame misdelivery 18.1%, 48/0 of 265 frames dropped/reordered, 0ms ping, 2ms peak jitter
"Astral ツ<2><[U:1:1846578965]><Unassigned>" ChangeTeam() CTMDBG , team 0, req team 3 willSwitch 0, 96.05 
Darryl kicked by Console (NETWORK_DISCONNECT_KICKED)
Warmup period ended
"Cavalry<0><BOT><TERRORIST>" OnPreResetRound => CTMDBG, team 2  will switch 0 122.27 
"Astral ツ<2><[U:1:1846578965]><CT>" OnPreResetRound => CTMDBG, team 3  will switch 0 122.27 
Using spawn points configuration 0x85239763
BeginMatch
VProfLite started.
162.203125 Long frame (RoundOver): 26.34ms elapsed, 25.00ms sim time, 1 ticks, 10381..10381.
162.265625 Long frame (RoundOver): 20.03ms elapsed, 2.73ms sim time, 1 ticks, 10385..10385.
"Cavalry<0><BOT><TERRORIST>" OnPreResetRound => CTMDBG, team 2  will switch 0 169.20 
"Astral ツ<2><[U:1:1846578965]><CT>" OnPreResetRound => CTMDBG, team 3  will switch 0 169.20 
Using spawn points configuration 0x85239763
169.203125 Long frame (FreezePeriod): 33.29ms elapsed, 31.32ms sim time, 1 ticks, 10829..10829.
207.109375 Long frame (RoundOver): 31.55ms elapsed, 28.72ms sim time, 1 ticks, 13255..13255.
"Cavalry<0><BOT><TERRORIST>" OnPreResetRound => CTMDBG, team 2  will switch 0 214.11 
"Astral ツ<2><[U:1:1846578965]><CT>" OnPreResetRound => CTMDBG, team 3  will switch 0 214.11 
Using spawn points configuration 0x85239763
214.109375 Long frame (FreezePeriod): 33.31ms elapsed, 31.43ms sim time, 1 ticks, 13703..13703.
[#2833608773 UDP steamid:76561199806844693@127.0.0.1:57376 'Astral ツ'] closed by peer (1002): NETWORK_DISCONNECT_DISCONNECT_BY_USER
Steam Net connection #2833608773 UDP steamid:76561199806844693@127.0.0.1:57376 'Astral ツ' closed by peer, reason 1002: NETWORK_DISCONNECT_DISCONNECT_BY_USER
Netchan 'Astral ツ' closed unexpectedly: NETWORK_DISCONNECT_DISCONNECT_BY_USER
CloseSteamNetConnection handle #2833608773 (userdata 0)
Disassociating NetChan Astral ツ @ 127.0.0.1:57376 (127.0.0.1:57376) from Steam Net Connection handle #2833608773 (userdata 0)
Removing Steam Net Connection for 127.0.0.1:57376, handle #2833608773
Disconnect client 'Astral ツ' from server: NETWORK_DISCONNECT_DISCONNECT_BY_USER
Client 2 'Astral ツ' signon state SIGNONSTATE_FULL -> SIGNONSTATE_NONE
SV:  Dropped client 'Astral ツ' from server(2): NETWORK_DISCONNECT_DISCONNECT_BY_USER
ClientPutInServer create new player controller [Officer]
[Officer] cl_interp_ratio='', LerpTime=0
"Officer<3><BOT><Unassigned>" ChangeTeam() CTMDBG , team 0, req team 3 willSwitch 0, 256.44 
"Cavalry<0><BOT><TERRORIST>" OnPreResetRound => CTMDBG, team 2  will switch 0 257.34 
"Astral ツ<2><STEAM_ID_PENDING><CT>" OnPreResetRound => CTMDBG, team 3  will switch 0 257.34 
"Officer<3><BOT><CT>" OnPreResetRound => CTMDBG, team 3  will switch 0 257.34 
Using spawn points configuration 0x85239763
257.343750 Long frame (FreezePeriod): 34.97ms elapsed, 34.44ms sim time, 1 ticks, 16470..16470.
259.281250 Long frame (FreezePeriod): 19.28ms elapsed, 1.23ms sim time, 1 ticks, 16594..16594.
Server asked to sleep for 13.559ms, but plat time advanced by 3.475ms.  (We woke up 10.084ms early)
SIGTERM received while server was **not** hibernating!  Shutting down even though a game may be in progress!
CHostStateMgr::QueueNewRequest( Quitting, 3 )
HostStateRequest::Start(HSR_QUIT)
SV:  Server shutting down: NETWORK_DISCONNECT_EXITING (59)
CNetworkGameServerBase::SetServerState (ss_active -> ss_dead)
CPlayerVoiceListener::PostSpawnGroupUnload()
CPlayerVoiceListener::PostSpawnGroupUnload()
CPlayerVoiceListener::PostSpawnGroupUnload()
CPlayerVoiceListener::PostSpawnG[S_API FAIL] Tried to access Steam interface SteamUtils010 before SteamAPI_Init succeeded.
[20:36:21.772] CSSharp: CGameSystem::Shutdown
Loaded /media/astral/7DFD-F7FB/Counter-Strike2-Server/cs2/game/bin/linuxsteamrt64/libengine2.so, got 0x5634e5dff7e0
Using breakpad crash handler
Setting breakpad minidump AppID = 2347773
Forcing breakpad minidump interfaces to load
dlopen failed trying to load:
/root/.steam/sdk64/steamclient.so
with error:
/root/.steam/sdk64/steamclient.so: não é possível abrir arquivo compartilhado: Permissão negada
Looking up breakpad interfaces from steamclient
Calling BreakpadMiniDumpSystemInit

Console initialized.
Steam AppId(730), BreakpadId(2347771)
InitSteamLogin_Internal: Initializing breakpad.
Steam Universe is invalid, possibly asking before Steam was successfully initialized.
ResetBreakpadAppId: Universe is 0 (k_EUniverseInvalid)
ResetBreakpadAppId: Setting dedicated server app id: 2347773
Loaded libSDL3.so.0, got 0x5634e5f1a920
Loaded /media/astral/7DFD-F7FB/Counter-Strike2-Server/cs2/game/bin/linuxsteamrt64/libtier0.so, got 0x5634e5de8700
Visibility enabled.
Loaded /media/astral/7DFD-F7FB/Counter-Strike2-Server/cs2/game/bin/linuxsteamrt64/libfilesystem_stdio.so, got 0x5634e5f1b2e0
USRLOCAL path not found!
Loaded /media/astral/7DFD-F7FB/Counter-Strike2-Server/cs2/game/bin/linuxsteamrt64/liblocalize.so, got 0x5634e5f1bc50
Loaded /media/astral/7DFD-F7FB/Counter-Strike2-Server/cs2/game/bin/linuxsteamrt64/librendersystemempty.so, got 0x5634e5f1c190
Loaded /media/astral/7DFD-F7FB/Counter-Strike2-Server/cs2/game/bin/linuxsteamrt64/libresourcesystem.so, got 0x5634e5f1cb00
Loaded /media/astral/7DFD-F7FB/Counter-Strike2-Server/cs2/game/bin/linuxsteamrt64/libschemasystem.so, got 0x5634e5f1d460
Trying to set dxlevel (111) which is higher than the card can support (110)!
Loaded /media/astral/7DFD-F7FB/Counter-Strike2-Server/cs2/game/bin/linuxsteamrt64/libmaterialsystem2.so, got 0x5634e5f1dba0
---------------
Path ID:             File Path:
ADDONS               "/media/astral/7DFD-F7FB/Counter-Strike2-Server/cs2/game/csgo_addons/" 
CONTENT              "/media/astral/7DFD-F7FB/Counter-Strike2-Server/cs2/content/csgo/addons/metamod/" 
CONTENT              "/media/astral/7DFD-F7FB/Counter-Strike2-Server/cs2/content/csgo/" 
CONTENT              "/media/astral/7DFD-F7FB/Counter-Strike2-Server/cs2/content/csgo_imported/" 
CONTENT              "/media/astral/7DFD-F7FB/Counter-Strike2-Server/cs2/content/csgo_core/" 
CONTENT              "/media/astral/7DFD-F7FB/Counter-Strike2-Server/cs2/content/core/" 
CONTENTADDONS        "/media/astral/7DFD-F7FB/Counter-Strike2-Server/cs2/content/csgo_addons/" 
CONTENTROOT          "/media/astral/7DFD-F7FB/Counter-Strike2-Server/cs2/content/" 
DEFAULT_WRITE_PATH   "/media/astral/7DFD-F7FB/Counter-Strike2-Server/cs2/game/csgo/addons/metamod/" 
EXECUTABLE_PATH      "/media/astral/7DFD-F7FB/Counter-Strike2-Server/cs2/game/bin/linuxsteamrt64/" 
GAME                 "/media/astral/7DFD-F7FB/Counter-Strike2-Server/cs2/game/csgo/pak01.vpk" (vpk) /media/astral/7DFD-F7FB/Counter-Strike2-Server/cs2/game/csgo/pak01.vpk
GAME                 "/media/astral/7DFD-F7FB/Counter-Strike2-Server/cs2/game/csgo_imported/pak01.vpk" (vpk) /media/astral/7DFD-F7FB/Counter-Strike2-Server/cs2/game/csgo_imported/pak01.vpk
GAME                 "/media/astral/7DFD-F7FB/Counter-Strike2-Server/cs2/game/csgo_core/pak01.vpk" (vpk) /media/astral/7DFD-F7FB/Counter-Strike2-Server/cs2/game/csgo_core/pak01.vpk
GAME                 "/media/astral/7DFD-F7FB/Counter-Strike2-Server/cs2/game/core/pak01.vpk" (vpk) /media/astral/7DFD-F7FB/Counter-Strike2-Server/cs2/game/core/pak01.vpk
GAME                 "/media/astral/7DFD-F7FB/Counter-Strike2-Server/cs2/game/csgo/shaders_vulkan.vpk" (vpk) /media/astral/7DFD-F7FB/Counter-Strike2-Server/cs2/game/csgo/shaders_vulkan.vpk
GAME                 "/media/astral/7DFD-F7FB/Counter-Strike2-Server/cs2/game/csgo_core/shaders_vulkan.vpk" (vpk) /media/astral/7DFD-F7FB/Counter-Strike2-Server/cs2/game/csgo_core/shaders_vulkan.vpk
GAME                 "/media/astral/7DFD-F7FB/Counter-Strike2-Server/cs2/game/core/shaders_vulkan.vpk" (vpk) /media/astral/7DFD-F7FB/Counter-Strike2-Server/cs2/game/core/shaders_vulkan.vpk
GAME                 "/media/astral/7DFD-F7FB/Counter-Strike2-Server/cs2/game/csgo/addons/metamod/" 
GAME                 "/media/astral/7DFD-F7FB/Counter-Strike2-Server/cs2/game/csgo/" 
GAME                 "/media/astral/7DFD-F7FB/Counter-Strike2-Server/cs2/game/csgo_imported/" 
GAME                 "/media/astral/7DFD-F7FB/Counter-Strike2-Server/cs2/game/csgo_core/" 
GAME                 "/media/astral/7DFD-F7FB/Counter-Strike2-Server/cs2/game/core/" 
GAMEBIN              "/media/astral/7DFD-F7FB/Counter-Strike2-Server/cs2/game/csgo/addons/metamod/bin/linuxsteamrt64/" 
GAMEBIN              "/media/astral/7DFD-F7FB/Counter-Strike2-Server/cs2/game/csgo/addons/metamod/bin/" 
GAMEBIN              "/media/astral/7DFD-F7FB/Counter-Strike2-Server/cs2/game/csgo/bin/linuxsteamrt64/" 
GAMEBIN              "/media/astral/7DFD-F7FB/Counter-Strike2-Server/cs2/game/csgo/bin/" 
GAMEBIN              "/media/astral/7DFD-F7FB/Counter-Strike2-Server/cs2/game/csgo_imported/bin/linuxsteamrt64/" 
GAMEBIN              "/media/astral/7DFD-F7FB/Counter-Strike2-Server/cs2/game/csgo_imported/bin/" 
GAMEBIN              "/media/astral/7DFD-F7FB/Counter-Strike2-Server/cs2/game/csgo_core/bin/linuxsteamrt64/" 
GAMEBIN              "/media/astral/7DFD-F7FB/Counter-Strike2-Server/cs2/game/csgo_core/bin/" 
GAMEBIN              "/media/astral/7DFD-F7FB/Counter-Strike2-Server/cs2/game/core/bin/linuxsteamrt64/" 
GAMEBIN              "/media/astral/7DFD-F7FB/Counter-Strike2-Server/cs2/game/core/bin/" 
GAMEROOT             "/media/astral/7DFD-F7FB/Counter-Strike2-Server/cs2/game/" 
MOD                  "/media/astral/7DFD-F7FB/Counter-Strike2-Server/cs2/game/csgo/pak01.vpk" (vpk) /media/astral/7DFD-F7FB/Counter-Strike2-Server/cs2/game/csgo/pak01.vpk
MOD                  "/media/astral/7DFD-F7FB/Counter-Strike2-Server/cs2/game/csgo_imported/pak01.vpk" (vpk) /media/astral/7DFD-F7FB/Counter-Strike2-Server/cs2/game/csgo_imported/pak01.vpk
MOD                  "/media/astral/7DFD-F7FB/Counter-Strike2-Server/cs2/game/csgo_core/pak01.vpk" (vpk) /media/astral/7DFD-F7FB/Counter-Strike2-Server/cs2/game/csgo_core/pak01.vpk
MOD                  "/media/astral/7DFD-F7FB/Counter-Strike2-Server/cs2/game/csgo/" 
MOD                  "/media/astral/7DFD-F7FB/Counter-Strike2-Server/cs2/game/csgo_imported/" 
MOD                  "/media/astral/7DFD-F7FB/Counter-Strike2-Server/cs2/game/csgo_core/" 
OFFICIAL_ADDONS      "/media/astral/7DFD-F7FB/Counter-Strike2-Server/cs2/game/csgo_community_addons/" 
PLATFORM             "/media/astral/7DFD-F7FB/Counter-Strike2-Server/cs2/game/core/pak01.vpk" (vpk) /media/astral/7DFD-F7FB/Counter-Strike2-Server/cs2/game/core/pak01.vpk
PLATFORM             "/media/astral/7DFD-F7FB/Counter-Strike2-Server/cs2/game/core/" 
SHADER_SOURCE        "/media/astral/7DFD-F7FB/Counter-Strike2-Server/cs2/src/shaders/csgo/addons/metamod/" 
SHADER_SOURCE        "/media/astral/7DFD-F7FB/Counter-Strike2-Server/cs2/src/shaders/csgo/" 
SHADER_SOURCE        "/media/astral/7DFD-F7FB/Counter-Strike2-Server/cs2/src/shaders/csgo_imported/" 
SHADER_SOURCE        "/media/astral/7DFD-F7FB/Counter-Strike2-Server/cs2/src/shaders/csgo_core/" 
SHADER_SOURCE        "/media/astral/7DFD-F7FB/Counter-Strike2-Server/cs2/src/shaders/core/" 
SHADER_SOURCE        "/media/astral/7DFD-F7FB/Counter-Strike2-Server/cs2/src/shaders/csgo_community_addons/" 
SHADER_SOURCE_MOD    "/media/astral/7DFD-F7FB/Counter-Strike2-Server/cs2/src/shaders/csgo/addons/metamod/" 
SHADER_SOURCE_ROOT   "/media/astral/7DFD-F7FB/Counter-Strike2-Server/cs2/src/shaders/" 
command line arguments:
-dedicated -nojoy -usercon -port 27018 +map de_anubis
protected command line arguments (stripped from above):
+rcon_password <protected>
Loaded /media/astral/7DFD-F7FB/Counter-Strike2-Server/cs2/game/bin/linuxsteamrt64/libmeshsystem.so, got 0x5634e5f8c8e0
Loaded /media/astral/7DFD-F7FB/Counter-Strike2-Server/cs2/game/bin/linuxsteamrt64/libworldrenderer.so, got 0x5634e5f9f250
Loaded /media/astral/7DFD-F7FB/Counter-Strike2-Server/cs2/game/bin/linuxsteamrt64/libpulse_system.so, got 0x5634e5fb1fe0
Loaded /media/astral/7DFD-F7FB/Counter-Strike2-Server/cs2/game/bin/linuxsteamrt64/libvscript.so, got 0x5634e5fc4530
Loaded /media/astral/7DFD-F7FB/Counter-Strike2-Server/cs2/game/bin/linuxsteamrt64/libnetworksystem.so, got 0x5634e5fd6ea0
Loaded /media/astral/7DFD-F7FB/Counter-Strike2-Server/cs2/game/bin/linuxsteamrt64/libanimationsystem.so, got 0x5634e5feb4f0
Loaded /media/astral/7DFD-F7FB/Counter-Strike2-Server/cs2/game/bin/linuxsteamrt64/libvphysics2.so, got 0x5634e6002cd0
Loaded /media/astral/7DFD-F7FB/Counter-Strike2-Server/cs2/game/bin/linuxsteamrt64/libsoundsystem.so, got 0x5634e6015640
Loaded /media/astral/7DFD-F7FB/Counter-Strike2-Server/cs2/game/bin/linuxsteamrt64/libscenesystem.so, got 0x5634e602da70
Network System Initialized
MOD desires lightbinner GPU but is unsupported by HW (SupportsCompute=0 CubeMapArrays=0)
Loaded /media/astral/7DFD-F7FB/Counter-Strike2-Server/cs2/game/bin/linuxsteamrt64/libserver_valve.so, got (nil)
Loaded libserver_valve.so, got (nil)
Loaded /media/astral/7DFD-F7FB/Counter-Strike2-Server/cs2/game/csgo/addons/metamod/bin/linuxsteamrt64/libserver.so, got 0x5634e6045630
Loaded /media/astral/7DFD-F7FB/Counter-Strike2-Server/cs2/game/bin/linuxsteamrt64/libengine2.so, got 0x5634e5dff7e0
Physics Console Communications is not initialized
Loaded /media/astral/7DFD-F7FB/Counter-Strike2-Server/cs2/game/csgo/bin/linuxsteamrt64/libhost.so, got 0x5634e6088de0
Loaded /media/astral/7DFD-F7FB/Counter-Strike2-Server/cs2/game/bin/linuxsteamrt64/libscenefilecache.so, got 0x5634e609c6c0
Loaded /media/astral/7DFD-F7FB/Counter-Strike2-Server/cs2/game/bin/linuxsteamrt64/libparticles.so, got 0x5634e60af030
Loaded /media/astral/7DFD-F7FB/Counter-Strike2-Server/cs2/game/csgo/bin/linuxsteamrt64/libmatchmaking.so, got 0x5634e60c2e40
Loaded /media/astral/7DFD-F7FB/Counter-Strike2-Server/cs2/game/bin/linuxsteamrt64/libv8system.so, got 0x5634e60d74a0
[20:50:23.202] CSSharp: Initializing with command line: "/media/astral/7DFD-F7FB/Counter-Strike2-Server/cs2/game/bin/linuxsteamrt64/cs2" /media/astral/7DFD-F7FB/Counter-Strike2-Server/cs2/game/bin/linuxsteamrt64/cs2 -dedicated -nojoy -usercon -port 27018 +map de_anubis +rcon_password GZPWA3PyZ7zonPf
[20:50:23.202] CSSharp: Current root directory: /media/astral/7DFD-F7FB/Counter-Strike2-Server/cs2/game/csgo/addons/counterstrikesharp
[20:50:23.202] CSSharp: CoreConfig loaded.
[20:50:23.202] CSSharp: Auto-update is not currently supported on this platform.
[20:50:23.256] CSSharp: Copying bytes from disk for /media/astral/7DFD-F7FB/Counter-Strike2-Server/cs2/game/bin/linuxsteamrt64/libengine2.so
[20:50:23.486] CSSharp: Copying bytes from disk for /media/astral/7DFD-F7FB/Counter-Strike2-Server/cs2/game/bin/linuxsteamrt64/../../csgo/bin/linuxsteamrt64//libserver.so
[20:50:23.588] CSSharp: Globals loaded.
[20:50:23.692] CSSharp: Initialized GameSystem.
[20:50:23.692] CSSharp: Loading .NET runtime...
[20:50:23.692] CSSharp: Loading hostfxr from /media/astral/7DFD-F7FB/Counter-Strike2-Server/cs2/game/csgo/addons/counterstrikesharp/dotnet/host/fxr/8.0.3/libhostfxr.so
[20:50:23.692] CSSharp: .NET Runtime Initialised.
[20:50:23.692] CSSharp: Loading CSS API, Runtime Config: /media/astral/7DFD-F7FB/Counter-Strike2-Server/cs2/game/csgo/addons/counterstrikesharp/api/CounterStrikeSharp.API.runtimeconfig.json
GameTypes: missing mapgroupsSP entry for game type/mode (custom/custom).
GameTypes: missing mapgroupsSP entry for game type/mode (cooperative/cooperative).
GameTypes: missing mapgroupsSP entry for game type/mode (cooperative/coopmission).
20:50:23 [INFO] (cssharp:Core) CounterStrikeSharp is starting up...
20:50:24 [INFO] (cssharp:CoreConfig) Successfully loaded core configuration
20:50:24 [INFO] (cssharp:GameDataProvider) Successfully loaded 45 game data entries from /media/astral/7DFD-F7FB/Counter-Strike2-Server/cs2/game/csgo/addons/counterstrikesharp/gamedata/gamedata.json
20:50:24 [INFO] (cssharp:Core) Loading Admins from /media/astral/7DFD-F7FB/Counter-Strike2-Server/cs2/game/csgo/addons/counterstrikesharp/configs/admins.json
20:50:24 [INFO] (cssharp:AdminManager) Loaded admin data with 1 admins.
20:50:24 [INFO] (cssharp:Core) Loading Admin Groups from /media/astral/7DFD-F7FB/Counter-Strike2-Server/cs2/game/csgo/addons/counterstrikesharp/configs/admin_groups.json
Admin groups file not found. Skipping admin groups load.
20:50:24 [INFO] (cssharp:Core) Loading Admin Command Overrides from /media/astral/7DFD-F7FB/Counter-Strike2-Server/cs2/game/csgo/addons/counterstrikesharp/configs/admin_overrides.json
Loaded 1 admin command overrides.
20:50:24 [INFO] (cssharp:PluginContext) Loading plugin AdminControlPlugin
[AdminControlPlugin] Plugin loaded successfully!
20:50:24 [INFO] (cssharp:PluginContext) Finished loading plugin Admin Control with MySQL & CFG Sync
20:50:24 [INFO] (cssharp:PluginContext) Loading plugin Frozen_Elsa
20:50:24 [INFO] (cssharp:PluginContext) Finished loading plugin Frozen_Elsa
[20:50:24.480] CSSharp: CounterStrikeSharp.API Loaded Successfully.
[20:50:24.480] CSSharp: Hooks added.
[AdminControlPlugin] Ban cache loaded successfully. 0 SteamID and 0 IP bans.
[AdminControlPlugin] Mute cache loaded successfully. 0 muted players.
[20:50:25.303] CSSharp: Native d8f03fd4 was invoked on a non-main thread
[S_API] SteamAPI_Init(): Loaded local 'steamclient.so' OK.
[META] Loaded 1 plugin.
Event System loaded 94 events from file: vpk:/media/astral/7DFD-F7FB/Counter-Strike2-Server/cs2/game/core/pak01.vpk:resource/core.gameevents.
Event System loaded 50 events from file: vpk:/media/astral/7DFD-F7FB/Counter-Strike2-Server/cs2/game/csgo/pak01.vpk:resource/game.gameevents.
Event System loaded 145 events from file: vpk:/media/astral/7DFD-F7FB/Counter-Strike2-Server/cs2/game/csgo/pak01.vpk:./resource/mod.gameevents.
CEntitySystem::BuildEntityNetworking (parallel build of server) took 52.469 msecs for 211 out of 293 classes
[STARTUP] {2.651} server module init ok
[Info] - Trampoline - Bounds of relative addresses accessed [0xffffffffffffffff, (nil)]
[Info] - Trampoline - Attempting to allocate trampoline within +-2GB range of 0x7f58da6aef20
[Info] - Trampoline - Allocated trampoline at 0x7f595a6ad000 (using 1 attempts)
CHostStateMgr::QueueNewRequest( Idle (console), 1 )
Source2Init OK
HostStateRequest::Start(HSR_IDLE):  loop(console) id(1) addons() desc(Idle (console))
SwitchToLoop console requested:  id [1] addons []
Host activate: Idle (console)
Loading map "de_anubis"
CHostStateMgr::QueueNewRequest( Loading (de_anubis), 2 )
HostStateRequest::Start(HSR_GAME):  loop(levelload) id(2) addons() desc(Loading (de_anubis))
SwitchToLoop levelload requested:  id [2] addons []
SV:  Level loading started for 'de_anubis'
CL:  CLoopModeLevelLoad::MaybeSwitchToGameLoop switching to "game" loopmode with addons ()
SwitchToLoop game requested:  id [2] addons []
SteamGameServer_Init()
Setting breakpad minidump AppID = 730
SteamInternal_SetMinidumpSteamID:  Caching Steam ID:  76561197960265728 [API loaded yes]
SteamInternal_SetMinidumpSteamID:  Setting Steam ID:  76561197960265728
Looking up breakpad interfaces from steamclient
Calling BreakpadMiniDumpSystemInit
SteamInternal_SetMinidumpSteamID:  Caching Steam ID:  76561197960265728 [API loaded yes]
SteamInternal_SetMinidumpSteamID:  Setting Steam ID:  76561197960265728
[S_API FAIL] Tried to access Steam interface SteamUtils010 before SteamAPI_Init succeeded.
Setting breakpad minidump AppID = 2347773
[AdminControlPlugin] Ban cache loaded successfully. 0 SteamID and 0 IP bans.
[AdminControlPlugin] Mute cache loaded successfully. 0 muted players.
[20:50:26.320] CSSharp: CGameSystem::BuildGameSessionManifest
[S_API FAIL] Tried to access Steam interface SteamUser023 before SteamAPI_Init succeeded.
Steam Universe valid after having been requested when invalid.  Universe is now 1
ResetBreakpadAppId: Universe is 1 (k_EUniversePublic)
ResetBreakpadAppId: Setting dedicated server app id: 2347773
SteamGameServer_Init() OK, logging on to Steam
****************************************************
*                                                  *
*  No Steam account token was specified.           *
*  Logging into anonymous game server account.     *
*  Connections will be restricted to LAN only.     *
*                                                  *
*  To create a game server account go to           *
*  http://steamcommunity.com/dev/managegameservers *
*                                                  *
****************************************************
CNetworkSystem::InitGameServer: SteamGameServerNetworking() OK
Initialized low level socket/threading support.
Set SteamNetworkingSockets P2P_STUN_ServerList to '' as per SteamNetworkingSocketsSerialized
CNetworkGameServerBase::SetServerState (ss_dead -> ss_waitingforgamesessionmanifest)
SV:  maxplayers set to 64
Server is hibernating
ResetGameConVarsToDefaults
CSource2Server::ApplyGameSettings game settings payload received:
  ::ExecGameTypeCfg {
    map {
      mapname de_anubis
    }
    launchoptions {
      levelname de_anubis
      mode dedicated
      loadmap int( 1 = 0x1 )
      changelevel int( 0 = 0x0 )
      map de_anubis
      mapgroup 
      requires_attr 
      requires_attr_value int( -1 = 0xFFFFFFFF )
      requires_attr_reward 
      reward_drop_list int( -1 = 0xFFFFFFFF )
      numSlots int( 10 = 0xA )
      c_game_type int( 0 = 0x0 )
      c_game_mode int( 1 = 0x1 )
      default_game_type int( 0 = 0x0 )
      default_game_mode int( 0 = 0x0 )
      ct_arms models/weapons/ct_arms_gign.vmdl
      t_arms models/weapons/t_arms.vmdl
      ct_models {
         ctm_gign
         ctm_gign_variantA
         ctm_gign_variantB
         ctm_gign_variantC
         ctm_gign_variantD
      }
      t_models {
         tm_leet_variantA
         tm_leet_variantB
         tm_leet_variantC
         tm_leet_variantD
         tm_leet_variantE
      }
    }
  }
Created poll group for socket 'server'
SDR RelayNetworkStatus:  avail=Attempting  config=Attempting  anyrelay=Not Attempted   (Attempt #1 to fetch config (only-if-cached) from https://api.steampowered.com/ISteamApps/GetSDRConfig/v1?appid=730)
AuthStatus (invalid):  Waiting  (Waiting for Steam login)
Network socket 'server' opened on port 27018
Initializing CSGO VScript Game System
SV:  Executing server defaults
SV:  Executing dedicated server config file
[STARTUP] {4.324} created game rules
GameTypes: could not find matching game mode value of "" in any game type.
SV:  CGameRulesGameSystem::GameInit installed game rules
LoadResponseSystem scripts/talker/response_rules.vrr - Start
CResponseSystem:  scripts/talker/response_rules.vrr (7681 rules, 811 criteria, and 7681 responses)
LoadResponseSystem scripts/talker/response_rules.vrr - Finish
CPlayerVoiceListener::GameInit()
Entry player was not found in surfaceproperties_footsteps.txt
exec: couldn't exec '{*}cfg/banned_user.cfg', unable to read file
exec: couldn't exec '{*}cfg/banned_ip.cfg', unable to read file
execing server_default.cfg
execing server.cfg
execing gamemode_competitive.cfg
exec: couldn't exec '{*}cfg/gamemode_competitive_server.cfg', unable to read file
Unknown command 'rcon_port'!
Server waking up from hibernation
Unknown command 'mp_weapons_glow_on_ground'!
Unknown command 'sv_gameinstructor_enable'!
Got SDR network config.  Loaded revision 1779399550 OK
SDR RelayNetworkStatus:  avail=Not Attempted  config=OK  anyrelay=Not Attempted   (No need for SDR client network access)
SV:  Spawn Server: de_anubis
CSource2Server::ApplyGameSettings game settings payload received:
  ::ExecGameTypeCfg {
    map {
      mapname de_anubis
    }
    launchoptions {
      levelname de_anubis
      mode dedicated
      loadmap int( 1 = 0x1 )
      changelevel int( 0 = 0x0 )
      map de_anubis
      mapgroup 
      requires_attr 
      requires_attr_value int( -1 [S_API FAIL] Tried to access Steam interface SteamUtils010 before SteamAPI_Init succeeded.
= 0xFFFFFFFF )
      requires_attr_reward 
      reward_drop_list int( -1 = 0xFFFFFFFF )
      numSlots int( 10 = 0xA )
      c_game_type int( 0 = 0x0 )
      c_game_mode int( 1 = 0x1 )
      default_game_type int( 0 = 0x0 )
      default_game_mode int( 0 = 0x0 )
      ct_arms models/weapons/ct_arms_gign.vmdl
      t_arms models/weapons/t_arms.vmdl
      ct_models {
         ctm_gign
         ctm_gign_variantA
         ctm_gign_variantB
         ctm_gign_variantC
         ctm_gign_variantD
      }
      t_models {
         tm_leet_variantA
         tm_leet_variantB
         tm_leet_variantC
         tm_leet_variantD
         tm_leet_variantE
      }
    }
  }
CNetworkGameServerBase::SetServerState (ss_waitingforgamesessionmanifest -> ss_loading)
texturebase.cpp(3486):ResourceHandleToData( maps/de_anubis/lightmaps/direct_light_shadows.vtex ) failed! Falling back to error texture!
texturebase.cpp(3486):ResourceHandleToData( maps/de_anubis/lightmaps/irradiance.vtex ) failed! Falling back to error texture!
texturebase.cpp(3486):ResourceHandleToData( maps/de_anubis/lightmaps/directional_irradiance.vtex ) failed! Falling back to error texture!
CWorldRendererMgr::ServiceWorldRequests long frame: 53.406921ms
Failed loading resource "maps/prefabs/misc/terrorist_team_intro_variant2/world_visibility.vvis_c" (ERROR_FILEOPEN: File not found)
texturebase.cpp(3486):ResourceHandleToData( maps/prefabs/de_anubis/de_anubis_skybox/lightmaps/direct_light_shadows.vtex ) failed! Falling back to error texture!
texturebase.cpp(3486):ResourceHandleToData( maps/prefabs/de_anubis/de_anubis_skybox/lightmaps/irradiance.vtex ) failed! Falling back to error texture!
texturebase.cpp(3486):ResourceHandleToData( maps/prefabs/de_anubis/de_anubis_skybox/lightmaps/directional_irradiance.vtex ) failed! Falling back to error texture!
CNetworkGameServerBase::SetServerState (ss_loading -> ss_active)
SV:  IGameSystem::LoopActivateAllSystems {
HO:  IGameSystem::LoopActivateAllSystems {
HO:  } IGameSystem::LoopActivateAllSystems done
SV:  } IGameSystem::LoopActivateAllSystems done
Created physics for de_anubis
CNavGenParams - Nav mesh requests project default generation parameters but actual parameters
  used during construction differ from defaults. Please re-export the map.
CNavGenParams - Nav mesh requests project default generation parameters but actual parameters
  used during construction differ from defaults. Please re-export the map.
CNavGenParams - Nav mesh requests project default generation parameters but actual parameters
  used during construction differ from defaults. Please re-export the map.
CNavGenParams - Nav mesh requests project default generation parameters but actual parameters
  used during construction differ from defaults. Please re-export the map.
SV:  64 player server started
CSource2Server::GameServerSteamAPIActivated()
ClientPutInServer create new player controller [Arno]
[Arno] cl_interp_ratio='', LerpTime=0
"Arno<0><BOT><Unassigned>" ChangeTeam() CTMDBG , team 0, req team 2 willSwitch 0, 1.23 
ClientPutInServer create new player controller [Dragomir]
[Dragomir] cl_interp_ratio='', LerpTime=0
"Dragomir<1><BOT><Unassigned>" ChangeTeam() CTMDBG , team 0, req team 3 willSwitch 0, 1.23 
Host activate: Loading (de_anubis)
"Arno<0><BOT><TERRORIST>" OnPreResetRound => CTMDBG, team 2  will switch 0 1.25 
"Dragomir<1><BOT><CT>" OnPreResetRound => CTMDBG, team 3  will switch 0 1.25 
Using spawn points configuration 0x6C56B37C
1.250000 Long frame (WarmupPeriod): 16.82ms elapsed, 15.53ms sim time, 1 ticks, 80..80.
SV:  Connection to Steam servers successful.
SV:  ServerSteamID=[A:1:2436104200:49888] (90286262311976968).
[STARTUP] {6.054} logged on to Steam
Gameserver logged on to Steam, assigned identity steamid:90286262311976968
AuthStatus (steamid:90286262311976968):  Attempting  (Requesting cert)
Set SteamNetworkingSockets P2P_STUN_ServerList to '155.133.227.50:3478' as per SteamNetworkingSocketsSerialized
SV:  VAC secure mode is activated.
AuthStatus (steamid:90286262311976968):  OK  (OK)
Certificate expires in 48h00m at 1780012228 (current time 1779839427), will renew in 46h00m
GC Connection established for server version 2000835, instance idx 1
[STARTUP] {6.495} activated session on GC
13.390625 Long frame (WarmupPeriod): 27.10ms elapsed, 26.71ms sim time, 1 ticks, 857..857.
14.937500 Long frame (WarmupPeriod): 42.40ms elapsed, 41.85ms sim time, 1 ticks, 956..956.
34.828125 Long frame (WarmupPeriod): 30.76ms elapsed, 30.35ms sim time, 1 ticks, 2229..2229.
Accepting Steam Net connection #112214633 UDP steamid:76561199806844693@127.0.0.1:34464
Sending S2C_CHALLENGE [0 auth 3] to 127.0.0.1:34464
Receiving C2S_CONNECT [protocol 14164 0 auth 3] from 127.0.0.1:34464
Associating NetChan Astral ツ @ 127.0.0.1:34464 (127.0.0.1:34464) with Steam Net Connection handle #112214633 (userdata 0)
CServerSideClientBase::Connect( name='Astral ツ', userid=2, fake=0, connectiontypeflags=2, chan->addr=127.0.0.1:34464 )
Client 2 'Astral ツ' signon state SIGNONSTATE_NONE -> SIGNONSTATE_CONNECTED
Sending S2C_CONNECTION to 127.0.0.1:34464 [addons:'']
Sending S2C_CONNECTION to 127.0.0.1:34464 [addons:'']
Sending S2C_CONNECTION to 127.0.0.1:34464 [addons:'']
Sending S2C_CONNECTION to 127.0.0.1:34464 [addons:'']
Sending S2C_CONNECTION to 127.0.0.1:34464 [addons:'']
Sending S2C_CONNECTION to 127.0.0.1:34464 [addons:'']
Sending S2C_CONNECTION to 127.0.0.1:34464 [addons:'']
Sending S2C_CONNECTION to 127.0.0.1:34464 [addons:'']
Sending S2C_CONNECTION to 127.0.0.1:34464 [addons:'']
Sending S2C_CONNECTION to 127.0.0.1:34464 [addons:'']
Sending S2C_CONNECTION to 127.0.0.1:34464 [addons:'']
Sending S2C_CONNECTION to 127.0.0.1:34464 [addons:'']
Sending S2C_CONNECTION to 127.0.0.1:34464 [addons:'']
Sending S2C_CONNECTION to 127.0.0.1:34464 [addons:'']
Sending S2C_CONNECTION to 127.0.0.1:34464 [addons:'']
Sending S2C_CONNECTION to 127.0.0.1:34464 [addons:'']
Sending S2C_CONNECTION to 127.0.0.1:34464 [addons:'']
Sending S2C_CONNECTION to 127.0.0.1:34464 [addons:'']
Sending S2C_CONNECTION to 127.0.0.1:34464 [addons:'']
Sending S2C_CONNECTION to 127.0.0.1:34464 [addons:'']
Sending S2C_CONNECTION to 127.0.0.1:34464 [addons:'']
Sending S2C_CONNECTION to 127.0.0.1:34464 [addons:'']
Sending S2C_CONNECTION to 127.0.0.1:34464 [addons:'']
Sending S2C_CONNECTION to 127.0.0.1:34464 [addons:'']
Sending S2C_CONNECTION to 127.0.0.1:34464 [addons:'']
Sending S2C_CONNECTION to 127.0.0.1:34464 [addons:'']
Sending S2C_CONNECTION to 127.0.0.1:34464 [addons:'']
Sending S2C_CONNECTION to 127.0.0.1:34464 [addons:'']
Sending S2C_CONNECTION to 127.0.0.1:34464 [addons:'']
Sending S2C_CONNECTION to 127.0.0.1:34464 [addons:'']
ClientPutInServer create new player controller [Astral ツ]
Client 2 'Astral ツ' setting rate to 786432
[Astral ツ] cl_interp_ratio='0', LerpTime=0
Client 2 'Astral ツ' signon state SIGNONSTATE_CONNECTED -> SIGNONSTATE_NEW
Client 2 'Astral ツ' signon state SIGNONSTATE_NEW -> SIGNONSTATE_PRESPAWN
Client 2 'Astral ツ' signon state SIGNONSTATE_PRESPAWN -> SIGNONSTATE_SPAWN
SV:  "Astral ツ<2><[U:1:1846578965]><>" STEAM USERID validated
Client 2 'Astral ツ' signon state SIGNONSTATE_SPAWN -> SIGNONSTATE_FULL
SV:  Sending full update to client Astral ツ (reason:  initial update)
Astral ツ @ 127.0.0.1:34464:  NetChan Setting Timeout to 20.00 seconds
[AdminControlPlugin] Player 2 connected. SteamID: 76561199806844693, IP: 127.0.0.1
54.671875 Long frame (WarmupPeriod): 21.13ms elapsed, 20.29ms sim time, 1 ticks, 3499..3499.
"Astral ツ<2><[U:1:1846578965]><Unassigned>" ChangeTeam() CTMDBG , team 0, req team 2 willSwitch 0, 57.39 
Arno kicked by Console (NETWORK_DISCONNECT_KICKED)
[#112214633 UDP steamid:76561199806844693@127.0.0.1:34464 'Astral ツ'] recv queue overflow 100 messages already queued.
[#112214633 UDP steamid:76561199806844693@127.0.0.1:34464 'Astral ツ'] recv queue overflow 100 messages already queued.
[#112214633 UDP steamid:76561199806844693@127.0.0.1:34464 'Astral ツ'] recv queue overflow 100 messages already queued.
60.875000 Long frame (WarmupPeriod): 1865.54ms elapsed, 1864.48ms sim time, 1 ticks, 3896..3896.
Netchan queued message new high water mark reached by Astral ツ at [S_API FAIL] Tried to access Steam interface SteamUtils010 before SteamAPI_Init succeeded.
33 messages
Netchan queued message new high water mark reached by Astral ツ at 41 messages
Netchan queued message new high water mark reached by Astral ツ at 50 messages
Netchan queued message new high water mark reached by Astral ツ at 62 messages
Netchan queued message new high water mark reached by Astral ツ at 77 messages
Netchan queued message new high water mark reached by Astral ツ at 97 messages
Netchan queued message new high water mark reached by Astral ツ at 121 messages
Netchan queued message new high water mark reached by Astral ツ at 150 messages
Netchan queued message new high water mark reached by Astral ツ at 189 messages
Netchan queued message new high water mark reached by Astral ツ at 233 messages
Netchan queued message new high water mark reached by Astral ツ at 293 messages
Netchan queued message new high water mark reached by Astral ツ at 365 messages
72.125000 Long frame (WarmupPeriod): 19.22ms elapsed, 1.33ms sim time, 1 ticks, 4616..4616.
"Dragomir<1><BOT><CT>" OnPreResetRound => CTMDBG, team 3  will switch 0 74.09 
"Astral ツ<2><[U:1:1846578965]><TERRORIST>" OnPreResetRound => CTMDBG, team 2  will switch 0 74.09 
Using spawn points configuration 0x6C56B37C
BeginMatch
74.109375 Long frame (FreezePeriod): 21.75ms elapsed, 3.70ms sim time, 1 ticks, 4743..4743.
76.062500 Long frame (FreezePeriod): 19.48ms elapsed, 1.89ms sim time, 1 ticks, 4868..4868.
Dragomir kicked by Console (NETWORK_DISCONNECT_KICKED)
"Astral ツ<2><[U:1:1846578965]><TERRORIST>" OnPreResetRound => CTMDBG, team 2  will switch 0 92.34 
Using spawn points configuration 0x6C56B37C
102.562500 Long frame (FreezePeriod): 19.41ms elapsed, 0.95ms sim time, 1 ticks, 6564..6564.
VProfLite started.
ClientPutInServer create new player controller [Mae]
[Mae] cl_interp_ratio='', LerpTime=0
"Mae<3><BOT><Unassigned>" ChangeTeam() CTMDBG , team 0, req team 3 willSwitch 0, 110.84 
ClientPutInServer create new player controller [Blackwolf]
[Blackwolf] cl_interp_ratio='', LerpTime=0
"Blackwolf<4><BOT><Unassigned>" ChangeTeam() CTMDBG , team 0, req team 3 willSwitch 0, 110.86 
ClientPutInServer create new player controller [Farlow]
[Farlow] cl_interp_ratio='', LerpTime=0
"Farlow<5><BOT><Unassigned>" ChangeTeam() CTMDBG , team 0, req team 3 willSwitch 0, 110.86 
110.875000 Long frame (RoundOver): 23.41ms elapsed, 21.65ms sim time, 2 ticks, 7095..7096.
"Astral ツ<2><[U:1:1846578965]><TERRORIST>" OnPreResetRound => CTMDBG, team 2  will switch 0 117.84 
"Mae<3><BOT><CT>" OnPreResetRound => CTMDBG, team 3  will switch 0 117.84 
"Blackwolf<4><BOT><CT>" OnPreResetRound => CTMDBG, team 3  will switch 0 117.84 
"Farlow<5><BOT><CT>" OnPreResetRound => CTMDBG, team 3  will switch 0 117.84 
Using spawn points configuration 0x6C56B37C
117.843750 Long frame (FreezePeriod): 43.14ms elapsed, 39.56ms sim time, 1 ticks, 7542..7542.
Waited 2.2ms for SteamNetworkingSockets lock
152.859375 UNEXPECTED LONG FRAME DETECTED: 26.02ms elapsed, 23.96ms sim time, 1 ticks, 9783..9783.
Framerate spike report
FrameTotal:   26.13ms, tolerance:    2.60ms

excl ms   excl %   incl ms   group
--------  -------  --------  --------------
 21.53ms   82.41%   25.43ms  Server Simulation
  0.96ms    3.68%    0.96ms  Server PackEntities
  0.62ms    2.37%    0.62ms  Animation
  0.59ms    2.24%    2.02ms  UserCommands
  0.34ms    1.30%    0.82ms  Server Animation
  0.32ms    1.24%    0.32ms  NPCs
  0.23ms    0.88%    0.35ms  Server Physics
  0.21ms    0.81%    3.44ms  Server Game
  0.20ms    0.78%   26.03ms  Unaccounted
  0.18ms    0.71%    0.18ms  Networking
  0.15ms    0.57%    0.17ms  EventFrameBoundary_t

CNavMesh::TestRayToMesh error.  Ray did not exit nav area.
182.500000 UNEXPECTED LONG FRAME DETECTED: 24.55ms elapsed, 23.00ms sim time, 1 ticks, 11680..11680.
Framerate spike report
FrameTotal:   24.69ms, tolerance:    2.45ms

excl ms   excl %   incl ms   group
--------  -------  --------  --------------
 13.20ms   53.45%   21.48ms  UserCommands
  7.75ms   31.40%   24.04ms  Server Simulation
  0.63ms    2.55%    0.63ms  Server PackEntities
  0.35ms    1.43%    0.35ms  NavMesh[AdminControlPlugin] Ban cache loaded successfully. 0 SteamID and 0 IP bans.
[AdminControlPlugin] Mute cache loaded successfully. 0 muted players.
[20:54:15.638] CSSharp: CGameSystem::BuildGameSessionManifest

  0.33ms    1.33%    0.52ms  Server Animation
  0.32ms    1.31%    0.32ms  Animation
  0.28ms    1.14%    0.44ms  NPCs
  0.28ms    1.12%    0.36ms  Server Physics
  0.27ms    1.07%   22.65ms  Server Game
  0.23ms    0.94%   24.56ms  Unaccounted
  0.13ms    0.54%    0.14ms  CalcAnimationState

"Astral ツ<2><[U:1:1846578965]><TERRORIST>" OnPreResetRound => CTMDBG, team 2  will switch 0 192.72 
"Mae<3><BOT><CT>" OnPreResetRound => CTMDBG, team 3  will switch 0 192.72 
"Blackwolf<4><BOT><CT>" OnPreResetRound => CTMDBG, team 3  will switch 0 192.72 
"Farlow<5><BOT><CT>" OnPreResetRound => CTMDBG, team 3  will switch 0 192.72 
Using spawn points configuration 0x6C56B37C
192.718750 Long frame (FreezePeriod): 38.05ms elapsed, 35.55ms sim time, 1 ticks, 12334..12334.
[AdminControlPlugin] Admin Astral ツ executed RCON command: map de_inferno
Changelevel to de_inferno
changelevel "de_inferno"
CHostStateMgr::QueueNewRequest( Changelevel (de_inferno), 3 )
SV:  CNetworkServerService::StartChangeLevel( (no landmark) )
Client 2 'Astral ツ' signon state SIGNONSTATE_FULL -> SIGNONSTATE_CHANGELEVEL
HostStateRequest::Start(HSR_GAME):  loop(levelload) id(3) addons() desc(Changelevel (de_inferno))
SwitchToLoop levelload requested:  id [3] addons []
SV:  IGameSystem::LoopDeactivateAllSystems {
HO:  IGameSystem::LoopDeactivateAllSystems {
HO:  } IGameSystem::LoopDeactivateAllSystems done
SV:  } IGameSystem::LoopDeactivateAllSystems done
SV:  Server shutting down: NETWORK_DISCONNECT_LOOPDEACTIVATE (55)
CNetworkGameServerBase::SetServerState (ss_active -> ss_dead)
CPlayerVoiceListener::PostSpawnGroupUnload()
CPlayerVoiceListener::PostSpawnGroupUnload()
CPlayerVoiceListener::PostSpawnGroupUnload()
CPlayerVoiceListener::PostSpawnGroupUnload()
CPlayerVoiceListener::PostSpawnGroupUnload()
CPlayerVoiceListener::PostSpawnGroupUnload()
CPlayerVoiceListener::PostSpawnGroupUnload()
CPlayerVoiceListener::PostSpawnGroupUnload()
SV: CNetworkStringTableContainer::RemoveAllTables:  removing 13 tables
CL: CNetworkStringTableContainer::RemoveAllTables:  removing 13 tables
CPlayerVoiceListener::GameShutdown()
SV:  CGameRulesGameSystem::GameShutdown uninstalled game rules
SV:  CGameRules::CGameRules destructed
SV:  Level loading started for 'de_inferno'
CL:  CLoopModeLevelLoad::MaybeSwitchToGameLoop switching to "game" loopmode with addons ()
SwitchToLoop game requested:  id [3] addons []
CNetworkGameServerBase::SetServerState (ss_dead -> ss_waitingforgamesessionmanifest)
SV:  maxplayers set to 64
Network socket 'server' opened on port 27018
Initializing CSGO VScript Game System
SV:  Executing server defaults
SV:  Executing dedicated server config file
GameTypes: could not find matching game mode value of "" in any game type.
SV:  CGameRulesGameSystem::GameInit installed game rules
CPlayerVoiceListener::GameInit()
exec: couldn't exec '{*}cfg/banned_user.cfg', unable to read file
exec: couldn't exec '{*}cfg/banned_ip.cfg', unable to read file
execing server_default.cfg
execing server.cfg
execing gamemode_competitive.cfg
exec: couldn't exec '{*}cfg/gamemode_competitive_server.cfg', unable to read file
Unknown command 'rcon_port'!
Unknown command 'mp_weapons_glow_on_ground'!
Unknown command 'sv_gameinstructor_enable'!
[#112214633 UDP steamid:76561199806844693@127.0.0.1:34464 'Astral ツ'] recv queue overflow 100 messages already queued.
[#112214633 UDP steamid:76561199806844693@127.0.0.1:34464 'Astral ツ'] recv queue overflow 100 messages already queued.
[#112214633 UDP steamid:76561199806844693@127.0.0.1:34464 'Astral ツ'] recv queue overflow 100 messages already queued.
SV:  Spawn Server: de_inferno
CSource2Server::ApplyGameSettings game settings payload received:
  ::ExecGameTypeCfg {
    map {
      mapname de_inferno
    }
    launchoptions {
      levelname de_inferno
      mode dedicated
      loadmap int( 1 = 0x1 )
      changelevel int( 1 = 0x1 )
      map de_inferno
      mapgroup 
      requires_attr 
      requires_attr_value int( -1 = 0xFFFFFFFF )
      requires_attr_reward 
      reward_drop_list int( -1 = 0xFFFFFFFF )
      numSlots int( 10 = 0xA )
      c_game_type int( 0 = 0x0 )
      c_game_mode int( 1 = 0x1 )
      default_game_type int( 0 = 0x0 )
      default_game_mode int( 0 = 0x0 )
      ct_arms models/weapons/ct_arms_sas.vmdl
      t_arms models/weapons/t_arms_separatist.vmdl
      ct_models {
         ctm_sas
         ctm_sas_variantA
         ctm_sas_variantB
         ctm_sas_variantC
         ctm_sas_variantD
      }
      t_models {
         tm_separatist
         tm_separatist_variantA
         tm_separatist_variantB
         tm_separatist_variantC
         tm_separatist_variantD
      }
    }
  }
CNetworkGameServerBase::SetServerState (ss_waitingforgamesessionmanifest -> ss_loading)
SV:  Forcing client reconnect (SIGNONSTATE_CHANGELEVEL) for client 'Astral ツ'
Client 2 'Astral ツ' signon state SIGNONSTATE_CHANGELEVEL -> SIGNONSTATE_CONNECTED
texturebase.cpp(3486):ResourceHandleToData( maps/de_inferno/lightmaps/direct_light_shadows.vtex ) failed! Falling back to error texture!
texturebase.cpp(3486):ResourceHandleToData( maps/de_inferno/lightmaps/irradiance.vtex ) failed! Falling back to error texture!
texturebase.cpp(3486):ResourceHandleToData( maps/de_inferno/lightmaps/directional_irradiance.vtex ) failed! Falling back to error texture!
CWorldRendererMgr::ServiceWorldRequests long frame: 46.502792ms
[Astral ツ @ 127.0.0.1:34464] high frame misdelivery 17.1%, 159/0 of 931 frames dropped/reordered, 0ms ping, 2ms peak jitter
Failed loading resource "maps/prefabs/misc/terrorist_team_intro_variant2/world_visibility.vvis_c" (ERROR_FILEOPEN: File not found)
texturebase.cpp(3486):ResourceHandleToData( maps/prefabs/de_inferno/inferno_skybox/lightmaps/direct_light_shadows.vtex ) failed! Falling back to error texture!
texturebase.cpp(3486):ResourceHandleToData( maps/prefabs/de_inferno/inferno_skybox/lightmaps/irradiance.vtex ) failed! Falling back to error texture!
texturebase.cpp(3486):ResourceHandleToData( maps/prefabs/de_inferno/inferno_skybox/lightmaps/directional_irradiance.vtex ) failed! Falling back to error texture!
CNetworkGameServerBase::SetServerState (ss_loading -> ss_active)
SV:  CNetworkServerService::FinishChangeLevel:  reactivating previous clients
Reactivate moving 'Astral ツ' from slot 2 to slot 0
SV:  IGameSystem::LoopActivateAllSystems {
HO:  IGameSystem::LoopActivateAllSystems {
HO:  } IGameSystem::LoopActivateAllSystems done
SV:  } IGameSystem::LoopActivateAllSystems done
Created physics for de_inferno
Cannot create physics for prop_physics "" (models/generic/plants/cress_plant_kit/cress_plant_01_a.vmdl) @{1744.46,1230.74,275.141}
Cannot create physics for prop_physics "" (models/generic/plants/cress_plant_kit/cress_plant_03_a.vmdl) @{1887.22,1230.84,275.628}
Cannot create physics for prop_physics "" (models/generic/plants/cress_plant_kit/cress_plant_03_a.vmdl) @{2140.41,993.081,288.128}
Cannot create physics for prop_physics "" (models/generic/plants/cress_plant_kit/cress_plant_03_a.vmdl) @{2000.41,993.106,288.128}
Cannot create physics for prop_physics "" (models/generic/plants/cress_plant_kit/cress_plant_02_a.vmdl) @{-124.153,-32.1779,157.938}
CNavGenParams - Nav mesh requests project default generation parameters but actual parameters
  used during construction differ from defaults. Please re-export the map.
CNavGenParams - Nav mesh requests project default generation parameters but actual parameters
  used during construction differ from defaults. Please re-export the map.
CNavGenParams - Nav mesh requests project default generation parameters but actual parameters
  used during construction differ from defaults. Please re-export the map.
CNavGenParams - Nav mesh requests project default generation parameters but actual parameters
  used during construction differ from defaults. Please re-export the map.
SV:  64 player server started
ClientPutInServer create new player controller [Specialist]
[Specialist] cl_interp_ratio='', LerpTime=0
"Specialist<1><BOT><Unassigned>" ChangeTeam() CTMDBG , team 0, req team 2 willSwitch 0, 10.25 
ClientPutInServer create new player controller [Skullhead]
[Skullhead] cl_interp_ratio='', LerpTime=0
"Skullhead<2><BOT><Unassigned>" ChangeTeam() CTMDBG , team 0, req team 3 willSwitch 0, 10.25 
Host activate: Changelevel (de_inferno)
"Specialist<1><BOT><TERRORIST>" OnPreResetRound => CTMDBG, team 2  will switch 0 10.27 
"Skullhead<2><BOT><CT>" OnPreResetRound => CTMDBG, team 3  will switch 0 10.27 
Using spawn points configuration 0x6F99FFBF
Cannot create physics for prop_physics "" (models/generic/plants/cress_plant_kit/cress_plant_01_a.vmdl) @{1744.46,1230.74,275.141}
Cannot create physics for prop_physics "" (models/generic/plants/cress_plant_kit/cress_plant_03_a.vmdl) @{1887.22,1230.84,275.628}
Cannot create physics for prop_physics "" (models/generic/plants/cress_plant_kit/cress_plant_03_a.vmdl) @{2140.41,993.081,288.128}
Cannot create physics for prop_physics "" (models/generic/plants/cress_plant_kit/cress_plant_03_a.vmdl) @{2000.41,993.106,288.128}
Cannot create physics for prop_physics "" (models/generic/plants/cress_plant_kit/cress_plant_02_a.vmdl) @{-124.153,-32.1779,157.938}
10.265625 Long frame (WarmupPeriod): 68.88ms elapsed, 68.27ms sim time, 1 ticks, 657..657.
ClientPutInServer create new player controller [Astral ツ]
Astral ツ @ 127.0.0.1:34464:  NetChan Setting Timeout to 120.00 seconds
[Astral ツ] cl_interp_ratio='0', LerpTime=0
Client 0 'Astral ツ' signon state SIGNONSTATE_CONNECTED -> SIGNONSTATE_NEW
Client 0 'Astral ツ' signon state SIGNONSTATE_NEW -> SIGNONSTATE_PRESPAWN
Client 0 'Astral ツ' signon state SIGNONSTATE_PRESPAWN -> SIGNONSTATE_SPAWN
15.171875 Long frame (WarmupPeriod): 19.35ms elapsed, 1.52ms sim time, 1 ticks, 971..971.
Client 0 'Astral ツ' signon state SIGNONSTATE_SPAWN -> SIGNONSTATE_FULL
SV:  Sending full update to client Astral ツ (reason:  requested uncompressed update (2))
21.187500 Long frame (WarmupPeriod): 20.09ms elapsed, 7.04ms sim time, 1 ticks, 1356..1356.
Astral ツ @ 127.0.0.1:34464:  NetChan Setting Timeout to 20.00 seconds
[AdminControlPlugin] Player 0 connected. SteamID: 76561199806844693, IP: 127.0.0.1
"Astral ツ<0><[U:1:1846578965]><Unassigned>" ChangeTeam() CTMDBG , team 0, req team 2 willSwitch 0, 25.73 
Specialist kicked by Console (NETWORK_DISCONNECT_KICKED)
25.734375 Long frame (WarmupPeriod): 27.75ms elapsed, 26.32ms sim time, 1 ticks, 1647..1647.
59.062500 Long frame (WarmupPeriod): 20.30ms elapsed, 18.53ms sim time, 1 ticks, 3780..3780.
59.515625 Long frame (WarmupPeriod): 20.20ms elapsed, 18.87ms sim time, 1 ticks, 3809..3809.
"Astral ツ<0><[U:1:1846578965]><TERRORIST>" OnPreResetRound => CTMDBG, team 2  will switch 0 63.38 
"Skullhead<2><BOT><CT>" OnPreResetRound => CTMDBG, team 3  will switch 0 63.38 
Using spawn points configuration 0x6F99FFBF
Cannot create physics for prop_physics "" (models/generic/plants/cress_plant_kit/cress_plant_01_a.vmdl) @{1744.46,1230.74,275.141}
Cannot create physics for prop_physics "" (models/generic/plants/cress_plant_kit/cress_plant_03_a.vmdl) @{1887.22,1230.84,275.628}
Cannot create physics for prop_physics "" (models/generic/plants/cress_plant_kit/cress_plant_03_a.vmdl) @{2140.41,993.081,288.128}
Cannot create physics for prop_physics "" (models/generic/plants/cress_plant_kit/cress_plant_03_a.vmdl) @{2000.41,993.106,288.128}
Cannot create physics for prop_physics "" (models/generic/plants/cress_plant_kit/cress_plant_02_a.vmdl) @{-124.153,-32.1779,157.938}
BeginMatch
63.390625 Long frame (FreezePeriod): 127.00ms elapsed, 15.61ms sim time, 1 ticks, 4057..4057.
[#112214633 UDP steamid:76561199806844693@127.0.0.1:34464 'Astral ツ'] closed by peer (1002): NETWORK_DISCONNECT_DISCONNECT_BY_USER
Steam Net connection #112214633 UDP steamid:76561199806844693@127.0.0.1:34464 'Astral ツ' closed by peer, reason 1002: NETWORK_DISCONNECT_DISCONNECT_BY_USER
Netchan 'Astral ツ' closed unexpectedly: NETWORK_DISCONNECT_DISCONNECT_BY_USER
CloseSteamNetConnection handle #112214633 (userdata 0)
Disassociating NetChan Astral ツ @ 127.0.0.1:34464 (127.0.0.1:34464) from Steam Net Connection handle #112214633 (userdata 0)
Removing Steam Net Connection for 127.0.0.1:34464, handle #112214633
Disconnect client 'Astral ツ' from server: NETWORK_DISCONNECT_DISCONNECT_BY_USER
Client 0 'Astral ツ' signon state SIGNONSTATE_FULL -> SIGNONSTATE_NONE
SV:  Dropped client 'Astral ツ' from server(2): NETWORK_DISCONNECT_DISCONNECT_BY_USER
ClientPutInServer create new player controller [Hugg]
[Hugg] cl_interp_ratio='', LerpTime=0
"Hugg<3><BOT><Unassigned>" ChangeTeam() CTMDBG , team 0, req team 2 willSwitch 0, 103.30 
103.296875 Long frame (RoundOver): 19.47ms elapsed, 19.00ms sim time, 1 ticks, 6611..6611.
"Astral ツ<0><STEAM_ID_PENDING><TERRORIST>" OnPreResetRound => CTMDBG, team 2  will switch 0 110.30 
"Skullhead<2><BOT><CT>" OnPreResetRound => CTMDBG, team 3  will switch 0 110.30 
"Hugg<3><BOT><TERRORIST>" OnPreResetRound => CTMDBG, team 2  will switch 0 110.30 
Using spawn points configuration 0x6F99FFBF
Cannot create physics for prop_physics "" (models/generic/plants/cress_plant_kit/cress_plant_01_a.vmdl) @{1744.46,1230.74,275.141}
Cannot create physics for prop_physics "" (models/generic/plants/cress_plant_kit/cress_plant_03_a.vmdl) @{1887.22,1230.84,275.628}
Cannot create physics for prop_physics "" (models/generic/plants/cress_plant_kit/cress_plant_03_a.vmdl) @{2140.41,993.081,288.128}
Cannot create physics for prop_physics "" (models/generic/plants/cress_plant_kit/cress_plant_03_a.vmdl) @{2000.41,993.106,288.128}
Cannot create physics for prop_physics "" (models/generic/plants/cress_plant_kit/cress_plant_02_a.vmdl) @{-124.153,-32.1779,157.938}
110.296875 Long frame (FreezePeriod): 113.53ms elapsed, 113.02ms sim time, 1 ticks, 7059..7059.
"Astral ツ<0><STEAM_ID_PENDING><TERRORIST>" OnPreResetRound => CTMDBG, team 2  will switch 0 247.30 
"Skullhead<2><BOT><CT>" OnPreResetRound => CTMDBG, team 3  will switch 0 247.30 
"Hugg<3><BOT><TERRORIST>" OnPreResetRound => CTMDBG, team 2  will switch 0 247.30 
Using spawn points configuration 0x6F99FFBF
Cannot create physics for prop_physics "" (models/generic/plants/cress_plant_kit/cress_plant_01_a.vmdl) @{1744.46,1230.74,275.141}
Cannot create physics for prop_physics "" (models/generic/plants/cress_plant_kit/cress_plant_03_a.vmdl) @{1887.22,1230.84,275.628}
Cannot create physics for prop_physics "" (models/generic/plants/cress_plant_kit/cress_plant_03_a.vmdl) @{2140.41,993.081,288.128}
Cannot create physics for prop_physics "" (models/generic/plants/cress_plant_kit/cress_plant_03_a.vmdl) @{2000.41,993.106,288.128}
Cannot create physics for prop_physics "" (models/generic/plants/cress_plant_kit/cress_plant_02_a.vmdl) @{-124.153,-32.1779,157.938}
247.296875 Long frame (FreezePeriod): 80.79ms elapsed, 80.34ms sim time, 1 ticks, 15827..15827.
292.843750 UNEXPECTED LONG FRAME DETECTED: 20.04ms elapsed, 1.49ms sim time, 1 ticks, 18742..18742.
Framerate spike report
FrameTotal:    2.22ms, tolerance:    2.00ms

excl ms   excl %   incl ms   group
--------  -------  --------  --------------
  0.31ms   13.96%    0.31ms  Animation
  0.29ms   13.27%   20.06ms  Unaccounted
  0.26ms   11.72%    1.55ms  Server Simulation
  0.26ms   11.60%    0.48ms  UserCommands
  0.21ms    9.28%    0.44ms  Server Animation
  0.15ms    6.59%    0.20ms  Server Physics
  0.12ms    5.40%    0.24ms  Frame Boundary
  0.11ms    4.78%    1.28ms  Server Game
  0.10ms    4.67%    0.10ms  NPCs
  0.09ms    3.89%    0.09ms  Server LateWake
  0.05ms    2.41%    0.05ms  CalcAnimationState

Certificate expires in 47h50m at 1780012228 (current time 1779840027), will renew in 45h50m
"Astral ツ<0><STEAM_ID_PENDING><TERRORIST>" OnPreResetRound => CTMDBG, team 2  will switch 0 384.30 
"Skullhead<2><BOT><CT>" OnPreResetRound => CTMDBG, team 3  will switch 0 384.30 
"Hugg<3><BOT><TERRORIST>" OnPreResetRound => CTMDBG, team 2  will switch 0 384.30 
Using spawn points configuration 0x6F99FFBF
Cannot create physics for prop_physics "" (models/generic/plants/cress_plant_kit/cress_plant_01_a.vmdl) @{1744.46,1230.74,275.141}
Cannot create physics for prop_physics "" (models/generic/plants/cress_plant_kit/cress_plant_03_a.vmdl) @{1887.22,1230.84,275.628}
Cannot create physics for prop_physics "" (models/generic/plants/cress_plant_kit/cress_plant_03_a.vmdl) @{2140.41[S_API FAIL] Tried to access Steam interface SteamUtils010 before SteamAPI_Init succeeded.
[21:02:08.723] CSSharp: CGameSystem::Shutdown
Loaded /media/astral/7DFD-F7FB/Counter-Strike2-Server/cs2/game/bin/linuxsteamrt64/libengine2.so, got 0x55731c5037e0
Using breakpad crash handler
Setting breakpad minidump AppID = 2347773
Forcing breakpad minidump interfaces to load
dlopen failed trying to load:
/root/.steam/sdk64/steamclient.so
with error:
/root/.steam/sdk64/steamclient.so: não é possível abrir arquivo compartilhado: Permissão negada
Looking up breakpad interfaces from steamclient
Calling BreakpadMiniDumpSystemInit

Console initialized.
Steam AppId(730), BreakpadId(2347771)
InitSteamLogin_Internal: Initializing breakpad.
Steam Universe is invalid, possibly asking before Steam was successfully initialized.
ResetBreakpadAppId: Universe is 0 (k_EUniverseInvalid)
ResetBreakpadAppId: Setting dedicated server app id: 2347773
Loaded libSDL3.so.0, got 0x55731c61e920
Loaded /media/astral/7DFD-F7FB/Counter-Strike2-Server/cs2/game/bin/linuxsteamrt64/libtier0.so, got 0x55731c4ec700
Visibility enabled.
Loaded /media/astral/7DFD-F7FB/Counter-Strike2-Server/cs2/game/bin/linuxsteamrt64/libfilesystem_stdio.so, got 0x55731c61f2e0
USRLOCAL path not found!
Loaded /media/astral/7DFD-F7FB/Counter-Strike2-Server/cs2/game/bin/linuxsteamrt64/liblocalize.so, got 0x55731c61fc50
Loaded /media/astral/7DFD-F7FB/Counter-Strike2-Server/cs2/game/bin/linuxsteamrt64/librendersystemempty.so, got 0x55731c620190
Loaded /media/astral/7DFD-F7FB/Counter-Strike2-Server/cs2/game/bin/linuxsteamrt64/libresourcesystem.so, got 0x55731c620b00
Loaded /media/astral/7DFD-F7FB/Counter-Strike2-Server/cs2/game/bin/linuxsteamrt64/libschemasystem.so, got 0x55731c621460
Trying to set dxlevel (111) which is higher than the card can support (110)!
Loaded /media/astral/7DFD-F7FB/Counter-Strike2-Server/cs2/game/bin/linuxsteamrt64/libmaterialsystem2.so, got 0x55731c621ba0
---------------
Path ID:             File Path:
ADDONS               "/media/astral/7DFD-F7FB/Counter-Strike2-Server/cs2/game/csgo_addons/" 
CONTENT              "/media/astral/7DFD-F7FB/Counter-Strike2-Server/cs2/content/csgo/addons/metamod/" 
CONTENT              "/media/astral/7DFD-F7FB/Counter-Strike2-Server/cs2/content/csgo/" 
CONTENT              "/media/astral/7DFD-F7FB/Counter-Strike2-Server/cs2/content/csgo_imported/" 
CONTENT              "/media/astral/7DFD-F7FB/Counter-Strike2-Server/cs2/content/csgo_core/" 
CONTENT              "/media/astral/7DFD-F7FB/Counter-Strike2-Server/cs2/content/core/" 
CONTENTADDONS        "/media/astral/7DFD-F7FB/Counter-Strike2-Server/cs2/content/csgo_addons/" 
CONTENTROOT          "/media/astral/7DFD-F7FB/Counter-Strike2-Server/cs2/content/" 
DEFAULT_WRITE_PATH   "/media/astral/7DFD-F7FB/Counter-Strike2-Server/cs2/game/csgo/addons/metamod/" 
EXECUTABLE_PATH      "/media/astral/7DFD-F7FB/Counter-Strike2-Server/cs2/game/bin/linuxsteamrt64/" 
GAME                 "/media/astral/7DFD-F7FB/Counter-Strike2-Server/cs2/game/csgo/pak01.vpk" (vpk) /media/astral/7DFD-F7FB/Counter-Strike2-Server/cs2/game/csgo/pak01.vpk
GAME                 "/media/astral/7DFD-F7FB/Counter-Strike2-Server/cs2/game/csgo_imported/pak01.vpk" (vpk) /media/astral/7DFD-F7FB/Counter-Strike2-Server/cs2/game/csgo_imported/pak01.vpk
GAME                 "/media/astral/7DFD-F7FB/Counter-Strike2-Server/cs2/game/csgo_core/pak01.vpk" (vpk) /media/astral/7DFD-F7FB/Counter-Strike2-Server/cs2/game/csgo_core/pak01.vpk
GAME                 "/media/astral/7DFD-F7FB/Counter-Strike2-Server/cs2/game/core/pak01.vpk" (vpk) /media/astral/7DFD-F7FB/Counter-Strike2-Server/cs2/game/core/pak01.vpk
GAME                 "/media/astral/7DFD-F7FB/Counter-Strike2-Server/cs2/game/csgo/shaders_vulkan.vpk" (vpk) /media/astral/7DFD-F7FB/Counter-Strike2-Server/cs2/game/csgo/shaders_vulkan.vpk
GAME                 "/media/astral/7DFD-F7FB/Counter-Strike2-Server/cs2/game/csgo_core/shaders_vulkan.vpk" (vpk) /media/astral/7DFD-F7FB/Counter-Strike2-Server/cs2/game/csgo_core/shaders_vulkan.vpk
GAME                 "/media/astral/7DFD-F7FB/Counter-Strike2-Server/cs2/game/core/shaders_vulkan.vpk" (vpk) /media/astral/7DFD-F7FB/Counter-Strike2-Server/cs2/game/core/shaders_vulkan.vpk
GAME                 "/media/astral/7DFD-F7FB/Counter-Strike2-Server/cs2/game/csgo/addons/metamod/" 
GAME                 "/media/astral/7DFD-F7FB/Counter-Strike2-Server/cs2/game/csgo/" 
GAME                 "/media/astral/7DFD-F7FB/Counter-Strike2-Server/cs2/game/csgo_imported/" 
GAME                 "/media/astral/7DFD-F7FB/Counter-Strike2-Server/cs2/game/csgo_core/" 
GAME                 "/media/astral/7DFD-F7FB/Counter-Strike2-Server/cs2/game/core/" 
GAMEBIN              "/media/astral/7DFD-F7FB/Counter-Strike2-Server/cs2/game/csgo/addons/metamod/bin/linuxsteamrt64/" 
GAMEBIN              "/media/astral/7DFD-F7FB/Counter-Strike2-Server/cs2/game/csgo/addons/metamod/bin/" 
GAMEBIN              "/media/astral/7DFD-F7FB/Counter-Strike2-Server/cs2/game/csgo/bin/linuxsteamrt64/" 
GAMEBIN              "/media/astral/7DFD-F7FB/Counter-Strike2-Server/cs2/game/csgo/bin/" 
GAMEBIN              "/media/astral/7DFD-F7FB/Counter-Strike2-Server/cs2/game/csgo_imported/bin/linuxsteamrt64/" 
GAMEBIN              "/media/astral/7DFD-F7FB/Counter-Strike2-Server/cs2/game/csgo_imported/bin/" 
GAMEBIN              "/media/astral/7DFD-F7FB/Counter-Strike2-Server/cs2/game/csgo_core/bin/linuxsteamrt64/" 
GAMEBIN              "/media/astral/7DFD-F7FB/Counter-Strike2-Server/cs2/game/csgo_core/bin/" 
GAMEBIN              "/media/astral/7DFD-F7FB/Counter-Strike2-Server/cs2/game/core/bin/linuxsteamrt64/" 
GAMEBIN              "/media/astral/7DFD-F7FB/Counter-Strike2-Server/cs2/game/core/bin/" 
GAMEROOT             "/media/astral/7DFD-F7FB/Counter-Strike2-Server/cs2/game/" 
MOD                  "/media/astral/7DFD-F7FB/Counter-Strike2-Server/cs2/game/csgo/pak01.vpk" (vpk) /media/astral/7DFD-F7FB/Counter-Strike2-Server/cs2/game/csgo/pak01.vpk
MOD                  "/media/astral/7DFD-F7FB/Counter-Strike2-Server/cs2/game/csgo_imported/pak01.vpk" (vpk) /media/astral/7DFD-F7FB/Counter-Strike2-Server/cs2/game/csgo_imported/pak01.vpk
MOD                  "/media/astral/7DFD-F7FB/Counter-Strike2-Server/cs2/game/csgo_core/pak01.vpk" (vpk) /media/astral/7DFD-F7FB/Counter-Strike2-Server/cs2/game/csgo_core/pak01.vpk
MOD                  "/media/astral/7DFD-F7FB/Counter-Strike2-Server/cs2/game/csgo/" 
MOD                  "/media/astral/7DFD-F7FB/Counter-Strike2-Server/cs2/game/csgo_imported/" 
MOD                  "/media/astral/7DFD-F7FB/Counter-Strike2-Server/cs2/game/csgo_core/" 
OFFICIAL_ADDONS      "/media/astral/7DFD-F7FB/Counter-Strike2-Server/cs2/game/csgo_community_addons/" 
PLATFORM             "/media/astral/7DFD-F7FB/Counter-Strike2-Server/cs2/game/core/pak01.vpk" (vpk) /media/astral/7DFD-F7FB/Counter-Strike2-Server/cs2/game/core/pak01.vpk
PLATFORM             "/media/astral/7DFD-F7FB/Counter-Strike2-Server/cs2/game/core/" 
SHADER_SOURCE        "/media/astral/7DFD-F7FB/Counter-Strike2-Server/cs2/src/shaders/csgo/addons/metamod/" 
SHADER_SOURCE        "/media/astral/7DFD-F7FB/Counter-Strike2-Server/cs2/src/shaders/csgo/" 
SHADER_SOURCE        "/media/astral/7DFD-F7FB/Counter-Strike2-Server/cs2/src/shaders/csgo_imported/" 
SHADER_SOURCE        "/media/astral/7DFD-F7FB/Counter-Strike2-Server/cs2/src/shaders/csgo_core/" 
SHADER_SOURCE        "/media/astral/7DFD-F7FB/Counter-Strike2-Server/cs2/src/shaders/core/" 
SHADER_SOURCE        "/media/astral/7DFD-F7FB/Counter-Strike2-Server/cs2/src/shaders/csgo_community_addons/" 
SHADER_SOURCE_MOD    "/media/astral/7DFD-F7FB/Counter-Strike2-Server/cs2/src/shaders/csgo/addons/metamod/" 
SHADER_SOURCE_ROOT   "/media/astral/7DFD-F7FB/Counter-Strike2-Server/cs2/src/shaders/" 
command line arguments:
-dedicated -nojoy -usercon -port 27018 +map de_anubis
protected command line arguments (stripped from above):
+rcon_password <protected>
Loaded /media/astral/7DFD-F7FB/Counter-Strike2-Server/cs2/game/bin/linuxsteamrt64/libmeshsystem.so, got 0x55731c6908e0
Loaded /media/astral/7DFD-F7FB/Counter-Strike2-Server/cs2/game/bin/linuxsteamrt64/libworldrenderer.so, got 0x55731c6a3250
Loaded /media/astral/7DFD-F7FB/Counter-Strike2-Server/cs2/game/bin/linuxsteamrt64/libpulse_system.so, got 0x55731c6b5fe0
Loaded /media/astral/7DFD-F7FB/Counter-Strike2-Server/cs2/game/bin/linuxsteamrt64/libvscript.so, got 0x55731c6c8530
Loaded /media/astral/7DFD-F7FB/Counter-Strike2-Server/cs2/game/bin/linuxsteamrt64/libnetworksystem.so, got 0x55731c6daea0
Loaded /media/astral/7DFD-F7FB/Counter-Strike2-Server/cs2/game/bin/linuxsteamrt64/libanimationsystem.so, got 0x55731c6ef4f0
Loaded /media/astral/7DFD-F7FB/Counter-Strike2-Server/cs2/game/bin/linuxsteamrt64/libvphysics2.so, got 0x55731c706cd0
Loaded /media/astral/7DFD-F7FB/Counter-Strike2-Server/cs2/game/bin/linuxsteamrt64/libsoundsystem.so, got 0x55731c719640
Loaded /media/astral/7DFD-F7FB/Counter-Strike2-Server/cs2/game/bin/linuxsteamrt64/libscenesystem.so, got 0x55731c731a70
Network System Initialized
MOD desires lightbinner GPU but is unsupported by HW (SupportsCompute=0 CubeMapArrays=0)
Loaded /media/astral/7DFD-F7FB/Counter-Strike2-Server/cs2/game/bin/linuxsteamrt64/libserver_valve.so, got (nil)
Loaded libserver_valve.so, got (nil)
Loaded /media/astral/7DFD-F7FB/Counter-Strike2-Server/cs2/game/csgo/addons/metamod/bin/linuxsteamrt64/libserver.so, got 0x55731c749630
Loaded /media/astral/7DFD-F7FB/Counter-Strike2-Server/cs2/game/bin/linuxsteamrt64/libengine2.so, got 0x55731c5037e0
Physics Console Communications is not initialized
Loaded /media/astral/7DFD-F7FB/Counter-Strike2-Server/cs2/game/csgo/bin/linuxsteamrt64/libhost.so, got 0x55731c78cde0
Loaded /media/astral/7DFD-F7FB/Counter-Strike2-Server/cs2/game/bin/linuxsteamrt64/libscenefilecache.so, got 0x55731c7a06c0
Loaded /media/astral/7DFD-F7FB/Counter-Strike2-Server/cs2/game/bin/linuxsteamrt64/libparticles.so, got 0x55731c7b3030
Loaded /media/astral/7DFD-F7FB/Counter-Strike2-Server/cs2/game/csgo/bin/linuxsteamrt64/libmatchmaking.so, got 0x55731c7c6e40
Loaded /media/astral/7DFD-F7FB/Counter-Strike2-Server/cs2/game/bin/linuxsteamrt64/libv8system.so, got 0x55731c7db4a0
[21:02:14.790] CSSharp: Initializing with command line: "/media/astral/7DFD-F7FB/Counter-Strike2-Server/cs2/game/bin/linuxsteamrt64/cs2" /media/astral/7DFD-F7FB/Counter-Strike2-Server/cs2/game/bin/linuxsteamrt64/cs2 -dedicated -nojoy -usercon -port 27018 +map de_anubis +rcon_password GZPWA3PyZ7zonPf
[21:02:14.791] CSSharp: Current root directory: /media/astral/7DFD-F7FB/Counter-Strike2-Server/cs2/game/csgo/addons/counterstrikesharp
[21:02:14.791] CSSharp: CoreConfig loaded.
[21:02:14.791] CSSharp: Auto-update is not currently supported on this platform.
[21:02:14.844] CSSharp: Copying bytes from disk for /media/astral/7DFD-F7FB/Counter-Strike2-Server/cs2/game/bin/linuxsteamrt64/libengine2.so
[21:02:15.096] CSSharp: Copying bytes from disk for /media/astral/7DFD-F7FB/Counter-Strike2-Server/cs2/game/bin/linuxsteamrt64/../../csgo/bin/linuxsteamrt64//libserver.so
[21:02:15.199] CSSharp: Globals loaded.
[21:02:15.303] CSSharp: Initialized GameSystem.
[21:02:15.303] CSSharp: Loading .NET runtime...
[21:02:15.303] CSSharp: Loading hostfxr from /media/astral/7DFD-F7FB/Counter-Strike2-Server/cs2/game/csgo/addons/counterstrikesharp/dotnet/host/fxr/8.0.3/libhostfxr.so
[21:02:15.303] CSSharp: .NET Runtime Initialised.
[21:02:15.303] CSSharp: Loading CSS API, Runtime Config: /media/astral/7DFD-F7FB/Counter-Strike2-Server/cs2/game/csgo/addons/counterstrikesharp/api/CounterStrikeSharp.API.runtimeconfig.json
GameTypes: missing mapgroupsSP entry for game type/mode (custom/custom).
GameTypes: missing mapgroupsSP entry for game type/mode (cooperative/cooperative).
GameTypes: missing mapgroupsSP entry for game type/mode (cooperative/coopmission).
21:02:15 [INFO] (cssharp:Core) CounterStrikeSharp is starting up...
21:02:15 [INFO] (cssharp:CoreConfig) Successfully loaded core configuration
21:02:15 [INFO] (cssharp:GameDataProvider) Successfully loaded 45 game data entries from /media/astral/7DFD-F7FB/Counter-Strike2-Server/cs2/game/csgo/addons/counterstrikesharp/gamedata/gamedata.json
21:02:15 [INFO] (cssharp:Core) Loading Admins from /media/astral/7DFD-F7FB/Counter-Strike2-Server/cs2/game/csgo/addons/counterstrikesharp/configs/admins.json
21:02:15 [INFO] (cssharp:AdminManager) Loaded admin data with 1 admins.
21:02:15 [INFO] (cssharp:Core) Loading Admin Groups from /media/astral/7DFD-F7FB/Counter-Strike2-Server/cs2/game/csgo/addons/counterstrikesharp/configs/admin_groups.json
Admin groups file not found. Skipping admin groups load.
21:02:15 [INFO] (cssharp:Core) Loading Admin Command Overrides from /media/astral/7DFD-F7FB/Counter-Strike2-Server/cs2/game/csgo/addons/counterstrikesharp/configs/admin_overrides.json
Loaded 1 admin command overrides.
21:02:16 [INFO] (cssharp:PluginContext) Loading plugin AdminControlPlugin
[AdminControlPlugin] Plugin loaded successfully!
21:02:16 [INFO] (cssharp:PluginContext) Finished loading plugin Admin Control with MySQL & CFG Sync
21:02:16 [INFO] (cssharp:PluginContext) Loading plugin Frozen_Elsa
21:02:16 [INFO] (cssharp:PluginContext) Finished loading plugin Frozen_Elsa
[21:02:16.093] CSSharp: CounterStrikeSharp.API Loaded Successfully.
[21:02:16.093] CSSharp: Hooks added.
[AdminControlPlugin] Ban cache loaded successfully. 0 SteamID and 0 IP bans.
[AdminControlPlugin] Mute cache loaded successfully. 0 muted players.
[21:02:16.890] CSSharp: Native d8f03fd4 was invoked on a non-main thread
[S_API] SteamAPI_Init(): Loaded local 'steamclient.so' OK.
[META] Failed to load plugin addons/multiaddonmanager/bin/multiaddonmanager: /media/astral/7DFD-F7FB/Counter-Strike2-Server/cs2/game/csgo/addons/multiaddonmanager/bin/multiaddonmanager.so: não foi possível habilitar pilhas de executável como requisitado pelo objeto compartilhado: Argumento inválido
[META] Loaded 1 plugin.
Event System loaded 94 events from file: vpk:/media/astral/7DFD-F7FB/Counter-Strike2-Server/cs2/game/core/pak01.vpk:resource/core.gameevents.
Event System loaded 50 events from file: vpk:/media/astral/7DFD-F7FB/Counter-Strike2-Server/cs2/game/csgo/pak01.vpk:resource/game.gameevents.
Event System loaded 145 events from file: vpk:/media/astral/7DFD-F7FB/Counter-Strike2-Server/cs2/game/csgo/pak01.vpk:./resource/mod.gameevents.
CEntitySystem::BuildEntityNetworking (parallel build of server) took 44.153 msecs for 211 out of 293 classes
[STARTUP] {1.636} server module init ok
[Info] - Trampoline - Bounds of relative addresses accessed [0xffffffffffffffff, (nil)]
[Info] - Trampoline - Attempting to allocate trampoline within +-2GB range of 0x7f97da420f20
[Info] - Trampoline - Allocated trampoline at 0x7f985a41f000 (using 1 attempts)
CHostStateMgr::QueueNewRequest( Idle (console), 1 )
Source2Init OK
HostStateRequest::Start(HSR_IDLE):  loop(console) id(1) addons() desc(Idle (console))
SwitchToLoop console requested:  id [1] addons []
Host activate: Idle (console)
Loading map "de_anubis"
CHostStateMgr::QueueNewRequest( Loading (de_anubis), 2 )
HostStateRequest::Start(HSR_GAME):  loop(levelload) id(2) addons() desc(Loading (de_anubis))
SwitchToLoop levelload requested:  id [2] addons []
SV:  Level loading started for 'de_anubis'
CL:  CLoopModeLevelLoad::MaybeSwitchToGameLoop switching to "game" loopmode with addons ()
SwitchToLoop game requested:  id [2] addons []
SteamGameServer_Init()
Setting breakpad minidump AppID = 730
SteamInternal_SetMinidumpSteamID:  Caching Steam ID:  76561197960265728 [API loaded yes]
SteamInternal_SetMinidumpSteamID:  Setting Steam ID:  76561197960265728
Looking up breakpad interfaces from steamclient
Calling BreakpadMiniDumpSystemInit
SteamInternal_SetMinidumpSteamID:  Caching Steam ID:  76561197960265728 [API loaded yes]
SteamInternal_SetMinidumpSteamID:  Setting Steam ID:  76561197960265728
[S_API FAIL] Tried to access Steam interface SteamUtils010 before SteamAPI_Init succeeded.
Setting breakpad minidump AppID = 2347773
[AdminControlPlugin] Ban cache loaded successfully. 0 SteamID and 0 IP bans.
[AdminControlPlugin] Mute cache loaded successfully. 0 muted players.
[21:02:17.768] CSSharp: CGameSystem::BuildGameSessionManifest
[S_API FAIL] Tried to access Steam interface SteamUser023 before SteamAPI_Init succeeded.
Steam Universe valid after having been requested when invalid.  Universe is now 1
ResetBreakpadAppId: Universe is 1 (k_EUniversePublic)
ResetBreakpadAppId: Setting dedicated server app id: 2347773
SteamGameServer_Init() OK, logging on to Steam
****************************************************
*                                                  *
*  No Steam account token was specified.           *
*  Logging into anonymous game server account.     *
*  Connections will be restricted to LAN only.     *
*                                                  *
*  To create a game server account go to           *
*  http://steamcommunity.com/dev/managegameservers *
*                                                  *
****************************************************
CNetworkSystem::InitGameServer: SteamGameServerNetworking() OK
Initialized low level socket/threading support.
Set SteamNetworkingSockets P2P_STUN_ServerList to '' as per SteamNetworkingSocketsSerialized
CNetworkGameServerBase::SetServerState (ss_dead -> ss_waitingforgamesessionmanifest)
SV:  maxplayers set to 64
Server is hibernating
ResetGameConVarsToDefaults
CSource2Server::ApplyGameSettings game settings payload received:
  ::ExecGameTypeCfg {
    map {
      mapname de_anubis
    }
    launchoptions {
      levelname de_anubis
      mode dedicated
      loadmap int( 1 = 0x1 )
      changelevel int( 0 = 0x0 )
      map de_anubis
      mapgroup 
      requires_attr 
      requires_attr_value int( -1 = 0xFFFFFFFF )
      requires_attr_reward 
      reward_drop_list int( -1 = 0xFFFFFFFF )
      numSlots int( 10 = 0xA )
      c_game_type int( 0 = 0x0 )
      c_game_mode int( 1 = 0x1 )
      default_game_type int( 0 = 0x0 )
      default_game_mode int( 0 = 0x0 )
      ct_arms models/weapons/ct_arms_gign.vmdl
      t_arms models/weapons/t_arms.vmdl
      ct_models {
         ctm_gign
         ctm_gign_variantA
         ctm_gign_variantB
         ctm_gign_variantC
         ctm_gign_variantD
      }
      t_models {
         tm_leet_variantA
         tm_leet_variantB
         tm_leet_variantC
         tm_leet_variantD
         tm_leet_variantE
      }
    }
  }
Created poll group for socket 'server'
SDR RelayNetworkStatus:  avail=Attempting  config=Attempting  anyrelay=Not Attempted   (Attempt #1 to fetch config (only-if-cached) from https://api.steampowered.com/ISteamApps/GetSDRConfig/v1?appid=730)
AuthStatus (invalid):  Waiting  (Waiting for Steam login)
Network socket 'server' opened on port 27018
Initializing CSGO VScript Game System
SV:  Executing server defaults
SV:  Executing dedicated server config file
[STARTUP] {3.166} created game rules
GameTypes: could not find matching game mode value of "" in any game type.
SV:  CGameRulesGameSystem::GameInit installed game rules
LoadResponseSystem scripts/talker/response_rules.vrr - Start
CResponseSystem:  scripts/talker/response_rules.vrr (7681 rules, 811 criteria, and 7681 responses)
LoadResponseSystem scripts/talker/response_rules.vrr - Finish
CPlayerVoiceListener::GameInit()
Entry player was not found in surfaceproperties_footsteps.txt
exec: couldn't exec '{*}cfg/banned_user.cfg', unable to read file
exec: couldn't exec '{*}cfg/banned_ip.cfg', unable to read file
execing server_default.cfg
execing server.cfg
execing gamemode_competitive.cfg
exec: couldn't exec '{*}cfg/gamemode_competitive_server.cfg', unable to read file
Unknown command 'rcon_port'!
Server waking up from hibernation
Unknown command 'mp_weapons_glow_on_ground'!
Unknown command 'sv_gameinstructor_enable'!
Got SDR network config.  Loaded revision 1779399550 OK
SDR RelayNetworkStatus:  avail=Not Attempted  config=OK  anyrelay=Not Attempted   (No need for SDR client network access)
SV:  Spawn Server: de_anubis
CSource2Server::ApplyGameSettings game settings payload received:
  ::ExecGameTypeCfg {
    map {
      mapname de_anubis
    }
    launchoptions {
      levelname de_anubis
      mode dedicated
      loadmap int( 1 = 0x1 )
      changelevel int( 0 = 0x0 )
      map de_anubis
      mapgroup 
      requires_attr 
      requires_attr_value int( -1 = 0xFFFFFFFF )
      requires_attr_reward 
      reward_drop_list int( -1 = 0xFFFFFFFF )
      numSlots int( 10 = 0xA )
      c_game_type int( 0 = 0x0 )
      c_game_mode int( 1 = 0x1 )
      default_game_type int( 0 = 0x0 )
      default_game_mode int( 0 = 0x0 )
      ct_arms models/weapons/ct_arms_gign.vmdl
      t_arms models/weapons/t_arms.vmdl
      ct_models {
         ctm_gign
         ctm_gign_variantA
         ctm_gign_variantB
         ctm_gign_variantC
         ctm_gign_variantD
      }
      t_models {
         tm_leet_variantA
         tm_leet_variantB
         tm_leet_variantC
         tm_leet_variantD
         tm_leet_variantE
      }
    }
  }
CNetworkGameServerBase::SetServerState (ss_waitingforgamesessionmanifest -> ss_loading)
texturebase.cpp(3486):ResourceHandleToData( maps/de_anubis/lightmaps/direct_light_shadows.vtex ) failed! Falling back to error texture!
texturebase.cpp(3486):ResourceHandleToData( maps/de_anubis/lightmaps/irradiance.vtex ) failed! Falling back to error texture!
texturebase.cpp(3486):ResourceHandleToData( maps/de_anubis/lightmaps/directional_irradiance.vtex ) failed! Falling back to error texture!
CWorldRendererMgr::ServiceWorldRequests long frame: 46.323280ms
Failed loading resource "maps/prefabs/misc/terrorist_team_intro_variant2/world_visibility.vvis_c" (ERROR_FILEOPEN: File not found)
texturebase.cpp(3486):ResourceHandleToData( maps/prefabs/de_anubis/de_anubis_skybox/lightmaps/direct_light_shadows.vtex ) failed! Falling back to error texture!
texturebase.cpp(3486):ResourceHandleToData( maps/prefabs/de_anubis/de_anubis_skybox/lightmaps/irradiance.vtex ) failed! Falling back to error texture!
texturebase.cpp(3486):ResourceHandleToData( maps/prefabs/de_anubis/de_anubis_skybox/lightmaps/directional_irradiance.vtex ) failed! Falling back to error texture!
CNetworkGameServerBase::SetServerState (ss_loading -> ss_active)
SV:  IGameSystem::LoopActivateAllSystems {
HO:  IGameSystem::LoopActivateAllSystems {
HO:  } IGameSystem::LoopActivateAllSystems done
SV:  } IGameSystem::LoopActivateAllSystems done
Created physics for de_anubis
CNavGenParams - Nav mesh requests project default generation parameters but actual parameters
  used during construction differ from defaults. Please re-export the map.
CNavGenParams - Nav mesh requests project default generation parameters but actual parameters
  used during construction differ from defaults. Please re-export the map.
CNavGenParams - Nav mesh requests project default generation parameters but actual parameters
  used during construction differ from defaults. Please re-export the map.
CNavGenParams - Nav mesh requests project default generation parameters but actual parameters
  used during construction differ from defaults. Please re-export the map.
SV:  64 player server started
CSource2Server::GameServerSteamAPIActivated()
ClientPutInServer create new player controller [Cavalry]
[Cavalry] cl_interp_ratio='', LerpTime=0
"Cavalry<0><BOT><Unassigned>" ChangeTeam() CTMDBG , team 0, req team 2 willSwitch 0, 1.25 
ClientPutInServer create new player controller [Strapper]
[Strapper] cl_interp_ratio='', LerpTime=0
"Strapper<1><BOT><Unassigned>" ChangeTeam() CTMDBG , team 0, req team 3 willSwitch 0, 1.25 
Host activate: Loading (de_anubis)
"Cavalry<0><BOT><TERRORIST>" OnPreResetRound => CTMDBG, team 2  will switch 0 1.27 
"Strapper<1><BOT><CT>" OnPreResetRound => CTMDBG, team 3  will switch 0 1.27 
Using spawn points configuration 0x104FA86E
1.265625 Long frame (WarmupPeriod): 16.62ms elapsed, 15.62ms sim time, 1 ticks, 81..81.
SV:  Connection to Steam servers successful.
SV:  ServerSteamID=[A:1:2641349640:49888] (90286262517222408).
[STARTUP] {4.744} logged on to Steam
Gameserver logged on to Steam, assigned identity steamid:90286262517222408
AuthStatus (steamid:90286262517222408):  Attempting  (Requesting cert)
Set SteamNetworkingSockets P2P_STUN_ServerList to '155.133.227.34:3478' as per SteamNetworkingSocketsSerialized
SV:  VAC secure mode is activated.
AuthStatus (steamid:90286262517222408):  OK  (OK)
Certificate expires in 48h00m at 1780012939[S_API FAIL] Tried to access Steam interface SteamUtils010 before SteamAPI_Init succeeded.
[S_API FAIL] Tried to access Steam interface SteamUtils010 before SteamAPI_Init succeeded.
 (current time 1779840139), will renew in 46h00m
GC Connection established for server version 2000835, instance idx 1
[STARTUP] {5.074} activated session on GC
Accepting Steam Net connection #2190126838 UDP steamid:76561199806844693@127.0.0.1:57865
Sending S2C_CHALLENGE [0 auth 3] to 127.0.0.1:57865
Receiving C2S_CONNECT [protocol 14164 0 auth 3] from 127.0.0.1:57865
Associating NetChan Astral ツ @ 127.0.0.1:57865 (127.0.0.1:57865) with Steam Net Connection handle #2190126838 (userdata 0)
CServerSideClientBase::Connect( name='Astral ツ', userid=2, fake=0, connectiontypeflags=2, chan->addr=127.0.0.1:57865 )
Client 2 'Astral ツ' signon state SIGNONSTATE_NONE -> SIGNONSTATE_CONNECTED
Sending S2C_CONNECTION to 127.0.0.1:57865 [addons:'']
Sending S2C_CONNECTION to 127.0.0.1:57865 [addons:'']
Sending S2C_CONNECTION to 127.0.0.1:57865 [addons:'']
Sending S2C_CONNECTION to 127.0.0.1:57865 [addons:'']
Sending S2C_CONNECTION to 127.0.0.1:57865 [addons:'']
Sending S2C_CONNECTION to 127.0.0.1:57865 [addons:'']
Sending S2C_CONNECTION to 127.0.0.1:57865 [addons:'']
Sending S2C_CONNECTION to 127.0.0.1:57865 [addons:'']
Sending S2C_CONNECTION to 127.0.0.1:57865 [addons:'']
ClientPutInServer create new player controller [Astral ツ]
Client 2 'Astral ツ' setting rate to 786432
[Astral ツ] cl_interp_ratio='0', LerpTime=0
Client 2 'Astral ツ' signon state SIGNONSTATE_CONNECTED -> SIGNONSTATE_NEW
Client 2 'Astral ツ' signon state SIGNONSTATE_NEW -> SIGNONSTATE_PRESPAWN
Client 2 'Astral ツ' signon state SIGNONSTATE_PRESPAWN -> SIGNONSTATE_SPAWN
SV:  "Astral ツ<2><[U:1:1846578965]><>" STEAM USERID validated
Client 2 'Astral ツ' signon state SIGNONSTATE_SPAWN -> SIGNONSTATE_FULL
SV:  Sending full update to client Astral ツ (reason:  initial update)
26.859375 Long frame (WarmupPeriod): 55.48ms elapsed, 7.55ms sim time, 1 ticks, 1719..1719.
Astral ツ @ 127.0.0.1:57865:  NetChan Setting Timeout to 20.00 seconds
[AdminControlPlugin] Player 2 connected. SteamID: 76561199806844693, IP: 127.0.0.1
Netchan queued message new high water mark reached by Astral ツ at 32 messages
27.750000 Long frame (WarmupPeriod): 35.96ms elapsed, 35.11ms sim time, 1 ticks, 1776..1776.
28.484375 Long frame (WarmupPeriod): 45.05ms elapsed, 44.28ms sim time, 1 ticks, 1823..1823.
"Astral ツ<2><[U:1:1846578965]><Unassigned>" ChangeTeam() CTMDBG , team 0, req team 2 willSwitch 0, 30.77 
Cavalry kicked by Console (NETWORK_DISCONNECT_KICKED)
37.468750 Long frame (WarmupPeriod): 19.31ms elapsed, 18.32ms sim time, 1 ticks, 2398..2398.
41.078125 Long frame (WarmupPeriod): 233.24ms elapsed, 232.20ms sim time, 1 ticks, 2629..2629.
Netchan queued message new high water mark reached by Astral ツ at 41 messages
Netchan queued message new high water mark reached by Astral ツ at 50 messages
50.156250 Long frame (WarmupPeriod): 19.65ms elapsed, 2.36ms sim time, 1 ticks, 3210..3210.
59.484375 Long frame (WarmupPeriod): 19.45ms elapsed, 1.84ms sim time, 1 ticks, 3807..3807.
"Strapper<1><BOT><CT>" OnPreResetRound => CTMDBG, team 3  will switch 0 64.88 
"Astral ツ<2><[U:1:1846578965]><TERRORIST>" OnPreResetRound => CTMDBG, team 2  will switch 0 64.88 
Using spawn points configuration 0x104FA86E
BeginMatch
Waited 2.8ms for SteamNetworkingSockets lock [ServiceThread]
VProfLite started.
[AdminControlPlugin] Admin Astral ツ executed RCON command: bot_quota 10
ClientPutInServer create new player controller [Getaway]
[Getaway] cl_interp_ratio='', LerpTime=0
"Getaway<3><BOT><Unassigned>" ChangeTeam() CTMDBG , team 0, req team 3 willSwitch 0, 104.30 
ClientPutInServer create new player controller [Sox]
[Sox] cl_interp_ratio='', LerpTime=0
"Sox<4><BOT><Unassigned>" ChangeTeam() CTMDBG , team 0, req team 3 willSwitch 0, 104.30 
104.296875 UNEXPECTED LONG FRAME DETECTED: 22.31ms elapsed, 20.71ms sim time, 1 ticks, 6675..6675.
Framerate spike report
FrameTotal:   22.44ms, tolerance:    2.23ms

excl ms   excl %   incl ms   group
--------  -------  --------  --------------
 16.18ms   72.09%   21.76ms  Server Simulation
  2.69ms   11.97%   20.07ms  Server Game
  0.65ms    2.88%    0.85ms  UserCommands
  0.44ms    1.98%    0.53ms  Server Physics
  0.38ms    1.70%    0.38ms  Animation
  0.36ms    1.60%    0.36ms  Server PackEntities
  0.28ms    1.23%    0.57ms  Server Animation
  0.23ms    1.03%   22.32ms  Unaccounted
  0.22ms    0.97%    0.22ms  Networking
  0.14ms    0.60%    0.26ms  Frame Boundary
  0.12ms    0.53%    0.12ms  Server LateWake

Strapper kicked by Console (NETWORK_DISCONNECT_KICKED)
Getaway kicked by Console (NETWORK_DISCONNECT_KICKED)
Sox kicked by Console (NETWORK_DISCONNECT_KICKED)
"Astral ツ<2><[U:1:1846578965]><TERRORIST>" OnPreResetRound => CTMDBG, team 2  will switch 0 128.36 
Using spawn points configuration 0x104FA86E
128.359375 Long frame (FreezePeriod): 37.78ms elapsed, 35.63ms sim time, 1 ticks, 8215..8215.
ClientPutInServer create new player controller [Getaway]
[Getaway] cl_interp_ratio='', LerpTime=0
"Getaway<5><BOT><Unassigned>" ChangeTeam() CTMDBG , team 0, req team 3 willSwitch 0, 134.39 
ClientPutInServer create new player controller [Skullhead]
[Skullhead] cl_interp_ratio='', LerpTime=0
"Skullhead<6><BOT><Unassigned>" ChangeTeam() CTMDBG , team 0, req team 3 willSwitch 0, 134.41 
ClientPutInServer create new player controller [Rex]
[Rex] cl_interp_ratio='', LerpTime=0
"Rex<7><BOT><Unassigned>" ChangeTeam() CTMDBG , team 0, req team 3 willSwitch 0, 134.41 
134.406250 Long frame (FreezePeriod): 29.08ms elapsed, 15.56ms sim time, 1 ticks, 8602..8602.
"Astral ツ<2><[U:1:1846578965]><TERRORIST>" OnPreResetRound => CTMDBG, team 2  will switch 0 141.39 
"Getaway<5><BOT><CT>" OnPreResetRound => CTMDBG, team 3  will switch 0 141.39 
"Skullhead<6><BOT><CT>" OnPreResetRound => CTMDBG, team 3  will switch 0 141.39 
"Rex<7><BOT><CT>" OnPreResetRound => CTMDBG, team 3  will switch 0 141.39 
Using spawn points configuration 0x104FA86E
141.390625 Long frame (FreezePeriod): 42.82ms elapsed, 39.65ms sim time, 1 ticks, 9049..9049.
Waited 2.3ms for SteamNetworkingSockets lock [ServiceThread]
[#2190126838 UDP steamid:76561199806844693@127.0.0.1:57865 'Astral ツ'] closed by peer (1002): NETWORK_DISCONNECT_DISCONNECT_BY_USER
Steam Net connection #2190126838 UDP steamid:76561199806844693@127.0.0.1:57865 'Astral ツ' closed by peer, reason 1002: NETWORK_DISCONNECT_DISCONNECT_BY_USER
Netchan 'Astral ツ' closed unexpectedly: NETWORK_DISCONNECT_DISCONNECT_BY_USER
CloseSteamNetConnection handle #2190126838 (userdata 0)
Disassociating NetChan Astral ツ @ 127.0.0.1:57865 (127.0.0.1:57865) from Steam Net Connection handle #2190126838 (userdata 0)
Removing Steam Net Connection for 127.0.0.1:57865, handle #2190126838
Disconnect client 'Astral ツ' from server: NETWORK_DISCONNECT_DISCONNECT_BY_USER
Client 2 'Astral ツ' signon state SIGNONSTATE_FULL -> SIGNONSTATE_NONE
SV:  Dropped client 'Astral ツ' from server(2): NETWORK_DISCONNECT_DISCONNECT_BY_USER
ClientPutInServer create new player controller [Arno]
[Arno] cl_interp_ratio='', LerpTime=0
"Arno<8><BOT><Unassigned>" ChangeTeam() CTMDBG , team 0, req team 2 willSwitch 0, 172.62 
ClientPutInServer create new player controller [Aspirant]
[Aspirant] cl_interp_ratio='', LerpTime=0
"Aspirant<9><BOT><Unassigned>" ChangeTeam() CTMDBG , team 0, req team 2 willSwitch 0, 172.62 
ClientPutInServer create new player controller [Maximus]
[Maximus] cl_interp_ratio='', LerpTime=0
"Maximus<10><BOT><Unassigned>" ChangeTeam() CTMDBG , team 0, req team 2 willSwitch 0, 172.62 
ClientPutInServer create new player controller [Mae]
[Mae] cl_interp_ratio='', LerpTime=0
"Mae<11><BOT><Unassigned>" ChangeTeam() CTMDBG , team 0, req team 2 willSwitch 0, 172.62 
ClientPutInServer create new player controller [Specialist]
[Specialist] cl_interp_ratio='', LerpTime=0
"Specialist<12><BOT><Unassigned>" ChangeTeam() CTMDBG , team 0, req team 3 willSwitch 0, 172.62 
ClientPutInServer create new player controller [Rezan]
[Rezan] cl_interp_ratio='', LerpTime=0
"Rezan<13><BOT><Unassigned>" ChangeTeam() CTMDBG , team 0, req team 3 willSwitch 0, 172.62 
ClientPutInServer create new player controller [Sas]
[Sas] cl_interp_ratio='', LerpTime=0
"Sas<14><BOT><Unassigned>" ChangeTeam() CTMDBG , team 0, req team 3 willSwitch 0, 172.62 
ClientPutInServer create new player controller [Goggles]
[Goggles] cl_interp_ratio='', LerpTime=0
"Goggles<15><BOT><Unassigned>" ChangeTeam() CTMDBG , team 0, req team 3 willSwitch 0, 172.62 
172.625000 Long frame (RoundOver): 58.17ms elapsed, 57.62ms sim time, 1 ticks, 11048..11048.
ClientPutInServer create new player controller [Solman]
[Solman] cl_interp_ratio='', LerpTime=0
"Solman<16><BOT><Unassigned>" ChangeTeam() CTMDBG , team 0, req team 2 willSwitch 0, 172.64 
ClientPutInServer create new player controller [Officer]
[Officer] cl_interp_ratio='', LerpTime=0
"Officer<17><BOT><Unassigned>" ChangeTeam() CTMDBG , team 0, req team 2 willSwitch 0, 172.64 
ClientPutInServer create new player controller [Dragomir]
[Dragomir] cl_interp_ratio='', LerpTime=0
"Dragomir<18><BOT><Unassigned>" ChangeTeam() CTMDBG , team 0, req team 2 willSwitch 0, 172.64 
ClientPutInServer create new player controller [Bank]
[Bank] cl_interp_ratio='', LerpTime=0
"Bank<19><BOT><Unassigned>" ChangeTeam() CTMDBG , team 0, req team 2 willSwitch 0, 172.64 
ClientPutInServer create new player controller [Squad]
[Squad] cl_interp_ratio='', LerpTime=0
"Squad<20><BOT><Unassigned>" ChangeTeam() CTMDBG , team 0, req team 3 willSwitch 0, 172.64 
ClientPutInServer create new player controller [Seal]
[Seal] cl_interp_ratio='', LerpTime=0
"Seal<21><BOT><Unassigned>" ChangeTeam() CTMDBG , team 0, req team 3 willSwitch 0, 172.64 
ClientPutInServer create new player controller [Baroud]
[Baroud] cl_interp_ratio='', LerpTime=0
"Baroud<22><BOT><Unassigned>" ChangeTeam() CTMDBG , team 0, req team 3 willSwitch 0, 172.64 
ClientPutInServer create new player controller [Bank]
[Bank] cl_interp_ratio='', LerpTime=0
"Bank<23><BOT><Unassigned>" ChangeTeam() CTMDBG , team 0, req team 2 willSwitch 0, 172.66 
172.671875 Long frame (RoundOver): 55.90ms elapsed, 55.02ms sim time, 3 ticks, 11049..11051.
172.828125 Long frame (RoundOver): 19.64ms elapsed, 3.74ms sim time, 1 ticks, 11061..11061.
172.890625 Long frame (RoundOver): 21.32ms elapsed, 15.13ms sim time, 1 ticks, 11065..11065.
"Astral ツ<2><STEAM_ID_PENDING><TERRORIST>" OnPreResetRound => CTMDBG, team 2  will switch 0 179.62 
"Getaway<5><BOT><CT>" OnPreResetRound => CTMDBG, team 3  will switch 0 179.62 
"Skullhead<6><BOT><CT>" OnPreResetRound => CTMDBG, team 3  will switch 0 179.62 
"Rex<7><BOT><CT>" OnPreResetRound => CTMDBG, team 3  will switch 0 179.62 
"Arno<8><BOT><TERRORIST>" OnPreResetRound => CTMDBG, team 2  will switch 0 179.62 
"Aspirant<9><BOT><TERRORIST>" OnPreResetRound => CTMDBG, team 2  will switch 0 179.62 
"Maximus<10><BOT><TERRORIST>" OnPreResetRound => CTMDBG, team 2  will switch 0 179.62 
"Mae<11><BOT><TERRORIST>" OnPreResetRound => CTMDBG, team 2  will switch 0 179.62 
"Specialist<12><BOT><CT>" OnPreResetRound => CTMDBG, team 3  will switch 0 179.62 
"Rezan<13><BOT><CT>" OnPreResetRound => CTMDBG, team 3  will switch 0 179.62 
"Sas<14><BOT><CT>" OnPreResetRound => CTMDBG, team 3  will switch 0 179.62 
"Goggles<15><BOT><CT>" OnPreResetRound => CTMDBG, team 3  will switch 0 179.62 
"Solman<16><BOT><TERRORIST>" OnPreResetRound => CTMDBG, team 2  will switch 0 179.62 
"Officer<17><BOT><TERRORIST>" OnPreResetRound => CTMDBG, team 2  will switch 0 179.62 
"Dragomir<18><BOT><TERRORIST>" OnPreResetRound => CTMDBG, team 2  will switch 0 179.62 
"Bank<19><BOT><TERRORIST>" OnPreResetRound => CTMDBG, team 2  will switch 0 179.62 
"Squad<20><BOT><CT>" OnPreResetRound => CTMDBG, team 3  will switch 0 179.62 
"Seal<21><BOT><CT>" OnPreResetRound => CTMDBG, team 3  will switch 0 179.62 
"Baroud<22><BOT><CT>" OnPreResetRound => CTMDBG, team 3  will switch 0 179.62 
"Bank<23><BOT><TERRORIST>" OnPreResetRound => CTMDBG, team 2  will switch 0 179.62 
ClientPutInServer create new player controller [K]
[K] cl_interp_ratio='', LerpTime=0
"K<24><BOT><Unassigned>" ChangeTeam() CTMDBG , team 0, req team 2 willSwitch 0, 179.62 
Using spawn points configuration 0x104FA86E
179.625000 Long frame (FreezePeriod): 61.97ms elapsed, 61.47ms sim time, 1 ticks, 11496..11496.
179.687500 Long fr[S_API FAIL] Tried to access Steam interface SteamUtils010 before SteamAPI_Init succeeded.
[21:05:28.370] CSSharp: CGameSystem::Shutdown
Loaded /media/astral/7DFD-F7FB/Counter-Strike2-Server/cs2/game/bin/linuxsteamrt64/libengine2.so, got 0x5650956a27e0
Using breakpad crash handler
Setting breakpad minidump AppID = 2347773
Forcing breakpad minidump interfaces to load
dlopen failed trying to load:
/root/.steam/sdk64/steamclient.so
with error:
/root/.steam/sdk64/steamclient.so: não é possível abrir arquivo compartilhado: Permissão negada
Looking up breakpad interfaces from steamclient
Calling BreakpadMiniDumpSystemInit

Console initialized.
Steam AppId(730), BreakpadId(2347771)
InitSteamLogin_Internal: Initializing breakpad.
Steam Universe is invalid, possibly asking before Steam was successfully initialized.
ResetBreakpadAppId: Universe is 0 (k_EUniverseInvalid)
ResetBreakpadAppId: Setting dedicated server app id: 2347773
Loaded libSDL3.so.0, got 0x5650957bd920
Loaded /media/astral/7DFD-F7FB/Counter-Strike2-Server/cs2/game/bin/linuxsteamrt64/libtier0.so, got 0x56509568b700
Visibility enabled.
Loaded /media/astral/7DFD-F7FB/Counter-Strike2-Server/cs2/game/bin/linuxsteamrt64/libfilesystem_stdio.so, got 0x5650957be2e0
USRLOCAL path not found!
Loaded /media/astral/7DFD-F7FB/Counter-Strike2-Server/cs2/game/bin/linuxsteamrt64/liblocalize.so, got 0x5650957bec50
Loaded /media/astral/7DFD-F7FB/Counter-Strike2-Server/cs2/game/bin/linuxsteamrt64/librendersystemempty.so, got 0x5650957bf190
Loaded /media/astral/7DFD-F7FB/Counter-Strike2-Server/cs2/game/bin/linuxsteamrt64/libresourcesystem.so, got 0x5650957bfb00
Loaded /media/astral/7DFD-F7FB/Counter-Strike2-Server/cs2/game/bin/linuxsteamrt64/libschemasystem.so, got 0x5650957c0460
Trying to set dxlevel (111) which is higher than the card can support (110)!
Loaded /media/astral/7DFD-F7FB/Counter-Strike2-Server/cs2/game/bin/linuxsteamrt64/libmaterialsystem2.so, got 0x5650957c0e10
---------------
Path ID:             File Path:
ADDONS               "/media/astral/7DFD-F7FB/Counter-Strike2-Server/cs2/game/csgo_addons/" 
CONTENT              "/media/astral/7DFD-F7FB/Counter-Strike2-Server/cs2/content/csgo/addons/metamod/" 
CONTENT              "/media/astral/7DFD-F7FB/Counter-Strike2-Server/cs2/content/csgo/" 
CONTENT              "/media/astral/7DFD-F7FB/Counter-Strike2-Server/cs2/content/csgo_imported/" 
CONTENT              "/media/astral/7DFD-F7FB/Counter-Strike2-Server/cs2/content/csgo_core/" 
CONTENT              "/media/astral/7DFD-F7FB/Counter-Strike2-Server/cs2/content/core/" 
CONTENTADDONS        "/media/astral/7DFD-F7FB/Counter-Strike2-Server/cs2/content/csgo_addons/" 
CONTENTROOT          "/media/astral/7DFD-F7FB/Counter-Strike2-Server/cs2/content/" 
DEFAULT_WRITE_PATH   "/media/astral/7DFD-F7FB/Counter-Strike2-Server/cs2/game/csgo/addons/metamod/" 
EXECUTABLE_PATH      "/media/astral/7DFD-F7FB/Counter-Strike2-Server/cs2/game/bin/linuxsteamrt64/" 
GAME                 "/media/astral/7DFD-F7FB/Counter-Strike2-Server/cs2/game/csgo/pak01.vpk" (vpk) /media/astral/7DFD-F7FB/Counter-Strike2-Server/cs2/game/csgo/pak01.vpk
GAME                 "/media/astral/7DFD-F7FB/Counter-Strike2-Server/cs2/game/csgo_imported/pak01.vpk" (vpk) /media/astral/7DFD-F7FB/Counter-Strike2-Server/cs2/game/csgo_imported/pak01.vpk
GAME                 "/media/astral/7DFD-F7FB/Counter-Strike2-Server/cs2/game/csgo_core/pak01.vpk" (vpk) /media/astral/7DFD-F7FB/Counter-Strike2-Server/cs2/game/csgo_core/pak01.vpk
GAME                 "/media/astral/7DFD-F7FB/Counter-Strike2-Server/cs2/game/core/pak01.vpk" (vpk) /media/astral/7DFD-F7FB/Counter-Strike2-Server/cs2/game/core/pak01.vpk
GAME                 "/media/astral/7DFD-F7FB/Counter-Strike2-Server/cs2/game/csgo/shaders_vulkan.vpk" (vpk) /media/astral/7DFD-F7FB/Counter-Strike2-Server/cs2/game/csgo/shaders_vulkan.vpk
GAME                 "/media/astral/7DFD-F7FB/Counter-Strike2-Server/cs2/game/csgo_core/shaders_vulkan.vpk" (vpk) /media/astral/7DFD-F7FB/Counter-Strike2-Server/cs2/game/csgo_core/shaders_vulkan.vpk
GAME                 "/media/astral/7DFD-F7FB/Counter-Strike2-Server/cs2/game/core/shaders_vulkan.vpk" (vpk) /media/astral/7DFD-F7FB/Counter-Strike2-Server/cs2/game/core/shaders_vulkan.vpk
GAME                 "/media/astral/7DFD-F7FB/Counter-Strike2-Server/cs2/game/csgo/addons/metamod/" 
GAME                 "/media/astral/7DFD-F7FB/Counter-Strike2-Server/cs2/game/csgo/" 
GAME                 "/media/astral/7DFD-F7FB/Counter-Strike2-Server/cs2/game/csgo_imported/" 
GAME                 "/media/astral/7DFD-F7FB/Counter-Strike2-Server/cs2/game/csgo_core/" 
GAME                 "/media/astral/7DFD-F7FB/Counter-Strike2-Server/cs2/game/core/" 
GAMEBIN              "/media/astral/7DFD-F7FB/Counter-Strike2-Server/cs2/game/csgo/addons/metamod/bin/linuxsteamrt64/" 
GAMEBIN              "/media/astral/7DFD-F7FB/Counter-Strike2-Server/cs2/game/csgo/addons/metamod/bin/" 
GAMEBIN              "/media/astral/7DFD-F7FB/Counter-Strike2-Server/cs2/game/csgo/bin/linuxsteamrt64/" 
GAMEBIN              "/media/astral/7DFD-F7FB/Counter-Strike2-Server/cs2/game/csgo/bin/" 
GAMEBIN              "/media/astral/7DFD-F7FB/Counter-Strike2-Server/cs2/game/csgo_imported/bin/linuxsteamrt64/" 
GAMEBIN              "/media/astral/7DFD-F7FB/Counter-Strike2-Server/cs2/game/csgo_imported/bin/" 
GAMEBIN              "/media/astral/7DFD-F7FB/Counter-Strike2-Server/cs2/game/csgo_core/bin/linuxsteamrt64/" 
GAMEBIN              "/media/astral/7DFD-F7FB/Counter-Strike2-Server/cs2/game/csgo_core/bin/" 
GAMEBIN              "/media/astral/7DFD-F7FB/Counter-Strike2-Server/cs2/game/core/bin/linuxsteamrt64/" 
GAMEBIN              "/media/astral/7DFD-F7FB/Counter-Strike2-Server/cs2/game/core/bin/" 
GAMEROOT             "/media/astral/7DFD-F7FB/Counter-Strike2-Server/cs2/game/" 
MOD                  "/media/astral/7DFD-F7FB/Counter-Strike2-Server/cs2/game/csgo/pak01.vpk" (vpk) /media/astral/7DFD-F7FB/Counter-Strike2-Server/cs2/game/csgo/pak01.vpk
MOD                  "/media/astral/7DFD-F7FB/Counter-Strike2-Server/cs2/game/csgo_imported/pak01.vpk" (vpk) /media/astral/7DFD-F7FB/Counter-Strike2-Server/cs2/game/csgo_imported/pak01.vpk
MOD                  "/media/astral/7DFD-F7FB/Counter-Strike2-Server/cs2/game/csgo_core/pak01.vpk" (vpk) /media/astral/7DFD-F7FB/Counter-Strike2-Server/cs2/game/csgo_core/pak01.vpk
MOD                  "/media/astral/7DFD-F7FB/Counter-Strike2-Server/cs2/game/csgo/" 
MOD                  "/media/astral/7DFD-F7FB/Counter-Strike2-Server/cs2/game/csgo_imported/" 
MOD                  "/media/astral/7DFD-F7FB/Counter-Strike2-Server/cs2/game/csgo_core/" 
OFFICIAL_ADDONS      "/media/astral/7DFD-F7FB/Counter-Strike2-Server/cs2/game/csgo_community_addons/" 
PLATFORM             "/media/astral/7DFD-F7FB/Counter-Strike2-Server/cs2/game/core/pak01.vpk" (vpk) /media/astral/7DFD-F7FB/Counter-Strike2-Server/cs2/game/core/pak01.vpk
PLATFORM             "/media/astral/7DFD-F7FB/Counter-Strike2-Server/cs2/game/core/" 
SHADER_SOURCE        "/media/astral/7DFD-F7FB/Counter-Strike2-Server/cs2/src/shaders/csgo/addons/metamod/" 
SHADER_SOURCE        "/media/astral/7DFD-F7FB/Counter-Strike2-Server/cs2/src/shaders/csgo/" 
SHADER_SOURCE        "/media/astral/7DFD-F7FB/Counter-Strike2-Server/cs2/src/shaders/csgo_imported/" 
SHADER_SOURCE        "/media/astral/7DFD-F7FB/Counter-Strike2-Server/cs2/src/shaders/csgo_core/" 
SHADER_SOURCE        "/media/astral/7DFD-F7FB/Counter-Strike2-Server/cs2/src/shaders/core/" 
SHADER_SOURCE        "/media/astral/7DFD-F7FB/Counter-Strike2-Server/cs2/src/shaders/csgo_community_addons/" 
SHADER_SOURCE_MOD    "/media/astral/7DFD-F7FB/Counter-Strike2-Server/cs2/src/shaders/csgo/addons/metamod/" 
SHADER_SOURCE_ROOT   "/media/astral/7DFD-F7FB/Counter-Strike2-Server/cs2/src/shaders/" 
command line arguments:
-dedicated -nojoy -usercon -port 27018 +map de_anubis
protected command line arguments (stripped from above):
+rcon_password <protected>
Loaded /media/astral/7DFD-F7FB/Counter-Strike2-Server/cs2/game/bin/linuxsteamrt64/libmeshsystem.so, got 0x56509582fb00
Loaded /media/astral/7DFD-F7FB/Counter-Strike2-Server/cs2/game/bin/linuxsteamrt64/libworldrenderer.so, got 0x565095842470
Loaded /media/astral/7DFD-F7FB/Counter-Strike2-Server/cs2/game/bin/linuxsteamrt64/libpulse_system.so, got 0x565095855200
Loaded /media/astral/7DFD-F7FB/Counter-Strike2-Server/cs2/game/bin/linuxsteamrt64/libvscript.so, got 0x565095867750
Loaded /media/astral/7DFD-F7FB/Counter-Strike2-Server/cs2/game/bin/linuxsteamrt64/libnetworksystem.so, got 0x56509587a0c0
Loaded /media/astral/7DFD-F7FB/Counter-Strike2-Server/cs2/game/bin/linuxsteamrt64/libanimationsystem.so, got 0x56509588e710
Loaded /media/astral/7DFD-F7FB/Counter-Strike2-Server/cs2/game/bin/linuxsteamrt64/libvphysics2.so, got 0x5650958a5ef0
Loaded /media/astral/7DFD-F7FB/Counter-Strike2-Server/cs2/game/bin/linuxsteamrt64/libsoundsystem.so, got 0x5650958b8860
Loaded /media/astral/7DFD-F7FB/Counter-Strike2-Server/cs2/game/bin/linuxsteamrt64/libscenesystem.so, got 0x5650958d0c90
Network System Initialized
MOD desires lightbinner GPU but is unsupported by HW (SupportsCompute=0 CubeMapArrays=0)
Loaded /media/astral/7DFD-F7FB/Counter-Strike2-Server/cs2/game/bin/linuxsteamrt64/libserver_valve.so, got (nil)
Loaded libserver_valve.so, got (nil)
Loaded /media/astral/7DFD-F7FB/Counter-Strike2-Server/cs2/game/csgo/addons/metamod/bin/linuxsteamrt64/libserver.so, got 0x5650958e8850
Loaded /media/astral/7DFD-F7FB/Counter-Strike2-Server/cs2/game/bin/linuxsteamrt64/libengine2.so, got 0x5650956a27e0
Physics Console Communications is not initialized
Loaded /media/astral/7DFD-F7FB/Counter-Strike2-Server/cs2/game/csgo/bin/linuxsteamrt64/libhost.so, got 0x56509592c000
Loaded /media/astral/7DFD-F7FB/Counter-Strike2-Server/cs2/game/bin/linuxsteamrt64/libscenefilecache.so, got 0x56509593f8e0
Loaded /media/astral/7DFD-F7FB/Counter-Strike2-Server/cs2/game/bin/linuxsteamrt64/libparticles.so, got 0x565095952250
Loaded /media/astral/7DFD-F7FB/Counter-Strike2-Server/cs2/game/csgo/bin/linuxsteamrt64/libmatchmaking.so, got 0x565095966060
Loaded /media/astral/7DFD-F7FB/Counter-Strike2-Server/cs2/game/bin/linuxsteamrt64/libv8system.so, got 0x56509597a6c0
[22:07:23.953] CSSharp: Initializing with command line: "/media/astral/7DFD-F7FB/Counter-Strike2-Server/cs2/game/bin/linuxsteamrt64/cs2" /media/astral/7DFD-F7FB/Counter-Strike2-Server/cs2/game/bin/linuxsteamrt64/cs2 -dedicated -nojoy -usercon -port 27018 +map de_anubis +rcon_password GZPWA3PyZ7zonPf
[22:07:23.953] CSSharp: Current root directory: /media/astral/7DFD-F7FB/Counter-Strike2-Server/cs2/game/csgo/addons/counterstrikesharp
[22:07:23.964] CSSharp: CoreConfig loaded.
[22:07:23.965] CSSharp: Auto-update is not currently supported on this platform.
[22:07:24.382] CSSharp: Copying bytes from disk for /media/astral/7DFD-F7FB/Counter-Strike2-Server/cs2/game/bin/linuxsteamrt64/libengine2.so
[22:07:26.130] CSSharp: Copying bytes from disk for /media/astral/7DFD-F7FB/Counter-Strike2-Server/cs2/game/bin/linuxsteamrt64/../../csgo/bin/linuxsteamrt64//libserver.so
[22:07:27.508] CSSharp: Globals loaded.
[22:07:27.613] CSSharp: Initialized GameSystem.
[22:07:27.613] CSSharp: Loading .NET runtime...
[22:07:27.613] CSSharp: Loading hostfxr from /media/astral/7DFD-F7FB/Counter-Strike2-Server/cs2/game/csgo/addons/counterstrikesharp/dotnet/host/fxr/8.0.3/libhostfxr.so
[22:07:27.655] CSSharp: .NET Runtime Initialised.
[22:07:27.655] CSSharp: Loading CSS API, Runtime Config: /media/astral/7DFD-F7FB/Counter-Strike2-Server/cs2/game/csgo/addons/counterstrikesharp/api/CounterStrikeSharp.API.runtimeconfig.json
GameTypes: missing mapgroupsSP entry for game type/mode (custom/custom).
GameTypes: missing mapgroupsSP entry for game type/mode (cooperative/cooperative).
GameTypes: missing mapgroupsSP entry for game type/mode (cooperative/coopmission).
22:07:31 [INFO] (cssharp:Core) CounterStrikeSharp is starting up...
22:07:31 [INFO] (cssharp:CoreConfig) Successfully loaded core configuration
22:07:31 [INFO] (cssharp:GameDataProvider) Successfully loaded 45 game data entries from /media/astral/7DFD-F7FB/Counter-Strike2-Server/cs2/game/csgo/addons/counterstrikesharp/gamedata/gamedata.json
22:07:31 [INFO] (cssharp:Core) Loading Admins from /media/astral/7DFD-F7FB/Counter-Strike2-Server/cs2/game/csgo/addons/counterstrikesharp/configs/admins.json
22:07:31 [INFO] (cssharp:AdminManager) Loaded admin data with 1 admins.
22:07:31 [INFO] (cssharp:Core) Loading Admin Groups from /media/astral/7DFD-F7FB/Counter-Strike2-Server/cs2/game/csgo/addons/counterstrikesharp/configs/admin_groups.json
Admin groups file not found. Skipping admin groups load.
22:07:31 [INFO] (cssharp:Core) Loading Admin Command Overrides from /media/astral/7DFD-F7FB/Counter-Strike2-Server/cs2/game/csgo/addons/counterstrikesharp/configs/admin_overrides.json
Loaded 1 admin command overrides.
22:07:33 [INFO] (cssharp:PluginContext) Loading plugin AdminControlPlugin
[AdminControlPlugin] Plugin loaded successfully!
22:07:33 [INFO] (cssharp:PluginContext) Finished loading plugin Admin Control with MySQL & CFG Sync
22:07:33 [INFO] (cssharp:PluginContext) Loading plugin Frozen_Elsa
22:07:33 [INFO] (cssharp:PluginContext) Finished loading plugin Frozen_Elsa
22:07:33 [INFO] (cssharp:PluginContext) Loading plugin AdminSystem
-------------------------------------------------
[AdminSystem] Plugin Unificado Carregado com Sucesso!
[AdminSystem] Comandos ativos: css_reload_admins, css_admins
-------------------------------------------------
22:07:33 [INFO] (cssharp:PluginContext) Finished loading plugin AdminSystem (Unificado)
[22:07:33.733] CSSharp: CounterStrikeSharp.API Loaded Successfully.
[22:07:33.733] CSSharp: Hooks added.
[AdminControlPlugin] Ban cache loaded successfully. 0 SteamID and 0 IP bans.
[AdminControlPlugin] Mute cache loaded successfully. 0 muted players.
[22:07:34.705] CSSharp: Native d8f03fd4 was invoked on a non-main thread
[S_API] SteamAPI_Init(): Loaded local 'steamclient.so' OK.
[META] Failed to load plugin addons/multiaddonmanager/bin/multiaddonmanager: /media/astral/7DFD-F7FB/Counter-Strike2-Server/cs2/game/csgo/addons/multiaddonmanager/bin/multiaddonmanager.so: não foi possível habilitar pilhas de executável como requisitado pelo objeto compartilhado: Argumento inválido
[META] Loaded 1 plugin.
Event System loaded 94 events from file: vpk:/media/astral/7DFD-F7FB/Counter-Strike2-Server/cs2/game/core/pak01.vpk:resource/core.gameevents.
Event System loaded 50 events from file: vpk:/media/astral/7DFD-F7FB/Counter-Strike2-Server/cs2/game/csgo/pak01.vpk:resource/game.gameevents.
Event System loaded 145 events from file: vpk:/media/astral/7DFD-F7FB/Counter-Strike2-Server/cs2/game/csgo/pak01.vpk:./resource/mod.gameevents.
CEntitySystem::BuildEntityNetworking (parallel build of server) took 70.686 msecs for 211 out of 293 classes
[STARTUP] {23.412} server module init ok
[Info] - Trampoline - Bounds of relative addresses accessed [0xffffffffffffffff, (nil)]
[Info] - Trampoline - Attempting to allocate trampoline within +-2GB range of 0x7fa740fcef20
[Info] - Trampoline - Allocated trampoline at 0x7fa7c0fcd000 (using 1 attempts)
CHostStateMgr::QueueNewRequest( Idle (console), 1 )
Source2Init OK
HostStateRequest::Start(HSR_IDLE):  loop(console) id(1) addons() desc(Idle (console))
SwitchToLoop console requested:  id [1] addons []
Host activate: Idle (console)
Loading map "de_anubis"
CHostStateMgr::QueueNewRequest( Loading (de_anubis), 2 )
HostStateRequest::Start(HSR_GAME):  loop(levelload) id(2) addons() desc(Loading (de_anubis))
SwitchToLoop levelload requested:  id [2] addons []
SV:  Level loading started for 'de_anubis'
CL:  CLoopModeLevelLoad::MaybeSwitchToGameLoop switching to "game" loopmode with addons ()
SwitchToLoop game requested:  id [2] addons []
SteamGameServer_Init()
Setting breakpad minidump AppID = 730
SteamInternal_SetMinidumpSteamID:  Caching Steam ID:  76561197960265728 [API loaded yes]
SteamInternal_SetMinidumpSteamID:  Setting Steam ID:  76561197960265728
Looking up breakpad interfaces from steamclient
Calling BreakpadMiniDumpSystemInit
SteamInternal_SetMinidumpSteamID:  Caching Steam ID:  76561197960265728 [API loaded yes]
SteamInternal_SetMinidumpSteamID:  Setting Steam ID:  76561197960265728
[S_API FAIL] Tried to access Steam interface SteamUtils010 before SteamAPI_Init succeeded.
Setting breakpad minidump AppID = 2347773
[AdminControlPlugin] Ban cache loaded successfully. 0 SteamID and 0 IP bans.
[AdminControlPlugin] Mute cache loaded successfully. 0 muted players.
[22:07:55.119] CSSharp: CGameSystem::BuildGameSessionManifest
[S_API FAIL] Tried to access Steam interface SteamUser023 before SteamAPI_Init succeeded.
[S_API FAIL] Tried to access Steam interface SteamUtils010 before SteamAPI_Init succeeded.
IPC function call IClientUtils::GetSteamRealm took too long: 43 msec
Steam Universe valid after having been requested when invalid.  Universe is now 1
ResetBreakpadAppId: Universe is 1 (k_EUniversePublic)
ResetBreakpadAppId: Setting dedicated server app id: 2347773
SteamGameServer_Init() OK, logging on to Steam
****************************************************
*                                                  *
*  No Steam account token was specified.           *
*  Logging into anonymous game server account.     *
*  Connections will be restricted to LAN only.     *
*                                                  *
*  To create a game server account go to           *
*  http://steamcommunity.com/dev/managegameservers *
*                                                  *
****************************************************
CNetworkSystem::InitGameServer: SteamGameServerNetworking() OK
Initialized low level socket/threading support.
Set SteamNetworkingSockets P2P_STUN_ServerList to '' as per SteamNetworkingSocketsSerialized
CNetworkGameServerBase::SetServerState (ss_dead -> ss_waitingforgamesessionmanifest)
SV:  maxplayers set to 64
Server is hibernating
ResetGameConVarsToDefaults
CSource2Server::ApplyGameSettings game settings payload received:
  ::ExecGameTypeCfg {
    map {
      mapname de_anubis
    }
    launchoptions {
      levelname de_anubis
      mode dedicated
      loadmap int( 1 = 0x1 )
      changelevel int( 0 = 0x0 )
      map de_anubis
      mapgroup 
      requires_attr 
      requires_attr_value int( -1 = 0xFFFFFFFF )
      requires_attr_reward 
      reward_drop_list int( -1 = 0xFFFFFFFF )
      numSlots int( 10 = 0xA )
      c_game_type int( 0 = 0x0 )
      c_game_mode int( 1 = 0x1 )
      default_game_type int( 0 = 0x0 )
      default_game_mode int( 0 = 0x0 )
      ct_arms models/weapons/ct_arms_gign.vmdl
      t_arms models/weapons/t_arms.vmdl
      ct_models {
         ctm_gign
         ctm_gign_variantA
         ctm_gign_variantB
         ctm_gign_variantC
         ctm_gign_variantD
      }
      t_models {
         tm_leet_variantA
         tm_leet_variantB
         tm_leet_variantC
         tm_leet_variantD
         tm_leet_variantE
      }
    }
  }
Created poll group for socket 'server'
SDR RelayNetworkStatus:  avail=Attempting  config=Attempting  anyrelay=Not Attempted   (Attempt #1 to fetch config (only-if-cached) from https://api.steampowered.com/ISteamApps/GetSDRConfig/v1?appid=730)
AuthStatus (invalid):  Waiting  (Waiting for Steam login)
Network socket 'server' opened on port 27018
Initializing CSGO VScript Game System
SV:  Executing server defaults
SV:  Executing dedicated server config file
[STARTUP] {43.965} created game rules
GameTypes: could not find matching game mode value of "" in any game type.
SV:  CGameRulesGameSystem::GameInit installed game rules
LoadResponseSystem scripts/talker/response_rules.vrr - Start
CResponseSystem:  scripts/talker/response_rules.vrr (7681 rules, 811 criteria, and 7681 responses)
LoadResponseSystem scripts/talker/response_rules.vrr - Finish
CPlayerVoiceListener::GameInit()
Entry player was not found in surfaceproperties_footsteps.txt
exec: couldn't exec '{*}cfg/banned_user.cfg', unable to read file
exec: couldn't exec '{*}cfg/banned_ip.cfg', unable to read file
execing server_default.cfg
execing server.cfg
execing gamemode_competitive.cfg
exec: couldn't exec '{*}cfg/gamemode_competitive_server.cfg', unable to read file
Unknown command 'rcon_port'!
Server waking up from hibernation
Unknown command 'mp_weapons_glow_on_ground'!
Unknown command 'sv_gameinstructor_enable'!
Got SDR network config.  Loaded revision 1779399550 OK
SDR RelayNetworkStatus:  avail=Not Attempted  config=OK  anyrelay=Not Attempted   (No need for SDR client network access)
SV:  Connection to Steam servers successful.
SV:  ServerSteamID=[A:1:3763504136:49888] (90286263639376904).
[STARTUP] {47.087} logged on to Steam
Gameserver logged on to Steam, assigned identity steamid:90286263639376904
AuthStatus (steamid:90286263639376904):  Attempting  (Requesting cert)
Set SteamNetworkingSockets P2P_STUN_ServerList to '162.254.197.54:3478' as per SteamNetworkingSocketsSerialized
AuthStatus (steamid:90286263639376904):  OK  (OK)
Certificate expires in 48h00m at 1780016878 (current time 1779844077), will renew in 46h00m
SV:  VAC secure mode is activated.
GC Connection established for server version 2000835, instance idx 1
[STARTUP] {47.747} activated session on GC
texturebase.cpp(3486):ResourceHandleToData( maps/de_anubis/lightmaps/direct_light_shadows.vtex ) failed! Falling back to error texture!
texturebase.cpp(3486):ResourceHandleToData( maps/de_anubis/lightmaps/irradiance.vtex ) failed! Falling back to error texture!
texturebase.cpp(3486):ResourceHandleToData( maps/de_anubis/lightmaps/directional_irradiance.vtex ) failed! Falling back to error texture!
CWorldRendererMgr::ServiceWorldRequests long frame: 42.163945ms
SV:  Spawn Server: de_anubis
CSource2Server::ApplyGameSettings game settings payload received:
  ::ExecGameTypeCfg {
    map {
      mapname de_anubis
    }
    launchoptions {
      levelname de_anubis
      mode dedicated
      loadmap int( 1 = 0x1 )
      changelevel int( 0 = 0x0 )
      map de_anubis
      mapgroup 
      requires_attr 
      requires_attr_value int( -1 = 0xFFFFFFFF )
      requires_attr_reward 
      reward_drop_list int( -1 = 0xFFFFFFFF )
      numSlots int( 10 = 0xA )
      c_game_type int( 0 = 0x0 )
      c_game_mode int( 1 = 0x1 )
      default_game_type int( 0 = 0x0 )
      default_game_mode int( 0 = 0x0 )
      ct_arms models/weapons/ct_arms_gign.vmdl
      t_arms models/weapons/t_arms.vmdl
      ct_models {
         ctm_gign
         ctm_gign_variantA
         ctm_gign_variantB
         ctm_gign_variantC
         ctm_gign_variantD
      }
      t_models {
         tm_leet_variantA
         tm_leet_variantB
         tm_leet_variantC
         tm_leet_variantD
         tm_leet_variantE
      }
    }
  }
CNetworkGameServerBase::SetServerState (ss_waitingforgamesessionmanifest -> ss_loading)
Failed loading resource "maps/prefabs/misc/terrorist_team_intro_variant2/world_visibility.vvis_c" (ERROR_FILEOPEN: File not found)
texturebase.cpp(3486):ResourceHandleToData( maps/prefabs/de_anubis/de_anubis_skybox/lightmaps/direct_light_shadows.vtex ) failed! Falling back to error texture!
texturebase.cpp(3486):ResourceHandleToData( maps/prefabs/de_anubis/de_anubis_skybox/lightmaps/irradiance.vtex ) failed! Falling back to error texture!
texturebase.cpp(3486):ResourceHandleToData( maps/prefabs/de_anubis/de_anubis_skybox/lightmaps/directional_irradiance.vtex ) failed! Falling back to error texture!
CNetworkGameServerBase::SetServerState (ss_loading -> ss_active)
SV:  IGameSystem::LoopActivateAllSystems {
HO:  IGameSystem::LoopActivateAllSystems {
HO:  } IGameSystem::LoopActivateAllSystems done
SV:  } IGameSystem::LoopActivateAllSystems done
Created physics for de_anubis
CNavGenParams - Nav mesh requests project default generation parameters but actual parameters
  used during construction differ from defaults. Please re-export the map.
CNavGenParams - Nav mesh requests project default generation parameters but actual parameters
  used during construction differ from defaults. Please re-export the map.
CNavGenParams - Nav mesh requests project default generation parameters but actual parameters
  used during construction differ from defaults. Please re-export the map.
CNavGenParams - Nav mesh requests project default generation parameters but actual parameters
  used during construction differ from defaults. Please re-export the map.
SV:  64 player server started
CSource2Server::GameServerSteamAPIActivated()
ClientPutInServer create new player controller [Trapper]
[Trapper] cl_interp_ratio='', LerpTime=0
"Trapper<0><BOT><Unassigned>" ChangeTeam() CTMDBG , team 0, req team 2 willSwitch 0, 1.70 
ClientPutInServer create new player controller [Sas]
[Sas] cl_interp_ratio='', LerpTime=0
"Sas<1><BOT><Unassigned>" ChangeTeam() CTMDBG , team 0, req team 3 willSwitch 0, 1.70 
Host activate: Loading (de_anubis)
"Trapper<0><BOT><TERRORIST>" OnPreResetRound => CTMDBG, team 2  will switch 0 1.72 
"Sas<1><BOT><CT>" OnPreResetRound => CTMDBG, team 3  will switch 0 1.72 
Using spawn points configuration 0x43E681C0
1.718750 Long frame (WarmupPeriod): 30.10ms elapsed, 28.48ms sim time, 1 ticks, 110..110.
17.953125 Long frame (WarmupPeriod): 16.31ms elapsed, 15.85ms sim time, 1 ticks, 1149..1149.
Accepting Steam Net connection #220390589 UDP steamid:76561199806844693@192.168.100.173:35864
Sending S2C_CHALLENGE [0 auth 3] to 192.168.100.173:35864
Receiving C2S_CONNECT [protocol 14164 0 auth 3] from 192.168.100.173:35864
CNetworkGameServerBase::ConnectClient( name='Astral ツ', remote='192.168.100.173:35864' )
Creating NetChan for user 2 'Astral ツ' @ 192.168.100.173:35864
Associating NetChan Astral ツ @ 192.168.100.173:35864 (192.168.100.173:35864) with Steam Net Connection handle #220390589 (userdata 0)
CServerSideClientBase::Connect( name='Astral ツ', userid=2, fake=0, connectiontypeflags=4, chan->addr=192.168.100.173:35864 )
Client 2 'Astral ツ' signon state SIGNONSTATE_NONE -> SIGNONSTATE_CONNECTED
Sending S2C_CONNECTION to 192.168.100.173:35864 [addons:'']
Client #2 "Astral ツ" connected @ 192.168.100.173:35864
Sending S2C_CONNECTION to 192.168.100.173:35864 [addons:'']
ClientPutInServer create new player controller [Astral ツ]
Client 2 'Astral ツ' setting rate to 786432
[Astral ツ] cl_interp_ratio='0', LerpTime=0
Client 2 'Astral ツ' signon state SIGNONSTATE_CONNECTED -> SIGNONSTATE_NEW
Client 2 'Astral ツ' signon state SIGNONSTATE_NEW -> SIGNONSTATE_PRESPAWN
Client 2 'Astral ツ' signon state SIGNONSTATE_PRESPAWN -> SIGNONSTATE_SPAWN
SV:  "Astral ツ<2><[U:1:1846578965]><>" STEAM USERID validated
[#220390589 UDP steamid:76561199806844693@192.168.100.173:35864 'Astral ツ'] closed by peer (2054): NETWORK_DISCONNECT_LOOPSHUTDOWN
SV: OnValidateAuthTicketResponse no active request for 76561199806844693STEAMAUTH: Client Astral ツ received failure code 6
SV: Queuing k_EAuthSessionResponseAuthTicketCanceled for [U:1:1846578965].
Steam Net connection #220390589 UDP steamid:76561199806844693@192.168.100.173:35864 'Astral ツ' closed by peer, reason 2054: NETWORK_DISCONNECT_LOOPSHUTDOWN
Netchan 'Astral ツ' closed unexpectedly: NETWORK_DISCONNECT_LOOPSHUTDOWN
CloseSteamNetConnection handle #220390589 (userdata 0)
Disassociating NetChan Astral ツ @ 192.168.100.173:35864 (192.168.100.173:35864) from Steam Net Connection handle #220390589 (userdata 0)
Removing Steam Net Connection for 192.168.100.173:35864, handle #220390589
Disconnect client 'Astral ツ' from server: NETWORK_DISCONNECT_LOOPSHUTDOWN
Client 2 'Astral ツ' signon state SIGNONSTATE_SPAWN -> SIGNONSTATE_NONE
SV:  Dropped client 'Astral ツ' from server(54): NETWORK_DISCONNECT_LOOPSHUTDOWN
Accepting Steam Net connection #3775482750 UDP steamid:76561199806844693@192.168.100.173:50577
Sending S2C_CHALLENGE [0 auth 3] to 192.168.100.173:50577
Receiving C2S_CONNECT [protocol 14164 0 auth 3] from 192.168.100.173:50577
CNetworkGameServerBase::ConnectClient( name='Astral ツ', remote='192.168.100.173:50577' )
Creating NetChan for user 2 'Astral ツ' @ 192.168.100.173:50577
Associating NetChan Astral ツ @ 192.168.100.173:50577 (192.168.100.173:50577) with Steam Net Connection handle #3775482750 (userdata 0)
CServerSideClientBase::Connect( name='Astral ツ', userid=2, fake=0, connectiontypeflags=4, chan->addr=192.168.100.173:50577 )
Client 2 'Astral ツ' signon state SIGNONSTATE_NONE -> SIGNONSTATE_CONNECTED
Sending S2C_CONNECTION to 192.168.100.173:50577 [addons:'']
Client #2 "Astral ツ" connected @ 192.168.100.173:50577
Sending S2C_CONNECTION to 192.168.100.173:50577 [addons:'']
ClientPutInServer create new player controller [Astral ツ]
Client 2 'Astral ツ' setting rate to 786432
[Astral ツ] cl_interp_ratio='0', LerpTime=0
Client 2 'Astral ツ' signon state SIGNONSTATE_CONNECTED -> SIGNONSTATE_NEW
Client 2 'Astral ツ' signon state SIGNONSTATE_NEW -> SIGNONSTATE_PRESPAWN
Client 2 'Astral ツ' signon state SIGNONSTATE_PRESPAWN -> SIGNONSTATE_SPAWN
SV:  "Astral ツ<2><[U:1:1846578965]><>" STEAM USERID validated
Client 2 'Astral ツ' signon state SIG[S_API FAIL] Tried to access Steam interface SteamUtils010 before SteamAPI_Init succeeded.
NONSTATE_SPAWN -> SIGNONSTATE_FULL
SV:  Sending full update to client Astral ツ (reason:  initial update)
Astral ツ @ 192.168.100.173:50577:  NetChan Setting Timeout to 20.00 seconds
[AdminControlPlugin] Player 2 connected. SteamID: 76561199806844693, IP: 192.168.100.173
Netchan queued message new high water mark reached by Astral ツ at 32 messages
334.453125 Long frame (WarmupPeriod): 26.65ms elapsed, 25.40ms sim time, 1 ticks, 21405..21405.
"Astral ツ<2><[U:1:1846578965]><Unassigned>" ChangeTeam() CTMDBG , team 0, req team 3 willSwitch 0, 338.97 
Sas kicked by Console (NETWORK_DISCONNECT_KICKED)
Warmup period ended
"Trapper<0><BOT><TERRORIST>" OnPreResetRound => CTMDBG, team 2  will switch 0 339.97 
"Astral ツ<2><[U:1:1846578965]><CT>" OnPreResetRound => CTMDBG, team 3  will switch 0 339.97 
Using spawn points configuration 0x43E681C0
BeginMatch
Waited 2.3ms for SteamNetworkingSockets lock
356.703125 Long frame (FreezePeriod): 17.13ms elapsed, 16.13ms sim time, 1 ticks, 22829..22829.
VProfLite started.
376.000000 UNEXPECTED LONG FRAME DETECTED: 548.73ms elapsed, 547.58ms sim time, 1 ticks, 24064..24064.
Framerate spike report
FrameTotal:  548.86ms, tolerance:   54.87ms

excl ms   excl %   incl ms   group
--------  -------  --------  --------------
545.53ms   99.39%  545.80ms  UserCommands
  0.67ms    0.12%  548.23ms  Server Simulation
  0.37ms    0.07%    0.37ms  NPCs
  0.37ms    0.07%    0.37ms  Animation
  0.27ms    0.05%    0.52ms  Server Animation
  0.26ms    0.05%    0.26ms  Server PackEntities
  0.21ms    0.04%  547.06ms  Server Game
  0.21ms    0.04%  548.72ms  Unaccounted
  0.16ms    0.03%    0.23ms  Server Physics
  0.14ms    0.03%    0.14ms  Server LateWake
  0.11ms    0.02%    0.22ms  Frame Boundary

Netchan queued message new high water mark reached by Astral ツ at 41 messages
Netchan queued message new high water mark reached by Astral ツ at 50 messages
Netchan queued message new high water mark reached by Astral ツ at 62 messages
Netchan queued message new high water mark reached by Astral ツ at 77 messages
Netchan queued message new high water mark reached by Astral ツ at 97 messages
Netchan queued message new high water mark reached by Astral ツ at 121 messages
382.343750 UNEXPECTED LONG FRAME DETECTED: 19.79ms elapsed, 18.15ms sim time, 1 ticks, 24470..24470.
Framerate spike report
FrameTotal:   19.90ms, tolerance:    1.98ms

excl ms   excl %   incl ms   group
--------  -------  --------  --------------
 16.25ms   81.68%   19.31ms  Server Simulation
  0.72ms    3.62%    0.72ms  Server PackEntities
  0.52ms    2.60%    1.90ms  UserCommands
  0.36ms    1.80%    0.51ms  Server Animation
  0.28ms    1.41%    0.36ms  Server Physics
  0.28ms    1.39%    0.28ms  NPCs
  0.25ms    1.25%    0.25ms  Animation
  0.20ms    0.99%   19.80ms  Unaccounted
  0.17ms    0.84%    3.10ms  Server Game
  0.14ms    0.72%    0.24ms  Frame Boundary
  0.14ms    0.70%    0.14ms  Networking

417.046875 UNEXPECTED LONG FRAME DETECTED: 19.55ms elapsed, 2.39ms sim time, 1 ticks, 26691..26691.
Framerate spike report
FrameTotal:    4.04ms, tolerance:    1.96ms

excl ms   excl %   incl ms   group
--------  -------  --------  --------------
  0.52ms   12.90%    3.32ms  Server Simulation
  0.46ms   11.39%    0.70ms  UserCommands
  0.42ms   10.34%    2.01ms  Server Game
  0.40ms    9.81%    0.48ms  Server Animation
  0.30ms    7.42%   19.59ms  Unaccounted
  0.28ms    7.05%    0.28ms  Pre Pack Entities Callback
  0.20ms    4.96%    0.20ms  Server PackEntities
  0.20ms    4.86%    0.30ms  Server Physics
  0.16ms    3.85%    0.16ms  Animation
  0.14ms    3.48%    0.27ms  Frame Boundary
  0.14ms    3.37%    0.14ms  NPCs

419.093750 Long frame (RoundOver): 30.19ms elapsed, 28.96ms sim time, 1 ticks, 26822..26822.
"Trapper<0><BOT><TERRORIST>" OnPreResetRound => CTMDBG, team 2  will switch 0 426.09 
"Astral ツ<2><[U:1:1846578965]><CT>" OnPreResetRound => CTMDBG, team 3  will switch 0 426.09 
Using spawn points configuration 0x43E681C0
426.093750 Long frame (FreezePeriod): 37.01ms elapsed, 34.89ms sim time, 1 ticks, 27270..27270.
"Trapper<0><BOT><TERRORIST>" OnPreResetRound => CTMDBG, team 2  will switch 0 473.27 
"Astral ツ<2><[U:1:1846578965]><CT>" OnPreResetRound => CTMDBG, team 3  will switch 0 473.27 
Using spawn points configuration 0x43E681C0
473.265625 Long frame (FreezePeriod): 34.68ms elapsed, 32.49ms sim time, 1 ticks, 30289..30289.
515.078125 UNEXPECTED LONG FRAME DETECTED: 19.31ms elapsed, 18.04ms sim time, 1 ticks, 32965..32965.
Framerate spike report
FrameTotal:   19.49ms, tolerance:    1.93ms

excl ms   excl %   incl ms   group
--------  -------  --------  --------------
  8.70ms   44.64%   16.34ms  UserCommands
  7.86ms   40.33%   18.79ms  Server Simulation
  0.68ms    3.48%   17.71ms  Server Game
  0.38ms    1.97%    0.47ms  Server Animation
  0.30ms    1.55%    0.30ms  Server PackEntities
  0.21ms    1.07%   19.31ms  Unaccounted
  0.18ms    0.91%    0.18ms  Server LateWake
  0.16ms    0.80%    0.22ms  Server Physics
  0.15ms    0.77%    0.15ms  Animation
  0.13ms    0.66%    0.27ms  Frame Boundary
  0.12ms    0.63%    0.12ms  Networking

520.859375 UNEXPECTED LONG FRAME DETECTED: 19.81ms elapsed, 18.66ms sim time, 1 ticks, 33335..33335.
Framerate spike report
FrameTotal:   19.91ms, tolerance:    1.98ms

excl ms   excl %   incl ms   group
--------  -------  --------  --------------
 10.25ms   51.48%   17.46ms  UserCommands
  7.46ms   37.45%   19.33ms  Server Simulation
  0.29ms    1.46%    0.48ms  Server Animation
  0.28ms    1.39%    0.28ms  Animation
  0.25ms    1.25%    0.25ms  Server PackEntities
  0.20ms    1.01%   19.82ms  Unaccounted
  0.14ms    0.72%    0.20ms  Server Physics
  0.13ms    0.67%   18.25ms  Server Game
  0.13ms    0.64%    0.25ms  Frame Boundary
  0.12ms    0.62%    0.12ms  Networking
  0.09ms    0.47%    0.09ms  Server LateWake

521.468750 Long frame (FrameRateSpikeDump): 18.99ms elapsed, 17.78ms sim time, 1 ticks, 33374..33374.
522.203125 Long frame (RoundOver): 19.45ms elapsed, 1.41ms sim time, 1 ticks, 33421..33421.
"Trapper<0><BOT><TERRORIST>" OnPreResetRound => CTMDBG, team 2  will switch 0 528.55 
"Astral ツ<2><[U:1:1846578965]><CT>" OnPreResetRound => CTMDBG, team 3  will switch 0 528.55 
Using spawn points configuration 0x43E681C0
528.546875 Long frame (FreezePeriod): 38.12ms elapsed, 35.39ms sim time, 1 ticks, 33827..33827.
'Trapper' took 5.0ms to execute 1 commands, backlog is 0 commands
554.625000 UNEXPECTED LONG FRAME DETECTED: 293.10ms elapsed, 291.91ms sim time, 1 ticks, 35496..35496.
Framerate spike report
FrameTotal:  293.21ms, tolerance:   29.31ms

excl ms   excl %   incl ms   group
--------  -------  --------  --------------
290.82ms   99.18%  292.63ms  Server Simulation
  0.29ms    0.10%    0.29ms  Server PackEntities
  0.27ms    0.09%    0.44ms  UserCommands
  0.21ms    0.07%  293.12ms  Unaccounted
  0.19ms    0.07%    0.31ms  Server Animation
  0.16ms    0.06%    0.16ms  Animation
  0.15ms    0.05%    0.15ms  NPCs
  0.14ms    0.05%    1.21ms  Server Game
  0.13ms    0.05%    0.20ms  Server Physics
  0.13ms    0.04%    0.23ms  Frame Boundary
  0.09ms    0.03%    0.09ms  Server LateWake

567.937500 Long frame (RoundOver): 30.86ms elapsed, 29.35ms sim time, 1 ticks, 36348..36348.
"Trapper<0><BOT><TERRORIST>" OnPreResetRound => CTMDBG, team 2  will switch 0 574.94 
"Astral ツ<2><[U:1:1846578965]><CT>" OnPreResetRound => CTMDBG, team 3  will switch 0 574.94 
Using spawn points configuration 0x43E681C0
574.937500 Long frame (FreezePeriod): 36.08ms elapsed, 34.11ms sim time, 1 ticks, 36796..36796.
Certificate expires in 47h50m at 1780016878 (current time 1779844677), will renew in 45h50m
610.109375 Long frame (RoundOver): 31.18ms elapsed, 29.66ms sim time, 1 ticks, 39047..39047.
"Trapper<0><BOT><TERRORIST>" OnPreResetRound => CTMDBG, team 2  will switch 0 617.11 
"Astral ツ<2><[U:1:1846578965]><CT>" OnPreResetRound => CTMDBG, team 3  will switch 0 617.11 
Using spawn points configuration 0x43E681C0
617.109375 Long frame (FreezePeriod): 35.84ms elapsed, 33.58ms sim time, 1 ticks, 39495..39495.
659.453125 Long frame (RoundOver): 18.00ms elapsed, 16.20ms sim time, 1 ticks, 42205..42205.
"Trapper<0><BOT><TERRORIST>" OnPreResetRound => CTMDBG, team 2  will switch 0 666.45 
"Astral ツ<2><[U:1:1846578965]><CT>" OnPreResetRound => CTMDBG, team 3  will switch 0 666.45 
Using spawn points configuration 0x43E681C0
666.453125 Long frame (FreezePeriod): 35.97ms elapsed, 34.01ms sim time, 1 ticks, 42653..42653.
708.343750 Long frame (RoundOver): 16.84ms elapsed, 15.49ms sim time, 1 ticks, 45334..45334.
"Trapper<0><BOT><TERRORIST>" OnPreResetRound => CTMDBG, team 2  will switch 0 715.34 
"Astral ツ<2><[U:1:1846578965]><CT>" OnPreResetRound => CTMDBG, team 3  will switch 0 715.34 
Using spawn points configuration 0x43E681C0
715.343750 Long frame (FreezePeriod): 35.53ms elapsed, 33.73ms sim time, 1 ticks, 45782..45782.
822.343750 Long frame (RoundOver): 16.50ms elapsed, 15.32ms sim time, 1 ticks, 52630..52630.
"Trapper<0><BOT><TERRORIST>" OnPreResetRound => CTMDBG, team 2  will switch 0 829.34 
"Astral ツ<2><[U:1:1846578965]><CT>" OnPreResetRound => CTMDBG, team 3  will switch 0 829.34 
Using spawn points configuration 0x43E681C0
829.343750 Long frame (FreezePeriod): 38.08ms elapsed, 35.73ms sim time, 1 ticks, 53078..53078.
906.562500 Long frame (RoundOver): 33.66ms elapsed, 32.00ms sim time, 1 ticks, 58020..58020.
"Trapper<0><BOT><TERRORIST>" OnPreResetRound => CTMDBG, team 2  will switch 0 913.56 
"Astral ツ<2><[U:1:1846578965]><CT>" OnPreResetRound => CTMDBG, team 3  will switch 0 913.56 
Using spawn points configuration 0x43E681C0
913.562500 Long frame (FreezePeriod): 40.01ms elapsed, 37.92ms sim time, 1 ticks, 58468..58468.
953.578125 Long frame (RoundOver): 32.14ms elapsed, 30.71ms sim time, 1 ticks, 61029..61029.
"Trapper<0><BOT><TERRORIST>" OnPreResetRound => CTMDBG, team 2  will switch 0 960.58 
"Astral ツ<2><[U:1:1846578965]><CT>" OnPreResetRound => CTMDBG, team 3  will switch 0 960.58 
Using spawn points configuration 0x43E681C0
960.578125 Long frame (FreezePeriod): 39.09ms elapsed, 36.57ms sim time, 1 ticks, 61477..61477.
1017.187500 Long frame (RoundOver): 18.44ms elapsed, 17.02ms sim time, 1 ticks, 65100..65100.
"Trapper<0><BOT><TERRORIST>" OnPreResetRound => CTMDBG, team 2  will switch 0 1024.19 
"Astral ツ<2><[U:1:1846578965]><CT>" OnPreResetRound => CTMDBG, team 3  will switch 0 1024.19 
Using spawn points configuration 0x43E681C0
1024.187500 Long frame (FreezePeriod): 41.83ms elapsed, 38.01ms sim time, 1 ticks, 65548..65548.
 CCSGameRules::Think bHalftime SwitchTeamsAtRoundReset() CTMDBG, 1072.06 
1072.062500 Long frame (RoundOver): 41.89ms elapsed, 40.12ms sim time, 1 ticks, 68612..68612.
"Trapper<0><BOT><TERRORIST>" OnPreResetRound => CTMDBG, team 2  will switch 1 1080.56 
"Trapper<0><BOT><CT>" SwitchTeam => ChangeBasePlayerTeamAndPendingTeam =3 , req team 3 1080.56 
"Astral ツ<2><[U:1:1846578965]><CT>" OnPreResetRound => CTMDBG, team 3  will switch 1 1080.56 
"Astral ツ<2><[U:1:1846578965]><TERRORIST>" SwitchTeam => ChangeBasePlayerTeamAndPendingTeam =2 , req team 2 1080.56 
Using spawn points configuration 0x43E681C0
1080.562500 Long frame (FreezePeriod): 45.82ms elapsed, 42.68ms sim time, 1 ticks, 69156..69156.
[#3775482750 UDP steamid:76561199806844693@192.168.100.173:50577 'Astral ツ'] closed by peer (1002): NETWORK_DISCONNECT_DISCONNECT_BY_USER
Steam Net connection #3775482750 UDP steamid:76561199806844693@192.168.100.173:50577 'Astral ツ' closed by peer, reason 1002: NETWORK_DISCONNECT_DISCONNECT_BY_USER
Netchan 'Astral ツ' closed unexpectedly: NETWORK_DISCONNECT_DISCONNECT_BY_USER
CloseSteamNetConnection handle #3775482750 (userdata 0)
Disassociating NetChan Astral ツ @ 192.168.100.173:50577 (192.168.100.173:50577) from Steam Net Connection handle #3775482750 (userdata 0)
Removing Steam Net Connection for 192.168.100.173:50577, handle #3775482750
Disconnect client 'Astral ツ' from server: NETWORK_DISCONNECT_DISCONNECT_BY_USER
Client 2 'Astral ツ' signon state SIGNONSTATE_FULL -> SIGNONSTATE_NONE
SV:  Dropped client 'Astral ツ' from server(2): NETWORK_DISCONNECT_DISCONNECT_BY_USER
ClientPutInServer create new player controller [Blackwolf]
[Blackwolf] cl_interp_ratio='', LerpTime=0
"Blackwolf<3><BOT><Unassigned>" ChangeTeam() CTMDBG , team 0, req team 2 willSwitch 0, 1093.75 
1093.750000 Long frame (FreezePeriod): 23.71ms elapsed, 23.19ms sim time, 1 ticks, 70000..70000.
"Trapper<0><BOT><CT>" OnPreResetRound => CTMDBG, team 3  will switch 0 1100.75 
"Astral ツ<2><STEAM_ID_PENDING><TERRORIST>" OnPreResetRound => CTMDBG, team 2  will switch 0 1100.75 
"Blackwolf<3><BOT><TERRORIST>" OnPreResetRound => CTMDBG, team 2  will switch 0 1100.75 
Using spawn points configuration 0x43E681C0
1100.750000 Long frame (FreezePeriod): 37.80ms elapsed, 37.31ms sim time, 1 ticks, 70448..70448.
1132.578125 UNEXPECTED LONG FRAME DETECTED: 21.10ms elapsed, 1.76ms sim time, 1 ticks, 72485..72485.
Framerate spike report
FrameTotal:    2.95ms, tolerance:    2.11ms

excl ms   excl %   incl ms   group
--------  -------  --------  --------------
  0.53ms   17.93%    0.53ms  Server LateWake
  0.34ms   11.37%    0.34ms  Animation
  0.33ms   11.21%    0.59ms  UserCommands
  0.30ms   10.28%   21.14ms  Unaccounted
  0.26ms    8.84%    0.48ms  Server Animation
  0.24ms    8.30%    1.81ms  Server Simulation
  0.21ms    6.97%    1.56ms  Server Game
  0.17ms    5.65%    0.23ms  Server Physics
  0.14ms    4.83%    0.26ms  Frame Boundary
  0.10ms    3.40%    0.10ms  NPCs
  0.06ms    1.87%    0.06ms  CalcAnimationState

Certificate expires in 47h40m at 1780016878 (current time 1779845277), will renew in 45h40m
"Trapper<0><BOT><CT>" OnPreResetRound => CTMDBG, team 3  will switch 0 1237.75 
"Astral ツ<2><STEAM_ID_PENDING><TERRORIST>" OnPreResetRound => CTMDBG, team 2  will switch 0 1237.75 
"Blackwolf<3><BOT><TERRORIST>" OnPreResetRound => CTMDBG, team 2  will switch 0 1237.75 
Using spawn points configuration 0x43E681C0
1237.750000 Long frame (FreezePeriod): 47.06ms elapsed, 46.54ms sim time, 1 ticks, 79216..79216.
"Trapper<0><BOT><CT>" OnPreResetRound => CTMDBG, team 3  will switch 0 1374.75 
"Astral ツ<2><STEAM_ID_PENDING><TERRORIST>" OnPreResetRound => CTMDBG, team 2  will switch 0 1374.75 
"Blackwolf<3><BOT><TERRORIST>" OnPreResetRound => CTMDBG, team 2  will switch 0 1374.75 
Using spawn points configuration 0x43E681C0
1374.750000 Long frame (FreezePeriod): 42.17ms elapsed, 41.61ms sim time, 1 ticks, 87984..87984.
1412.921875 UNEXPECTED LONG FRAME DETECTED: 20.10ms elapsed, 1.65ms sim time, 1 ticks, 90427..90427.
Framerate spike report
FrameTotal:    7.12ms, tolerance:    2.01ms

excl ms   excl %   incl ms   group
--------  -------  --------  --------------
  4.86ms   68.30%   20.14ms  Unaccounted
  0.33ms    4.64%    0.33ms  Animation
  0.31ms    4.36%    0.57ms  UserCommands
  0.27ms    3.77%    1.74ms  Server Simulation
  0.24ms    3.42%    0.46ms  Server Animation
  0.21ms    2.89%    0.21ms  Server LateWake
  0.16ms    2.28%    1.46ms  Server Game
  0.16ms    2.26%    0.22ms  Server Physics
  0.15ms    2.09%    0.26ms  Frame Boundary
  0.09ms    1.30%    0.09ms  NPCs
  0.06ms    0.78%    0.06ms  CalcAnimationState

'Trapper' took 7.2ms to execute 1 commands, backlog is 0 commands
'Blackwolf' took 7.6ms to execute 1 commands, backlog is 0 commands
1414.375000 UNEXPECTED LONG FRAME DETECTED: 39.59ms elapsed, 32.80ms sim time, 1 ticks, 90520..90520.  (Last amnesty was 'FrameRateSpikeDump', 0.70s ago)
Framerate spike report
FrameTotal:   40.64ms, tolerance:    3.96ms

excl ms   excl %   incl ms   group
--------  -------  --------  --------------
  8.04ms   19.78%    8.04ms  Animation
  7.21ms   17.75%   15.40ms  UserCommands
  6.02ms   14.81%    7.94ms  Server Animation
  4.08ms   10.03%   31.42ms  Server Game
  2.96ms    7.29%    4.21ms  Frame Boundary
  2.66ms    6.53%    3.39ms  Server Physics
  2.31ms    5.68%   40.10ms  Unaccounted
  1.76ms    4.34%   33.24ms  Server Simulation
  1.16ms    2.85%    1.16ms  NPCs
  0.85ms    2.08%    0.85ms  CalcAnimationState
  0.79ms    1.95%    0.99ms  Prediction

'Trapper' took 6.2ms to execute 1 commands, backlog is 0 commands
'Blackwolf' took 6.5ms to execute 1 commands, backlog is 0 commands
'Trapper' took 7.0ms to execute 1 commands, backlog is 0 commands
1414.406250 Long frame (FrameRateS[S_API FAIL] Tried to access Steam interface SteamUtils010 before SteamAPI_Init succeeded.
[22:35:22.163] CSSharp: CGameSystem::Shutdown
Loaded /media/astral/7DFD-F7FB/Counter-Strike2-Server/cs2/game/bin/linuxsteamrt64/libengine2.so, got 0x55f8b71ef7e0
Using breakpad crash handler
Setting breakpad minidump AppID = 2347773
Forcing breakpad minidump interfaces to load
dlopen failed trying to load:
/root/.steam/sdk64/steamclient.so
with error:
/root/.steam/sdk64/steamclient.so: não é possível abrir arquivo compartilhado: Permissão negada
Looking up breakpad interfaces from steamclient
Calling BreakpadMiniDumpSystemInit

Console initialized.
Steam AppId(730), BreakpadId(2347771)
InitSteamLogin_Internal: Initializing breakpad.
Steam Universe is invalid, possibly asking before Steam was successfully initialized.
ResetBreakpadAppId: Universe is 0 (k_EUniverseInvalid)
ResetBreakpadAppId: Setting dedicated server app id: 2347773
Loaded libSDL3.so.0, got 0x55f8b730a920
Loaded /media/astral/7DFD-F7FB/Counter-Strike2-Server/cs2/game/bin/linuxsteamrt64/libtier0.so, got 0x55f8b71d8700
Visibility enabled.
Loaded /media/astral/7DFD-F7FB/Counter-Strike2-Server/cs2/game/bin/linuxsteamrt64/libfilesystem_stdio.so, got 0x55f8b730b2e0
USRLOCAL path not found!
Loaded /media/astral/7DFD-F7FB/Counter-Strike2-Server/cs2/game/bin/linuxsteamrt64/liblocalize.so, got 0x55f8b730bc50
Loaded /media/astral/7DFD-F7FB/Counter-Strike2-Server/cs2/game/bin/linuxsteamrt64/librendersystemempty.so, got 0x55f8b730c190
Loaded /media/astral/7DFD-F7FB/Counter-Strike2-Server/cs2/game/bin/linuxsteamrt64/libresourcesystem.so, got 0x55f8b730cb00
Loaded /media/astral/7DFD-F7FB/Counter-Strike2-Server/cs2/game/bin/linuxsteamrt64/libschemasystem.so, got 0x55f8b730d460
Trying to set dxlevel (111) which is higher than the card can support (110)!
Loaded /media/astral/7DFD-F7FB/Counter-Strike2-Server/cs2/game/bin/linuxsteamrt64/libmaterialsystem2.so, got 0x55f8b730dba0
---------------
Path ID:             File Path:
ADDONS               "/media/astral/7DFD-F7FB/Counter-Strike2-Server/cs2/game/csgo_addons/" 
CONTENT              "/media/astral/7DFD-F7FB/Counter-Strike2-Server/cs2/content/csgo/addons/metamod/" 
CONTENT              "/media/astral/7DFD-F7FB/Counter-Strike2-Server/cs2/content/csgo/" 
CONTENT              "/media/astral/7DFD-F7FB/Counter-Strike2-Server/cs2/content/csgo_imported/" 
CONTENT              "/media/astral/7DFD-F7FB/Counter-Strike2-Server/cs2/content/csgo_core/" 
CONTENT              "/media/astral/7DFD-F7FB/Counter-Strike2-Server/cs2/content/core/" 
CONTENTADDONS        "/media/astral/7DFD-F7FB/Counter-Strike2-Server/cs2/content/csgo_addons/" 
CONTENTROOT          "/media/astral/7DFD-F7FB/Counter-Strike2-Server/cs2/content/" 
DEFAULT_WRITE_PATH   "/media/astral/7DFD-F7FB/Counter-Strike2-Server/cs2/game/csgo/addons/metamod/" 
EXECUTABLE_PATH      "/media/astral/7DFD-F7FB/Counter-Strike2-Server/cs2/game/bin/linuxsteamrt64/" 
GAME                 "/media/astral/7DFD-F7FB/Counter-Strike2-Server/cs2/game/csgo/pak01.vpk" (vpk) /media/astral/7DFD-F7FB/Counter-Strike2-Server/cs2/game/csgo/pak01.vpk
GAME                 "/media/astral/7DFD-F7FB/Counter-Strike2-Server/cs2/game/csgo_imported/pak01.vpk" (vpk) /media/astral/7DFD-F7FB/Counter-Strike2-Server/cs2/game/csgo_imported/pak01.vpk
GAME                 "/media/astral/7DFD-F7FB/Counter-Strike2-Server/cs2/game/csgo_core/pak01.vpk" (vpk) /media/astral/7DFD-F7FB/Counter-Strike2-Server/cs2/game/csgo_core/pak01.vpk
GAME                 "/media/astral/7DFD-F7FB/Counter-Strike2-Server/cs2/game/core/pak01.vpk" (vpk) /media/astral/7DFD-F7FB/Counter-Strike2-Server/cs2/game/core/pak01.vpk
GAME                 "/media/astral/7DFD-F7FB/Counter-Strike2-Server/cs2/game/csgo/shaders_vulkan.vpk" (vpk) /media/astral/7DFD-F7FB/Counter-Strike2-Server/cs2/game/csgo/shaders_vulkan.vpk
GAME                 "/media/astral/7DFD-F7FB/Counter-Strike2-Server/cs2/game/csgo_core/shaders_vulkan.vpk" (vpk) /media/astral/7DFD-F7FB/Counter-Strike2-Server/cs2/game/csgo_core/shaders_vulkan.vpk
GAME                 "/media/astral/7DFD-F7FB/Counter-Strike2-Server/cs2/game/core/shaders_vulkan.vpk" (vpk) /media/astral/7DFD-F7FB/Counter-Strike2-Server/cs2/game/core/shaders_vulkan.vpk
GAME                 "/media/astral/7DFD-F7FB/Counter-Strike2-Server/cs2/game/csgo/addons/metamod/" 
GAME                 "/media/astral/7DFD-F7FB/Counter-Strike2-Server/cs2/game/csgo/" 
GAME                 "/media/astral/7DFD-F7FB/Counter-Strike2-Server/cs2/game/csgo_imported/" 
GAME                 "/media/astral/7DFD-F7FB/Counter-Strike2-Server/cs2/game/csgo_core/" 
GAME                 "/media/astral/7DFD-F7FB/Counter-Strike2-Server/cs2/game/core/" 
GAMEBIN              "/media/astral/7DFD-F7FB/Counter-Strike2-Server/cs2/game/csgo/addons/metamod/bin/linuxsteamrt64/" 
GAMEBIN              "/media/astral/7DFD-F7FB/Counter-Strike2-Server/cs2/game/csgo/addons/metamod/bin/" 
GAMEBIN              "/media/astral/7DFD-F7FB/Counter-Strike2-Server/cs2/game/csgo/bin/linuxsteamrt64/" 
GAMEBIN              "/media/astral/7DFD-F7FB/Counter-Strike2-Server/cs2/game/csgo/bin/" 
GAMEBIN              "/media/astral/7DFD-F7FB/Counter-Strike2-Server/cs2/game/csgo_imported/bin/linuxsteamrt64/" 
GAMEBIN              "/media/astral/7DFD-F7FB/Counter-Strike2-Server/cs2/game/csgo_imported/bin/" 
GAMEBIN              "/media/astral/7DFD-F7FB/Counter-Strike2-Server/cs2/game/csgo_core/bin/linuxsteamrt64/" 
GAMEBIN              "/media/astral/7DFD-F7FB/Counter-Strike2-Server/cs2/game/csgo_core/bin/" 
GAMEBIN              "/media/astral/7DFD-F7FB/Counter-Strike2-Server/cs2/game/core/bin/linuxsteamrt64/" 
GAMEBIN              "/media/astral/7DFD-F7FB/Counter-Strike2-Server/cs2/game/core/bin/" 
GAMEROOT             "/media/astral/7DFD-F7FB/Counter-Strike2-Server/cs2/game/" 
MOD                  "/media/astral/7DFD-F7FB/Counter-Strike2-Server/cs2/game/csgo/pak01.vpk" (vpk) /media/astral/7DFD-F7FB/Counter-Strike2-Server/cs2/game/csgo/pak01.vpk
MOD                  "/media/astral/7DFD-F7FB/Counter-Strike2-Server/cs2/game/csgo_imported/pak01.vpk" (vpk) /media/astral/7DFD-F7FB/Counter-Strike2-Server/cs2/game/csgo_imported/pak01.vpk
MOD                  "/media/astral/7DFD-F7FB/Counter-Strike2-Server/cs2/game/csgo_core/pak01.vpk" (vpk) /media/astral/7DFD-F7FB/Counter-Strike2-Server/cs2/game/csgo_core/pak01.vpk
MOD                  "/media/astral/7DFD-F7FB/Counter-Strike2-Server/cs2/game/csgo/" 
MOD                  "/media/astral/7DFD-F7FB/Counter-Strike2-Server/cs2/game/csgo_imported/" 
MOD                  "/media/astral/7DFD-F7FB/Counter-Strike2-Server/cs2/game/csgo_core/" 
OFFICIAL_ADDONS      "/media/astral/7DFD-F7FB/Counter-Strike2-Server/cs2/game/csgo_community_addons/" 
PLATFORM             "/media/astral/7DFD-F7FB/Counter-Strike2-Server/cs2/game/core/pak01.vpk" (vpk) /media/astral/7DFD-F7FB/Counter-Strike2-Server/cs2/game/core/pak01.vpk
PLATFORM             "/media/astral/7DFD-F7FB/Counter-Strike2-Server/cs2/game/core/" 
SHADER_SOURCE        "/media/astral/7DFD-F7FB/Counter-Strike2-Server/cs2/src/shaders/csgo/addons/metamod/" 
SHADER_SOURCE        "/media/astral/7DFD-F7FB/Counter-Strike2-Server/cs2/src/shaders/csgo/" 
SHADER_SOURCE        "/media/astral/7DFD-F7FB/Counter-Strike2-Server/cs2/src/shaders/csgo_imported/" 
SHADER_SOURCE        "/media/astral/7DFD-F7FB/Counter-Strike2-Server/cs2/src/shaders/csgo_core/" 
SHADER_SOURCE        "/media/astral/7DFD-F7FB/Counter-Strike2-Server/cs2/src/shaders/core/" 
SHADER_SOURCE        "/media/astral/7DFD-F7FB/Counter-Strike2-Server/cs2/src/shaders/csgo_community_addons/" 
SHADER_SOURCE_MOD    "/media/astral/7DFD-F7FB/Counter-Strike2-Server/cs2/src/shaders/csgo/addons/metamod/" 
SHADER_SOURCE_ROOT   "/media/astral/7DFD-F7FB/Counter-Strike2-Server/cs2/src/shaders/" 
command line arguments:
-dedicated -nojoy -usercon -port 27018 +map de_anubis
protected command line arguments (stripped from above):
+rcon_password <protected>
Loaded /media/astral/7DFD-F7FB/Counter-Strike2-Server/cs2/game/bin/linuxsteamrt64/libmeshsystem.so, got 0x55f8b737c8e0
Loaded /media/astral/7DFD-F7FB/Counter-Strike2-Server/cs2/game/bin/linuxsteamrt64/libworldrenderer.so, got 0x55f8b738f250
Loaded /media/astral/7DFD-F7FB/Counter-Strike2-Server/cs2/game/bin/linuxsteamrt64/libpulse_system.so, got 0x55f8b73a1fe0
Loaded /media/astral/7DFD-F7FB/Counter-Strike2-Server/cs2/game/bin/linuxsteamrt64/libvscript.so, got 0x55f8b73b4530
Loaded /media/astral/7DFD-F7FB/Counter-Strike2-Server/cs2/game/bin/linuxsteamrt64/libnetworksystem.so, got 0x55f8b73c6ea0
Loaded /media/astral/7DFD-F7FB/Counter-Strike2-Server/cs2/game/bin/linuxsteamrt64/libanimationsystem.so, got 0x55f8b73db4f0
Loaded /media/astral/7DFD-F7FB/Counter-Strike2-Server/cs2/game/bin/linuxsteamrt64/libvphysics2.so, got 0x55f8b73f2cd0
Loaded /media/astral/7DFD-F7FB/Counter-Strike2-Server/cs2/game/bin/linuxsteamrt64/libsoundsystem.so, got 0x55f8b7405640
Loaded /media/astral/7DFD-F7FB/Counter-Strike2-Server/cs2/game/bin/linuxsteamrt64/libscenesystem.so, got 0x55f8b741da70
Network System Initialized
MOD desires lightbinner GPU but is unsupported by HW (SupportsCompute=0 CubeMapArrays=0)
Loaded /media/astral/7DFD-F7FB/Counter-Strike2-Server/cs2/game/bin/linuxsteamrt64/libserver_valve.so, got (nil)
Loaded libserver_valve.so, got (nil)
Loaded /media/astral/7DFD-F7FB/Counter-Strike2-Server/cs2/game/csgo/addons/metamod/bin/linuxsteamrt64/libserver.so, got 0x55f8b7435630
Loaded /media/astral/7DFD-F7FB/Counter-Strike2-Server/cs2/game/bin/linuxsteamrt64/libengine2.so, got 0x55f8b71ef7e0
Physics Console Communications is not initialized
Loaded /media/astral/7DFD-F7FB/Counter-Strike2-Server/cs2/game/csgo/bin/linuxsteamrt64/libhost.so, got 0x55f8b7478de0
Loaded /media/astral/7DFD-F7FB/Counter-Strike2-Server/cs2/game/bin/linuxsteamrt64/libscenefilecache.so, got 0x55f8b748c6c0
Loaded /media/astral/7DFD-F7FB/Counter-Strike2-Server/cs2/game/bin/linuxsteamrt64/libparticles.so, got 0x55f8b749f030
Loaded /media/astral/7DFD-F7FB/Counter-Strike2-Server/cs2/game/csgo/bin/linuxsteamrt64/libmatchmaking.so, got 0x55f8b74b2e40
Loaded /media/astral/7DFD-F7FB/Counter-Strike2-Server/cs2/game/bin/linuxsteamrt64/libv8system.so, got 0x55f8b74c74a0
[22:35:43.875] CSSharp: Initializing with command line: "/media/astral/7DFD-F7FB/Counter-Strike2-Server/cs2/game/bin/linuxsteamrt64/cs2" /media/astral/7DFD-F7FB/Counter-Strike2-Server/cs2/game/bin/linuxsteamrt64/cs2 -dedicated -nojoy -usercon -port 27018 +map de_anubis +rcon_password GZPWA3PyZ7zonPf
[22:35:43.875] CSSharp: Current root directory: /media/astral/7DFD-F7FB/Counter-Strike2-Server/cs2/game/csgo/addons/counterstrikesharp
[22:35:43.875] CSSharp: CoreConfig loaded.
[22:35:43.875] CSSharp: Auto-update is not currently supported on this platform.
[22:35:43.926] CSSharp: Copying bytes from disk for /media/astral/7DFD-F7FB/Counter-Strike2-Server/cs2/game/bin/linuxsteamrt64/libengine2.so
[22:35:44.147] CSSharp: Copying bytes from disk for /media/astral/7DFD-F7FB/Counter-Strike2-Server/cs2/game/bin/linuxsteamrt64/../../csgo/bin/linuxsteamrt64//libserver.so
[22:35:44.241] CSSharp: Globals loaded.
[22:35:44.336] CSSharp: Initialized GameSystem.
[22:35:44.336] CSSharp: Loading .NET runtime...
[22:35:44.336] CSSharp: Loading hostfxr from /media/astral/7DFD-F7FB/Counter-Strike2-Server/cs2/game/csgo/addons/counterstrikesharp/dotnet/host/fxr/8.0.3/libhostfxr.so
[22:35:44.336] CSSharp: .NET Runtime Initialised.
[22:35:44.336] CSSharp: Loading CSS API, Runtime Config: /media/astral/7DFD-F7FB/Counter-Strike2-Server/cs2/game/csgo/addons/counterstrikesharp/api/CounterStrikeSharp.API.runtimeconfig.json
GameTypes: missing mapgroupsSP entry for game type/mode (custom/custom).
GameTypes: missing mapgroupsSP entry for game type/mode (cooperative/cooperative).
GameTypes: missing mapgroupsSP entry for game type/mode (cooperative/coopmission).
22:35:44 [INFO] (cssharp:Core) CounterStrikeSharp is starting up...
22:35:44 [INFO] (cssharp:CoreConfig) Successfully loaded core configuration
22:35:44 [INFO] (cssharp:GameDataProvider) Successfully loaded 45 game data entries from /media/astral/7DFD-F7FB/Counter-Strike2-Server/cs2/game/csgo/addons/counterstrikesharp/gamedata/gamedata.json
22:35:44 [INFO] (cssharp:Core) Loading Admins from /media/astral/7DFD-F7FB/Counter-Strike2-Server/cs2/game/csgo/addons/counterstrikesharp/configs/admins.json
22:35:44 [INFO] (cssharp:AdminManager) Loaded admin data with 1 admins.
22:35:44 [INFO] (cssharp:Core) Loading Admin Groups from /media/astral/7DFD-F7FB/Counter-Strike2-Server/cs2/game/csgo/addons/counterstrikesharp/configs/admin_groups.json
Admin groups file not found. Skipping admin groups load.
22:35:44 [INFO] (cssharp:Core) Loading Admin Command Overrides from /media/astral/7DFD-F7FB/Counter-Strike2-Server/cs2/game/csgo/addons/counterstrikesharp/configs/admin_overrides.json
Loaded 1 admin command overrides.
22:35:45 [INFO] (cssharp:PluginContext) Loading plugin AdminControlPlugin
[AdminControlPlugin] Plugin loaded successfully!
22:35:45 [INFO] (cssharp:PluginContext) Finished loading plugin Admin Control with MySQL & CFG Sync
22:35:45 [INFO] (cssharp:PluginContext) Loading plugin Frozen_Elsa
22:35:45 [INFO] (cssharp:PluginContext) Finished loading plugin Frozen_Elsa
22:35:45 [INFO] (cssharp:PluginContext) Loading plugin AdminSystem
-------------------------------------------------
[AdminSystem] Plugin Unificado Carregado com Sucesso!
[AdminSystem] Comandos ativos: css_reload_admins, css_admins
-------------------------------------------------
22:35:45 [INFO] (cssharp:PluginContext) Finished loading plugin AdminSystem (Unificado)
[22:35:45.120] CSSharp: CounterStrikeSharp.API Loaded Successfully.
[22:35:45.120] CSSharp: Hooks added.
[AdminControlPlugin] Ban cache loaded successfully. 0 SteamID and 0 IP bans.
[AdminControlPlugin] Mute cache loaded successfully. 0 muted players.
[22:35:45.877] CSSharp: Native d8f03fd4 was invoked on a non-main thread
[S_API] SteamAPI_Init(): Loaded local 'steamclient.so' OK.
[META] Failed to load plugin addons/multiaddonmanager/bin/multiaddonmanager: /media/astral/7DFD-F7FB/Counter-Strike2-Server/cs2/game/csgo/addons/multiaddonmanager/bin/multiaddonmanager.so: não foi possível habilitar pilhas de executável como requisitado pelo objeto compartilhado: Argumento inválido
[META] Loaded 1 plugin.
Event System loaded 94 events from file: vpk:/media/astral/7DFD-F7FB/Counter-Strike2-Server/cs2/game/core/pak01.vpk:resource/core.gameevents.
Event System loaded 50 events from file: vpk:/media/astral/7DFD-F7FB/Counter-Strike2-Server/cs2/game/csgo/pak01.vpk:resource/game.gameevents.
Event System loaded 145 events from file: vpk:/media/astral/7DFD-F7FB/Counter-Strike2-Server/cs2/game/csgo/pak01.vpk:./resource/mod.gameevents.
CEntitySystem::BuildEntityNetworking (parallel build of server) took 50.152 msecs for 211 out of 293 classes
[STARTUP] {2.566} server module init ok
[Info] - Trampoline - Bounds of relative addresses accessed [0xffffffffffffffff, (nil)]
[Info] - Trampoline - Attempting to allocate trampoline within +-2GB range of 0x7fa1a558ef20
[Info] - Trampoline - Allocated trampoline at 0x7fa22558d000 (using 1 attempts)
CHostStateMgr::QueueNewRequest( Idle (console), 1 )
Source2Init OK
HostStateRequest::Start(HSR_IDLE):  loop(console) id(1) addons() desc(Idle (console))
SwitchToLoop console requested:  id [1] addons []
Host activate: Idle (console)
Loading map "de_anubis"
CHostStateMgr::QueueNewRequest( Loading (de_anubis), 2 )
HostStateRequest::Start(HSR_GAME):  loop(levelload) id(2) addons() desc(Loading (de_anubis))
SwitchToLoop levelload requested:  id [2] addons []
SV:  Level loading started for 'de_anubis'
CL:  CLoopModeLevelLoad::MaybeSwitchToGameLoop switching to "game" loopmode with addons ()
SwitchToLoop game requested:  id [2] addons []
SteamGameServer_Init()
Setting breakpad minidump AppID = 730
SteamInternal_SetMinidumpSteamID:  Caching Steam ID:  76561197960265728 [API loaded yes]
SteamInternal_SetMinidumpSteamID:  Setting Steam ID:  76561197960265728
Looking up breakpad interfaces from steamclient
Calling BreakpadMiniDumpSystemInit
SteamInternal_SetMinidumpSteamID:  Caching Steam ID:  76561197960265728 [API loaded yes]
SteamInternal_SetMinidumpSteamID:  Setting Steam ID:  76561197960265728
[S_API FAIL] Tried to access Steam interface SteamUtils010 before SteamAPI_Init succeeded.
Setting breakpad minidump AppID = 2347773
[AdminControlPlugin] Ban cache loaded successfully. 0 SteamID and 0 IP bans.
[AdminControlPlugin] Mute cache loaded successfully. 0 muted players.
[22:35:46.835] CSSharp: CGameSystem::BuildGameSessionManifest
[S_API FAIL] Tried to access Steam interface SteamUser023 before SteamAPI_Init succeeded.
Steam Universe valid after having been requested when invalid.  Universe is now 1
ResetBreakpadAppId: Universe is 1 (k_EUniversePublic)
ResetBreakpadAppId: Setting dedicated server app id: 2347773
SteamGameServer_Init() OK, logging on to Steam
****************************************************
*                                                  *
*  No Steam account token was specified.           *
*  Logging into anonymous game server account.     *
*  Connections will be restricted to LAN only.     *
*                                                  *
*  To create a game server account go to           *
*  http://steamcommunity.com/dev/managegameservers *
*                                                  *
****************************************************
CNetworkSystem::InitGameServer: SteamGameServerNetworking() OK
Initialized low level socket/threading support.
Set SteamNetworkingSockets P2P_STUN_ServerList to '' as per SteamNetworkingSocketsSerialized
CNetworkGameServerBase::SetServerState (ss_dead -> ss_waitingforgamesessionmanifest)
SV:  maxplayers set to 64
Server is hibernating
ResetGameConVarsToDefaults
CSource2Server::ApplyGameSettings game settings payload received:
  ::ExecGameTypeCfg {
    map {
      mapname de_anubis
    }
    launchoptions {
      levelname de_anubis
      mode dedicated
      loadmap int( 1 = 0x1 )
      changelevel int( 0 = 0x0 )
      map de_anubis
      mapgroup 
      requires_attr 
      requires_attr_value int( -1 = 0xFFFFFFFF )
      requires_attr_reward 
      reward_drop_list int( -1 = 0xFFFFFFFF )
      numSlots int( 10 = 0xA )
      c_game_type int( 0 = 0x0 )
      c_game_mode int( 1 = 0x1 )
      default_game_type int( 0 = 0x0 )
      default_game_mode int( 0 = 0x0 )
      ct_arms models/weapons/ct_arms_gign.vmdl
      t_arms models/weapons/t_arms.vmdl
      ct_models {
         ctm_gign
         ctm_gign_variantA
         ctm_gign_variantB
         ctm_gign_variantC
         ctm_gign_variantD
      }
      t_models {
         tm_leet_variantA
         tm_leet_variantB
         tm_leet_variantC
         tm_leet_variantD
         tm_leet_variantE
      }
    }
  }
Created poll group for socket 'server'
SDR RelayNetworkStatus:  avail=Attempting  config=Attempting  anyrelay=Not Attempted   (Attempt #1 to fetch config (only-if-cached) from https://api.steampowered.com/ISteamApps/GetSDRConfig/v1?appid=730)
AuthStatus (invalid):  Waiting  (Waiting for Steam login)
Network socket 'server' opened on port 27018
Initializing CSGO VScript Game System
SV:  Executing server defaults
SV:  Executing dedicated server config file
[STARTUP] {4.130} created game rules
GameTypes: could not find matching game mode value of "" in any game type.
SV:  CGameRulesGameSystem::GameInit installed game rules
LoadResponseSystem scripts/talker/response_rules.vrr - Start
CResponseSystem:  scripts/talker/response_rules.vrr (7681 rules, 811 criteria, and 7681 responses)
LoadResponseSystem scripts/talker/response_rules.vrr - Finish
CPlayerVoiceListener::GameInit()
Entry player was not found in surfaceproperties_footsteps.txt
exec: couldn't exec '{*}cfg/banned_user.cfg', unable to read file
exec: couldn't exec '{*}cfg/banned_ip.cfg', unable to read file
execing server_default.cfg
execing server.cfg
execing gamemode_competitive.cfg
exec: couldn't exec '{*}cfg/gamemode_competitive_server.cfg', unable to read file
Unknown command 'rcon_port'!
Server waking up from hibernation
Unknown command 'mp_weapons_glow_on_ground'!
Unknown command 'sv_gameinstructor_enable'!
Got SDR network config.  Loaded revision 1779399550 OK
SDR RelayNetworkStatus:  avail=Not Attempted  config=OK  anyrelay=Not Attempted   (No need for SDR client network access)
SV:  Spawn Server: de_anubis
CSource2Server::ApplyGameSettings game settings payload received:
  ::ExecGameTypeCfg {
    map {
      mapname de_anubis
    }
    launchoptions {
      levelname de_anubis
      mode dedicated
      loadmap int( 1 = 0x1 )
      changelevel int( 0 = 0x0 )
      map de_anubis
      mapgroup 
      requires_attr 
      requires_attr_value int( -1 = 0xFFFFFFFF )
      requires_attr_reward 
      reward_drop_list int( -1 = 0xFFFFFFFF )
      numSlots int( 10 = 0xA )
      c_game_type int( 0 = 0x0 )
      c_game_mode int( 1 = 0x1 )
      default_game_type int( 0 = 0x0 )
      default_game_mode int( 0 = 0x0 )
      ct_arms models/weapons/ct_arms_gign.vmdl
      t_arms models/weapons/t_arms.vmdl
      ct_models {
         ctm_gign
         ctm_gign_variantA
         ctm_gign_variantB
         ctm_gign_variantC
         ctm_gign_variantD
      }
      t_models {
         tm_leet_variantA
         tm_leet_variantB
         tm_leet_variantC
         tm_leet_variantD
         tm_leet_variantE
      }
    }
  }
CNetworkGameServerBase::SetServerState (ss_waitingforgamesessionmanifest -> ss_loading)
texturebase.cpp(3486):ResourceHandleToData( maps/de_anubis/lightmaps/direct_light_shadows.vtex ) failed! Falling back to error texture!
texturebase.cpp(3486):ResourceHandleToData( maps/de_anubis/lightmaps/irradiance.vtex ) failed! Falling back to error texture!
texturebase.cpp(3486):ResourceHandleToData( maps/de_anubis/lightmaps/directional_irradiance.vtex ) failed! Falling back to error texture!
CWorldRendererMgr::ServiceWorldRequests long frame: 48.199976ms
Failed loading resource "maps/prefabs/misc/terrorist_team_intro_variant2/world_visibility.vvis_c" (ERROR_FILEOPEN: File not found)
texturebase.cpp(3486):ResourceHandleToData( maps/prefabs/de_anubis/de_anubis_skybox/lightmaps/direct_light_shadows.vtex ) failed! Falling back to error texture!
texturebase.cpp(3486):ResourceHandleToData( maps/prefabs/de_anubis/de_anubis_skybox/lightmaps/irradiance.vtex ) failed! Falling back to error texture!
texturebase.cpp(3486):ResourceHandleToData( maps/prefabs/de_anubis/de_anubis_skybox/lightmaps/directional_irradiance.vtex ) failed! Falling back to error texture!
CNetworkGameServerBase::SetServerState (ss_loading -> ss_active)
SV:  IGameSystem::LoopActivateAllSystems {
HO:  IGameSystem::LoopActivateAllSystems {
HO:  } IGameSystem::LoopActivateAllSystems done
SV:  } IGameSystem::LoopActivateAllSystems done
Created physics for de_anubis
CNavGenParams - Nav mesh requests project default generation parameters but actual parameters
  used during construction differ from defaults. Please re-export the map.
CNavGenParams - Nav mesh requests project default generation parameters but actual parameters
  used during construction differ from defaults. Please re-export the map.
CNavGenParams - Nav mesh requests project default generation parameters but actual parameters
  used during construction differ from defaults. Please re-export the map.
CNavGenParams - Nav mesh requests project default generation parameters but actual parameters
  used during construction differ from defaults. Please re-export the map.
SV:  64 player server started
CSource2Server::GameServerSteamAPIActivated()
ClientPutInServer create new player controller [Jaques]
[Jaques] cl_interp_ratio='', LerpTime=0
"Jaques<0><BOT><Unassigned>" ChangeTeam() CTMDBG , team 0, req team 2 willSwitch 0, 1.23 
ClientPutInServer create new player controller [Enforcer]
[Enforcer] cl_interp_ratio='', LerpTime=0
"Enforcer<1><BOT><Unassigned>" ChangeTeam() CTMDBG , team 0, req team 3 willSwitch 0, 1.23 
Host activate: Loading (de_anubis)
"Jaques<0><BOT><TERRORIST>" OnPreResetRound => CTMDBG, team 2  will switch 0 1.25 
"Enforcer<1><BOT><CT>" OnPreResetRound => CTMDBG, team 3  will switch 0 1.25 
Using spawn points configuration 0xD6485E44
SV:  Connection to Steam servers successful.
SV:  ServerSteamID=[A:1:4269309960:49888] (90286264145182728).
[STARTUP] {5.127} logged on to Steam
Gameserver logged on to Steam, assigned identity steamid:90286264145182728
AuthStatus (steamid:90286264145182728):  Attempting  (Requesting cert)
Set SteamNetworkingSockets P2P_STUN_ServerList to '155.133.227.55:3478' as per SteamNetworkingSocketsSerialized
1.250000 Long frame (WarmupPeriod): 19.89ms elapsed, 18.67ms sim time, 1 ticks, 80..80.
SV:  VAC secure mode is activated.
AuthStatus (steamid:90286264145182728):  OK  (OK)
Certificate expires in 48h00m at 1780018547 (cu[S_API FAIL] Tried to access Steam interface SteamUtils010 before SteamAPI_Init succeeded.
[S_API FAIL] Tried to access Steam interface SteamUtils010 before SteamAPI_Init succeeded.
[22:38:58.535] CSSharp: CGameSystem::Shutdown
Loaded /media/astral/7DFD-F7FB/Counter-Strike2-Server/cs2/game/bin/linuxsteamrt64/libengine2.so, got 0x55bad26707e0
Using breakpad crash handler
Setting breakpad minidump AppID = 2347773
Forcing breakpad minidump interfaces to load
dlopen failed trying to load:
/root/.steam/sdk64/steamclient.so
with error:
/root/.steam/sdk64/steamclient.so: não é possível abrir arquivo compartilhado: Permissão negada
Looking up breakpad interfaces from steamclient
Calling BreakpadMiniDumpSystemInit

Console initialized.
Steam AppId(730), BreakpadId(2347771)
InitSteamLogin_Internal: Initializing breakpad.
Steam Universe is invalid, possibly asking before Steam was successfully initialized.
ResetBreakpadAppId: Universe is 0 (k_EUniverseInvalid)
ResetBreakpadAppId: Setting dedicated server app id: 2347773
Loaded libSDL3.so.0, got 0x55bad278b920
Loaded /media/astral/7DFD-F7FB/Counter-Strike2-Server/cs2/game/bin/linuxsteamrt64/libtier0.so, got 0x55bad2659700
Visibility enabled.
Loaded /media/astral/7DFD-F7FB/Counter-Strike2-Server/cs2/game/bin/linuxsteamrt64/libfilesystem_stdio.so, got 0x55bad278c2e0
USRLOCAL path not found!
Loaded /media/astral/7DFD-F7FB/Counter-Strike2-Server/cs2/game/bin/linuxsteamrt64/liblocalize.so, got 0x55bad278cc50
Loaded /media/astral/7DFD-F7FB/Counter-Strike2-Server/cs2/game/bin/linuxsteamrt64/librendersystemempty.so, got 0x55bad278d190
Loaded /media/astral/7DFD-F7FB/Counter-Strike2-Server/cs2/game/bin/linuxsteamrt64/libresourcesystem.so, got 0x55bad278db00
Loaded /media/astral/7DFD-F7FB/Counter-Strike2-Server/cs2/game/bin/linuxsteamrt64/libschemasystem.so, got 0x55bad278e460
Trying to set dxlevel (111) which is higher than the card can support (110)!
Loaded /media/astral/7DFD-F7FB/Counter-Strike2-Server/cs2/game/bin/linuxsteamrt64/libmaterialsystem2.so, got 0x55bad278eba0
---------------
Path ID:             File Path:
ADDONS               "/media/astral/7DFD-F7FB/Counter-Strike2-Server/cs2/game/csgo_addons/" 
CONTENT              "/media/astral/7DFD-F7FB/Counter-Strike2-Server/cs2/content/csgo/addons/metamod/" 
CONTENT              "/media/astral/7DFD-F7FB/Counter-Strike2-Server/cs2/content/csgo/" 
CONTENT              "/media/astral/7DFD-F7FB/Counter-Strike2-Server/cs2/content/csgo_imported/" 
CONTENT              "/media/astral/7DFD-F7FB/Counter-Strike2-Server/cs2/content/csgo_core/" 
CONTENT              "/media/astral/7DFD-F7FB/Counter-Strike2-Server/cs2/content/core/" 
CONTENTADDONS        "/media/astral/7DFD-F7FB/Counter-Strike2-Server/cs2/content/csgo_addons/" 
CONTENTROOT          "/media/astral/7DFD-F7FB/Counter-Strike2-Server/cs2/content/" 
DEFAULT_WRITE_PATH   "/media/astral/7DFD-F7FB/Counter-Strike2-Server/cs2/game/csgo/addons/metamod/" 
EXECUTABLE_PATH      "/media/astral/7DFD-F7FB/Counter-Strike2-Server/cs2/game/bin/linuxsteamrt64/" 
GAME                 "/media/astral/7DFD-F7FB/Counter-Strike2-Server/cs2/game/csgo/pak01.vpk" (vpk) /media/astral/7DFD-F7FB/Counter-Strike2-Server/cs2/game/csgo/pak01.vpk
GAME                 "/media/astral/7DFD-F7FB/Counter-Strike2-Server/cs2/game/csgo_imported/pak01.vpk" (vpk) /media/astral/7DFD-F7FB/Counter-Strike2-Server/cs2/game/csgo_imported/pak01.vpk
GAME                 "/media/astral/7DFD-F7FB/Counter-Strike2-Server/cs2/game/csgo_core/pak01.vpk" (vpk) /media/astral/7DFD-F7FB/Counter-Strike2-Server/cs2/game/csgo_core/pak01.vpk
GAME                 "/media/astral/7DFD-F7FB/Counter-Strike2-Server/cs2/game/core/pak01.vpk" (vpk) /media/astral/7DFD-F7FB/Counter-Strike2-Server/cs2/game/core/pak01.vpk
GAME                 "/media/astral/7DFD-F7FB/Counter-Strike2-Server/cs2/game/csgo/shaders_vulkan.vpk" (vpk) /media/astral/7DFD-F7FB/Counter-Strike2-Server/cs2/game/csgo/shaders_vulkan.vpk
GAME                 "/media/astral/7DFD-F7FB/Counter-Strike2-Server/cs2/game/csgo_core/shaders_vulkan.vpk" (vpk) /media/astral/7DFD-F7FB/Counter-Strike2-Server/cs2/game/csgo_core/shaders_vulkan.vpk
GAME                 "/media/astral/7DFD-F7FB/Counter-Strike2-Server/cs2/game/core/shaders_vulkan.vpk" (vpk) /media/astral/7DFD-F7FB/Counter-Strike2-Server/cs2/game/core/shaders_vulkan.vpk
GAME                 "/media/astral/7DFD-F7FB/Counter-Strike2-Server/cs2/game/csgo/addons/metamod/" 
GAME                 "/media/astral/7DFD-F7FB/Counter-Strike2-Server/cs2/game/csgo/" 
GAME                 "/media/astral/7DFD-F7FB/Counter-Strike2-Server/cs2/game/csgo_imported/" 
GAME                 "/media/astral/7DFD-F7FB/Counter-Strike2-Server/cs2/game/csgo_core/" 
GAME                 "/media/astral/7DFD-F7FB/Counter-Strike2-Server/cs2/game/core/" 
GAMEBIN              "/media/astral/7DFD-F7FB/Counter-Strike2-Server/cs2/game/csgo/addons/metamod/bin/linuxsteamrt64/" 
GAMEBIN              "/media/astral/7DFD-F7FB/Counter-Strike2-Server/cs2/game/csgo/addons/metamod/bin/" 
GAMEBIN              "/media/astral/7DFD-F7FB/Counter-Strike2-Server/cs2/game/csgo/bin/linuxsteamrt64/" 
GAMEBIN              "/media/astral/7DFD-F7FB/Counter-Strike2-Server/cs2/game/csgo/bin/" 
GAMEBIN              "/media/astral/7DFD-F7FB/Counter-Strike2-Server/cs2/game/csgo_imported/bin/linuxsteamrt64/" 
GAMEBIN              "/media/astral/7DFD-F7FB/Counter-Strike2-Server/cs2/game/csgo_imported/bin/" 
GAMEBIN              "/media/astral/7DFD-F7FB/Counter-Strike2-Server/cs2/game/csgo_core/bin/linuxsteamrt64/" 
GAMEBIN              "/media/astral/7DFD-F7FB/Counter-Strike2-Server/cs2/game/csgo_core/bin/" 
GAMEBIN              "/media/astral/7DFD-F7FB/Counter-Strike2-Server/cs2/game/core/bin/linuxsteamrt64/" 
GAMEBIN              "/media/astral/7DFD-F7FB/Counter-Strike2-Server/cs2/game/core/bin/" 
GAMEROOT             "/media/astral/7DFD-F7FB/Counter-Strike2-Server/cs2/game/" 
MOD                  "/media/astral/7DFD-F7FB/Counter-Strike2-Server/cs2/game/csgo/pak01.vpk" (vpk) /media/astral/7DFD-F7FB/Counter-Strike2-Server/cs2/game/csgo/pak01.vpk
MOD                  "/media/astral/7DFD-F7FB/Counter-Strike2-Server/cs2/game/csgo_imported/pak01.vpk" (vpk) /media/astral/7DFD-F7FB/Counter-Strike2-Server/cs2/game/csgo_imported/pak01.vpk
MOD                  "/media/astral/7DFD-F7FB/Counter-Strike2-Server/cs2/game/csgo_core/pak01.vpk" (vpk) /media/astral/7DFD-F7FB/Counter-Strike2-Server/cs2/game/csgo_core/pak01.vpk
MOD                  "/media/astral/7DFD-F7FB/Counter-Strike2-Server/cs2/game/csgo/" 
MOD                  "/media/astral/7DFD-F7FB/Counter-Strike2-Server/cs2/game/csgo_imported/" 
MOD                  "/media/astral/7DFD-F7FB/Counter-Strike2-Server/cs2/game/csgo_core/" 
OFFICIAL_ADDONS      "/media/astral/7DFD-F7FB/Counter-Strike2-Server/cs2/game/csgo_community_addons/" 
PLATFORM             "/media/astral/7DFD-F7FB/Counter-Strike2-Server/cs2/game/core/pak01.vpk" (vpk) /media/astral/7DFD-F7FB/Counter-Strike2-Server/cs2/game/core/pak01.vpk
PLATFORM             "/media/astral/7DFD-F7FB/Counter-Strike2-Server/cs2/game/core/" 
SHADER_SOURCE        "/media/astral/7DFD-F7FB/Counter-Strike2-Server/cs2/src/shaders/csgo/addons/metamod/" 
SHADER_SOURCE        "/media/astral/7DFD-F7FB/Counter-Strike2-Server/cs2/src/shaders/csgo/" 
SHADER_SOURCE        "/media/astral/7DFD-F7FB/Counter-Strike2-Server/cs2/src/shaders/csgo_imported/" 
SHADER_SOURCE        "/media/astral/7DFD-F7FB/Counter-Strike2-Server/cs2/src/shaders/csgo_core/" 
SHADER_SOURCE        "/media/astral/7DFD-F7FB/Counter-Strike2-Server/cs2/src/shaders/core/" 
SHADER_SOURCE        "/media/astral/7DFD-F7FB/Counter-Strike2-Server/cs2/src/shaders/csgo_community_addons/" 
SHADER_SOURCE_MOD    "/media/astral/7DFD-F7FB/Counter-Strike2-Server/cs2/src/shaders/csgo/addons/metamod/" 
SHADER_SOURCE_ROOT   "/media/astral/7DFD-F7FB/Counter-Strike2-Server/cs2/src/shaders/" 
command line arguments:
-dedicated -nojoy -usercon -port 27018 +map de_anubis
protected command line arguments (stripped from above):
+rcon_password <protected>
Loaded /media/astral/7DFD-F7FB/Counter-Strike2-Server/cs2/game/bin/linuxsteamrt64/libmeshsystem.so, got 0x55bad27fd8e0
Loaded /media/astral/7DFD-F7FB/Counter-Strike2-Server/cs2/game/bin/linuxsteamrt64/libworldrenderer.so, got 0x55bad2810250
Loaded /media/astral/7DFD-F7FB/Counter-Strike2-Server/cs2/game/bin/linuxsteamrt64/libpulse_system.so, got 0x55bad2822fe0
Loaded /media/astral/7DFD-F7FB/Counter-Strike2-Server/cs2/game/bin/linuxsteamrt64/libvscript.so, got 0x55bad2835530
Loaded /media/astral/7DFD-F7FB/Counter-Strike2-Server/cs2/game/bin/linuxsteamrt64/libnetworksystem.so, got 0x55bad2847ea0
Loaded /media/astral/7DFD-F7FB/Counter-Strike2-Server/cs2/game/bin/linuxsteamrt64/libanimationsystem.so, got 0x55bad285c4f0
Loaded /media/astral/7DFD-F7FB/Counter-Strike2-Server/cs2/game/bin/linuxsteamrt64/libvphysics2.so, got 0x55bad2873cd0
Loaded /media/astral/7DFD-F7FB/Counter-Strike2-Server/cs2/game/bin/linuxsteamrt64/libsoundsystem.so, got 0x55bad2886640
Loaded /media/astral/7DFD-F7FB/Counter-Strike2-Server/cs2/game/bin/linuxsteamrt64/libscenesystem.so, got 0x55bad289ea70
Network System Initialized
MOD desires lightbinner GPU but is unsupported by HW (SupportsCompute=0 CubeMapArrays=0)
Loaded /media/astral/7DFD-F7FB/Counter-Strike2-Server/cs2/game/bin/linuxsteamrt64/libserver_valve.so, got (nil)
Loaded libserver_valve.so, got (nil)
Loaded /media/astral/7DFD-F7FB/Counter-Strike2-Server/cs2/game/csgo/addons/metamod/bin/linuxsteamrt64/libserver.so, got 0x55bad28b6630
Loaded /media/astral/7DFD-F7FB/Counter-Strike2-Server/cs2/game/bin/linuxsteamrt64/libengine2.so, got 0x55bad26707e0
Physics Console Communications is not initialized
Loaded /media/astral/7DFD-F7FB/Counter-Strike2-Server/cs2/game/csgo/bin/linuxsteamrt64/libhost.so, got 0x55bad28f9de0
Loaded /media/astral/7DFD-F7FB/Counter-Strike2-Server/cs2/game/bin/linuxsteamrt64/libscenefilecache.so, got 0x55bad290d6c0
Loaded /media/astral/7DFD-F7FB/Counter-Strike2-Server/cs2/game/bin/linuxsteamrt64/libparticles.so, got 0x55bad2920030
Loaded /media/astral/7DFD-F7FB/Counter-Strike2-Server/cs2/game/csgo/bin/linuxsteamrt64/libmatchmaking.so, got 0x55bad2933e40
Loaded /media/astral/7DFD-F7FB/Counter-Strike2-Server/cs2/game/bin/linuxsteamrt64/libv8system.so, got 0x55bad29484a0
[22:39:04.932] CSSharp: Initializing with command line: "/media/astral/7DFD-F7FB/Counter-Strike2-Server/cs2/game/bin/linuxsteamrt64/cs2" /media/astral/7DFD-F7FB/Counter-Strike2-Server/cs2/game/bin/linuxsteamrt64/cs2 -dedicated -nojoy -usercon -port 27018 +map de_anubis +rcon_password GZPWA3PyZ7zonPf
[22:39:04.932] CSSharp: Current root directory: /media/astral/7DFD-F7FB/Counter-Strike2-Server/cs2/game/csgo/addons/counterstrikesharp
[22:39:04.932] CSSharp: CoreConfig loaded.
[22:39:04.932] CSSharp: Auto-update is not currently supported on this platform.
[22:39:04.982] CSSharp: Copying bytes from disk for /media/astral/7DFD-F7FB/Counter-Strike2-Server/cs2/game/bin/linuxsteamrt64/libengine2.so
[22:39:05.206] CSSharp: Copying bytes from disk for /media/astral/7DFD-F7FB/Counter-Strike2-Server/cs2/game/bin/linuxsteamrt64/../../csgo/bin/linuxsteamrt64//libserver.so
[22:39:05.310] CSSharp: Globals loaded.
[22:39:05.413] CSSharp: Initialized GameSystem.
[22:39:05.413] CSSharp: Loading .NET runtime...
[22:39:05.413] CSSharp: Loading hostfxr from /media/astral/7DFD-F7FB/Counter-Strike2-Server/cs2/game/csgo/addons/counterstrikesharp/dotnet/host/fxr/8.0.3/libhostfxr.so
[22:39:05.414] CSSharp: .NET Runtime Initialised.
[22:39:05.414] CSSharp: Loading CSS API, Runtime Config: /media/astral/7DFD-F7FB/Counter-Strike2-Server/cs2/game/csgo/addons/counterstrikesharp/api/CounterStrikeSharp.API.runtimeconfig.json
GameTypes: missing mapgroupsSP entry for game type/mode (custom/custom).
GameTypes: missing mapgroupsSP entry for game type/mode (cooperative/cooperative).
GameTypes: missing mapgroupsSP entry for game type/mode (cooperative/coopmission).
22:39:05 [INFO] (cssharp:Core) CounterStrikeSharp is starting up...
22:39:05 [INFO] (cssharp:CoreConfig) Successfully loaded core configuration
22:39:05 [INFO] (cssharp:GameDataProvider) Successfully loaded 45 game data entries from /media/astral/7DFD-F7FB/Counter-Strike2-Server/cs2/game/csgo/addons/counterstrikesharp/gamedata/gamedata.json
22:39:05 [INFO] (cssharp:Core) Loading Admins from /media/astral/7DFD-F7FB/Counter-Strike2-Server/cs2/game/csgo/addons/counterstrikesharp/configs/admins.json
22:39:05 [INFO] (cssharp:AdminManager) Loaded admin data with 1 admins.
22:39:05 [INFO] (cssharp:Core) Loading Admin Groups from /media/astral/7DFD-F7FB/Counter-Strike2-Server/cs2/game/csgo/addons/counterstrikesharp/configs/admin_groups.json
Admin groups file not found. Skipping admin groups load.
22:39:05 [INFO] (cssharp:Core) Loading Admin Command Overrides from /media/astral/7DFD-F7FB/Counter-Strike2-Server/cs2/game/csgo/addons/counterstrikesharp/configs/admin_overrides.json
Loaded 1 admin command overrides.
22:39:06 [INFO] (cssharp:PluginContext) Loading plugin AdminControlPlugin
[AdminControlPlugin] Plugin loaded successfully!
22:39:06 [INFO] (cssharp:PluginContext) Finished loading plugin Admin Control with MySQL & CFG Sync
22:39:06 [INFO] (cssharp:PluginContext) Loading plugin Frozen_Elsa
22:39:06 [INFO] (cssharp:PluginContext) Finished loading plugin Frozen_Elsa
22:39:06 [INFO] (cssharp:PluginContext) Loading plugin AdminSystem
-------------------------------------------------
[AdminSystem] Plugin Unificado Carregado com Sucesso!
[AdminSystem] Comandos ativos: css_reload_admins, css_admins
-------------------------------------------------
22:39:06 [INFO] (cssharp:PluginContext) Finished loading plugin AdminSystem (Unificado)
[22:39:06.161] CSSharp: CounterStrikeSharp.API Loaded Successfully.
[22:39:06.161] CSSharp: Hooks added.
[AdminControlPlugin] Ban cache loaded successfully. 0 SteamID and 0 IP bans.
[AdminControlPlugin] Mute cache loaded successfully. 0 muted players.
[22:39:06.876] CSSharp: Native d8f03fd4 was invoked on a non-main thread
[S_API] SteamAPI_Init(): Loaded local 'steamclient.so' OK.
[META] Failed to load plugin addons/multiaddonmanager/bin/multiaddonmanager: /media/astral/7DFD-F7FB/Counter-Strike2-Server/cs2/game/csgo/addons/multiaddonmanager/bin/multiaddonmanager.so: não foi possível habilitar pilhas de executável como requisitado pelo objeto compartilhado: Argumento inválido
[META] Loaded 1 plugin.
Event System loaded 94 events from file: vpk:/media/astral/7DFD-F7FB/Counter-Strike2-Server/cs2/game/core/pak01.vpk:resource/core.gameevents.
Event System loaded 50 events from file: vpk:/media/astral/7DFD-F7FB/Counter-Strike2-Server/cs2/game/csgo/pak01.vpk:resource/game.gameevents.
Event System loaded 145 events from file: vpk:/media/astral/7DFD-F7FB/Counter-Strike2-Server/cs2/game/csgo/pak01.vpk:./resource/mod.gameevents.
CEntitySystem::BuildEntityNetworking (parallel build of server) took 45.695 msecs for 211 out of 293 classes
[STARTUP] {1.786} server module init ok
[Info] - Trampoline - Bounds of relative addresses accessed [0xffffffffffffffff, (nil)]
[Info] - Trampoline - Attempting to allocate trampoline within +-2GB range of 0x7fe8124c7f20
[Info] - Trampoline - Allocated trampoline at 0x7fe8924c6000 (using 1 attempts)
CHostStateMgr::QueueNewRequest( Idle (console), 1 )
Source2Init OK
HostStateRequest::Start(HSR_IDLE):  loop(console) id(1) addons() desc(Idle (console))
SwitchToLoop console requested:  id [1] addons []
Host activate: Idle (console)
Loading map "de_anubis"
CHostStateMgr::QueueNewRequest( Loading (de_anubis), 2 )
HostStateRequest::Start(HSR_GAME):  loop(levelload) id(2) addons() desc(Loading (de_anubis))
SwitchToLoop levelload requested:  id [2] addons []
SV:  Level loading started for 'de_anubis'
CL:  CLoopModeLevelLoad::MaybeSwitchToGameLoop switching to "game" loopmode with addons ()
SwitchToLoop game requested:  id [2] addons []
SteamGameServer_Init()
Setting breakpad minidump AppID = 730
SteamInternal_SetMinidumpSteamID:  Caching Steam ID:  76561197960265728 [API loaded yes]
SteamInternal_SetMinidumpSteamID:  Setting Steam ID:  76561197960265728
Looking up breakpad interfaces from steamclient
Calling BreakpadMiniDumpSystemInit
SteamInternal_SetMinidumpSteamID:  Caching Steam ID:  76561197960265728 [API loaded yes]
SteamInternal_SetMinidumpSteamID:  Setting Steam ID:  76561197960265728
[S_API FAIL] Tried to access Steam interface SteamUtils010 before SteamAPI_Init succeeded.
Setting breakpad minidump AppID = 2347773
[AdminControlPlugin] Ban cache loaded successfully. 0 SteamID and 0 IP bans.
[AdminControlPlugin] Mute cache loaded successfully. 0 muted players.
[22:39:07.776] CSSharp: CGameSystem::BuildGameSessionManifest
[S_API FAIL] Tried to access Steam interface SteamUser023 before SteamAPI_Init succeeded.
Steam Universe valid after having been requested when invalid.  Universe is now 1
ResetBreakpadAppId: Universe is 1 (k_EUniversePublic)
ResetBreakpadAppId: Setting dedicated server app id: 2347773
SteamGameServer_Init() OK, logging on to Steam
****************************************************
*                                                  *
*  No Steam account token was specified.           *
*  Logging into anonymous game server account.     *
*  Connections will be restricted to LAN only.     *
*                                                  *
*  To create a game server account go to           *
*  http://steamcommunity.com/dev/managegameservers *
*                                                  *
****************************************************
CNetworkSystem::InitGameServer: SteamGameServerNetworking() OK
Initialized low level socket/threading support.
Set SteamNetworkingSockets P2P_STUN_ServerList to '' as per SteamNetworkingSocketsSerialized
CNetworkGameServerBase::SetServerState (ss_dead -> ss_waitingforgamesessionmanifest)
SV:  maxplayers set to 64
Server is hibernating
ResetGameConVarsToDefaults
CSource2Server::ApplyGameSettings game settings payload received:
  ::ExecGameTypeCfg {
    map {
      mapname de_anubis
    }
    launchoptions {
      levelname de_anubis
      mode dedicated
      loadmap int( 1 = 0x1 )
      changelevel int( 0 = 0x0 )
      map de_anubis
      mapgroup 
      requires_attr 
      requires_attr_value int( -1 = 0xFFFFFFFF )
      requires_attr_reward 
      reward_drop_list int( -1 = 0xFFFFFFFF )
      numSlots int( 10 = 0xA )
      c_game_type int( 0 = 0x0 )
      c_game_mode int( 1 = 0x1 )
      default_game_type int( 0 = 0x0 )
      default_game_mode int( 0 = 0x0 )
      ct_arms models/weapons/ct_arms_gign.vmdl
      t_arms models/weapons/t_arms.vmdl
      ct_models {
         ctm_gign
         ctm_gign_variantA
         ctm_gign_variantB
         ctm_gign_variantC
         ctm_gign_variantD
      }
      t_models {
         tm_leet_variantA
         tm_leet_variantB
         tm_leet_variantC
         tm_leet_variantD
         tm_leet_variantE
      }
    }
  }
Created poll group for socket 'server'
SDR RelayNetworkStatus:  avail=Attempting  config=Attempting  anyrelay=Not Attempted   (Attempt #1 to fetch config (only-if-cached) from https://api.steampowered.com/ISteamApps/GetSDRConfig/v1?appid=730)
AuthStatus (invalid):  Waiting  (Waiting for Steam login)
Network socket 'server' opened on port 27018
Initializing CSGO VScript Game System
SV:  Executing server defaults
SV:  Executing dedicated server config file
[STARTUP] {3.258} created game rules
GameTypes: could not find matching game mode value of "" in any game type.
SV:  CGameRulesGameSystem::GameInit installed game rules
LoadResponseSystem scripts/talker/response_rules.vrr - Start
CResponseSystem:  scripts/talker/response_rules.vrr (7681 rules, 811 criteria, and 7681 responses)
LoadResponseSystem scripts/talker/response_rules.vrr - Finish
CPlayerVoiceListener::GameInit()
Entry player was not found in surfaceproperties_footsteps.txt
exec: couldn't exec '{*}cfg/banned_user.cfg', unable to read file
exec: couldn't exec '{*}cfg/banned_ip.cfg', unable to read file
execing server_default.cfg
execing server.cfg
execing gamemode_competitive.cfg
exec: couldn't exec '{*}cfg/gamemode_competitive_server.cfg', unable to read file
Server waking up from hibernation
Unknown command 'mp_weapons_glow_on_ground'!
Unknown command 'sv_gameinstructor_enable'!
Got SDR network config.  Loaded revision 1779399550 OK
SDR RelayNetworkStatus:  avail=Not Attempted  config=OK  anyrelay=Not Attempted   (No need for SDR client network access)
SV:  Spawn Server: de_anubis
CSource2Server::ApplyGameSettings game settings payload received:
  ::ExecGameTypeCfg {
    map {
      mapname de_anubis
    }
    launchoptions {
      levelname de_anubis
      mode dedicated
      loadmap int( 1 = 0x1 )
      changelevel int( 0 = 0x0 )
      map de_anubis
      mapgroup 
      requires_attr 
      requires_attr_value int( -1 = 0xFFFFFFFF )
      requires[S_API FAIL] Tried to access Steam interface SteamUtils010 before SteamAPI_Init succeeded.
_attr_reward 
      reward_drop_list int( -1 = 0xFFFFFFFF )
      numSlots int( 10 = 0xA )
      c_game_type int( 0 = 0x0 )
      c_game_mode int( 1 = 0x1 )
      default_game_type int( 0 = 0x0 )
      default_game_mode int( 0 = 0x0 )
      ct_arms models/weapons/ct_arms_gign.vmdl
      t_arms models/weapons/t_arms.vmdl
      ct_models {
         ctm_gign
         ctm_gign_variantA
         ctm_gign_variantB
         ctm_gign_variantC
         ctm_gign_variantD
      }
      t_models {
         tm_leet_variantA
         tm_leet_variantB
         tm_leet_variantC
         tm_leet_variantD
         tm_leet_variantE
      }
    }
  }
CNetworkGameServerBase::SetServerState (ss_waitingforgamesessionmanifest -> ss_loading)
texturebase.cpp(3486):ResourceHandleToData( maps/de_anubis/lightmaps/direct_light_shadows.vtex ) failed! Falling back to error texture!
texturebase.cpp(3486):ResourceHandleToData( maps/de_anubis/lightmaps/irradiance.vtex ) failed! Falling back to error texture!
texturebase.cpp(3486):ResourceHandleToData( maps/de_anubis/lightmaps/directional_irradiance.vtex ) failed! Falling back to error texture!
CWorldRendererMgr::ServiceWorldRequests long frame: 44.019962ms
Failed loading resource "maps/prefabs/misc/terrorist_team_intro_variant2/world_visibility.vvis_c" (ERROR_FILEOPEN: File not found)
texturebase.cpp(3486):ResourceHandleToData( maps/prefabs/de_anubis/de_anubis_skybox/lightmaps/direct_light_shadows.vtex ) failed! Falling back to error texture!
texturebase.cpp(3486):ResourceHandleToData( maps/prefabs/de_anubis/de_anubis_skybox/lightmaps/irradiance.vtex ) failed! Falling back to error texture!
texturebase.cpp(3486):ResourceHandleToData( maps/prefabs/de_anubis/de_anubis_skybox/lightmaps/directional_irradiance.vtex ) failed! Falling back to error texture!
CNetworkGameServerBase::SetServerState (ss_loading -> ss_active)
SV:  IGameSystem::LoopActivateAllSystems {
HO:  IGameSystem::LoopActivateAllSystems {
HO:  } IGameSystem::LoopActivateAllSystems done
SV:  } IGameSystem::LoopActivateAllSystems done
Created physics for de_anubis
CNavGenParams - Nav mesh requests project default generation parameters but actual parameters
  used during construction differ from defaults. Please re-export the map.
CNavGenParams - Nav mesh requests project default generation parameters but actual parameters
  used during construction differ from defaults. Please re-export the map.
CNavGenParams - Nav mesh requests project default generation parameters but actual parameters
  used during construction differ from defaults. Please re-export the map.
CNavGenParams - Nav mesh requests project default generation parameters but actual parameters
  used during construction differ from defaults. Please re-export the map.
SV:  64 player server started
CSource2Server::GameServerSteamAPIActivated()
ClientPutInServer create new player controller [Kask]
[Kask] cl_interp_ratio='', LerpTime=0
"Kask<0><BOT><Unassigned>" ChangeTeam() CTMDBG , team 0, req team 2 willSwitch 0, 1.22 
ClientPutInServer create new player controller [Baroud]
[Baroud] cl_interp_ratio='', LerpTime=0
"Baroud<1><BOT><Unassigned>" ChangeTeam() CTMDBG , team 0, req team 3 willSwitch 0, 1.22 
Host activate: Loading (de_anubis)
"Kask<0><BOT><TERRORIST>" OnPreResetRound => CTMDBG, team 2  will switch 0 1.23 
"Baroud<1><BOT><CT>" OnPreResetRound => CTMDBG, team 3  will switch 0 1.23 
Using spawn points configuration 0x9F16503C
1.234375 Long frame (WarmupPeriod): 19.29ms elapsed, 17.89ms sim time, 1 ticks, 79..79.
SV:  Connection to Steam servers successful.
SV:  ServerSteamID=[A:1:4270385160:49888] (90286264146257928).
[STARTUP] {6.767} logged on to Steam
Gameserver logged on to Steam, assigned identity steamid:90286264146257928
AuthStatus (steamid:90286264146257928):  Attempting  (Requesting cert)
Set SteamNetworkingSockets P2P_STUN_ServerList to '162.254.194.36:3478' as per SteamNetworkingSocketsSerialized
SV:  VAC secure mode is activated.
AuthStatus (steamid:90286264146257928):  OK  (OK)
Certificate expires in 48h00m at 1780018751 (current time 1779845951), will renew in 46h00m
[S_API FAIL] Tried to access Steam interface SteamUtils010 before SteamAPI_Init succeeded.
[22:54:40.605] CSSharp: CGameSystem::Shutdown
Loaded /media/astral/7DFD-F7FB/Counter-Strike2-Server/cs2/game/bin/linuxsteamrt64/libengine2.so, got 0x556d4285e7e0
Using breakpad crash handler
Setting breakpad minidump AppID = 2347773
Forcing breakpad minidump interfaces to load
dlopen failed trying to load:
/root/.steam/sdk64/steamclient.so
with error:
/root/.steam/sdk64/steamclient.so: não é possível abrir arquivo compartilhado: Permissão negada
Looking up breakpad interfaces from steamclient
Calling BreakpadMiniDumpSystemInit

Console initialized.
Steam AppId(730), BreakpadId(2347771)
InitSteamLogin_Internal: Initializing breakpad.
Steam Universe is invalid, possibly asking before Steam was successfully initialized.
ResetBreakpadAppId: Universe is 0 (k_EUniverseInvalid)
ResetBreakpadAppId: Setting dedicated server app id: 2347773
Loaded libSDL3.so.0, got 0x556d42979920
Loaded /media/astral/7DFD-F7FB/Counter-Strike2-Server/cs2/game/bin/linuxsteamrt64/libtier0.so, got 0x556d42847700
Visibility enabled.
Loaded /media/astral/7DFD-F7FB/Counter-Strike2-Server/cs2/game/bin/linuxsteamrt64/libfilesystem_stdio.so, got 0x556d4297a2e0
USRLOCAL path not found!
Loaded /media/astral/7DFD-F7FB/Counter-Strike2-Server/cs2/game/bin/linuxsteamrt64/liblocalize.so, got 0x556d4297ac50
Loaded /media/astral/7DFD-F7FB/Counter-Strike2-Server/cs2/game/bin/linuxsteamrt64/librendersystemempty.so, got 0x556d4297b190
Loaded /media/astral/7DFD-F7FB/Counter-Strike2-Server/cs2/game/bin/linuxsteamrt64/libresourcesystem.so, got 0x556d4297bb00
Loaded /media/astral/7DFD-F7FB/Counter-Strike2-Server/cs2/game/bin/linuxsteamrt64/libschemasystem.so, got 0x556d4297c460
Trying to set dxlevel (111) which is higher than the card can support (110)!
Loaded /media/astral/7DFD-F7FB/Counter-Strike2-Server/cs2/game/bin/linuxsteamrt64/libmaterialsystem2.so, got 0x556d4297ce10
---------------
Path ID:             File Path:
ADDONS               "/media/astral/7DFD-F7FB/Counter-Strike2-Server/cs2/game/csgo_addons/" 
CONTENT              "/media/astral/7DFD-F7FB/Counter-Strike2-Server/cs2/content/csgo/addons/metamod/" 
CONTENT              "/media/astral/7DFD-F7FB/Counter-Strike2-Server/cs2/content/csgo/" 
CONTENT              "/media/astral/7DFD-F7FB/Counter-Strike2-Server/cs2/content/csgo_imported/" 
CONTENT              "/media/astral/7DFD-F7FB/Counter-Strike2-Server/cs2/content/csgo_core/" 
CONTENT              "/media/astral/7DFD-F7FB/Counter-Strike2-Server/cs2/content/core/" 
CONTENTADDONS        "/media/astral/7DFD-F7FB/Counter-Strike2-Server/cs2/content/csgo_addons/" 
CONTENTROOT          "/media/astral/7DFD-F7FB/Counter-Strike2-Server/cs2/content/" 
DEFAULT_WRITE_PATH   "/media/astral/7DFD-F7FB/Counter-Strike2-Server/cs2/game/csgo/addons/metamod/" 
EXECUTABLE_PATH      "/media/astral/7DFD-F7FB/Counter-Strike2-Server/cs2/game/bin/linuxsteamrt64/" 
GAME                 "/media/astral/7DFD-F7FB/Counter-Strike2-Server/cs2/game/csgo/pak01.vpk" (vpk) /media/astral/7DFD-F7FB/Counter-Strike2-Server/cs2/game/csgo/pak01.vpk
GAME                 "/media/astral/7DFD-F7FB/Counter-Strike2-Server/cs2/game/csgo_imported/pak01.vpk" (vpk) /media/astral/7DFD-F7FB/Counter-Strike2-Server/cs2/game/csgo_imported/pak01.vpk
GAME                 "/media/astral/7DFD-F7FB/Counter-Strike2-Server/cs2/game/csgo_core/pak01.vpk" (vpk) /media/astral/7DFD-F7FB/Counter-Strike2-Server/cs2/game/csgo_core/pak01.vpk
GAME                 "/media/astral/7DFD-F7FB/Counter-Strike2-Server/cs2/game/core/pak01.vpk" (vpk) /media/astral/7DFD-F7FB/Counter-Strike2-Server/cs2/game/core/pak01.vpk
GAME                 "/media/astral/7DFD-F7FB/Counter-Strike2-Server/cs2/game/csgo/shaders_vulkan.vpk" (vpk) /media/astral/7DFD-F7FB/Counter-Strike2-Server/cs2/game/csgo/shaders_vulkan.vpk
GAME                 "/media/astral/7DFD-F7FB/Counter-Strike2-Server/cs2/game/csgo_core/shaders_vulkan.vpk" (vpk) /media/astral/7DFD-F7FB/Counter-Strike2-Server/cs2/game/csgo_core/shaders_vulkan.vpk
GAME                 "/media/astral/7DFD-F7FB/Counter-Strike2-Server/cs2/game/core/shaders_vulkan.vpk" (vpk) /media/astral/7DFD-F7FB/Counter-Strike2-Server/cs2/game/core/shaders_vulkan.vpk
GAME                 "/media/astral/7DFD-F7FB/Counter-Strike2-Server/cs2/game/csgo/addons/metamod/" 
GAME                 "/media/astral/7DFD-F7FB/Counter-Strike2-Server/cs2/game/csgo/" 
GAME                 "/media/astral/7DFD-F7FB/Counter-Strike2-Server/cs2/game/csgo_imported/" 
GAME                 "/media/astral/7DFD-F7FB/Counter-Strike2-Server/cs2/game/csgo_core/" 
GAME                 "/media/astral/7DFD-F7FB/Counter-Strike2-Server/cs2/game/core/" 
GAMEBIN              "/media/astral/7DFD-F7FB/Counter-Strike2-Server/cs2/game/csgo/addons/metamod/bin/linuxsteamrt64/" 
GAMEBIN              "/media/astral/7DFD-F7FB/Counter-Strike2-Server/cs2/game/csgo/addons/metamod/bin/" 
GAMEBIN              "/media/astral/7DFD-F7FB/Counter-Strike2-Server/cs2/game/csgo/bin/linuxsteamrt64/" 
GAMEBIN              "/media/astral/7DFD-F7FB/Counter-Strike2-Server/cs2/game/csgo/bin/" 
GAMEBIN              "/media/astral/7DFD-F7FB/Counter-Strike2-Server/cs2/game/csgo_imported/bin/linuxsteamrt64/" 
GAMEBIN              "/media/astral/7DFD-F7FB/Counter-Strike2-Server/cs2/game/csgo_imported/bin/" 
GAMEBIN              "/media/astral/7DFD-F7FB/Counter-Strike2-Server/cs2/game/csgo_core/bin/linuxsteamrt64/" 
GAMEBIN              "/media/astral/7DFD-F7FB/Counter-Strike2-Server/cs2/game/csgo_core/bin/" 
GAMEBIN              "/media/astral/7DFD-F7FB/Counter-Strike2-Server/cs2/game/core/bin/linuxsteamrt64/" 
GAMEBIN              "/media/astral/7DFD-F7FB/Counter-Strike2-Server/cs2/game/core/bin/" 
GAMEROOT             "/media/astral/7DFD-F7FB/Counter-Strike2-Server/cs2/game/" 
MOD                  "/media/astral/7DFD-F7FB/Counter-Strike2-Server/cs2/game/csgo/pak01.vpk" (vpk) /media/astral/7DFD-F7FB/Counter-Strike2-Server/cs2/game/csgo/pak01.vpk
MOD                  "/media/astral/7DFD-F7FB/Counter-Strike2-Server/cs2/game/csgo_imported/pak01.vpk" (vpk) /media/astral/7DFD-F7FB/Counter-Strike2-Server/cs2/game/csgo_imported/pak01.vpk
MOD                  "/media/astral/7DFD-F7FB/Counter-Strike2-Server/cs2/game/csgo_core/pak01.vpk" (vpk) /media/astral/7DFD-F7FB/Counter-Strike2-Server/cs2/game/csgo_core/pak01.vpk
MOD                  "/media/astral/7DFD-F7FB/Counter-Strike2-Server/cs2/game/csgo/" 
MOD                  "/media/astral/7DFD-F7FB/Counter-Strike2-Server/cs2/game/csgo_imported/" 
MOD                  "/media/astral/7DFD-F7FB/Counter-Strike2-Server/cs2/game/csgo_core/" 
OFFICIAL_ADDONS      "/media/astral/7DFD-F7FB/Counter-Strike2-Server/cs2/game/csgo_community_addons/" 
PLATFORM             "/media/astral/7DFD-F7FB/Counter-Strike2-Server/cs2/game/core/pak01.vpk" (vpk) /media/astral/7DFD-F7FB/Counter-Strike2-Server/cs2/game/core/pak01.vpk
PLATFORM             "/media/astral/7DFD-F7FB/Counter-Strike2-Server/cs2/game/core/" 
SHADER_SOURCE        "/media/astral/7DFD-F7FB/Counter-Strike2-Server/cs2/src/shaders/csgo/addons/metamod/" 
SHADER_SOURCE        "/media/astral/7DFD-F7FB/Counter-Strike2-Server/cs2/src/shaders/csgo/" 
SHADER_SOURCE        "/media/astral/7DFD-F7FB/Counter-Strike2-Server/cs2/src/shaders/csgo_imported/" 
SHADER_SOURCE        "/media/astral/7DFD-F7FB/Counter-Strike2-Server/cs2/src/shaders/csgo_core/" 
SHADER_SOURCE        "/media/astral/7DFD-F7FB/Counter-Strike2-Server/cs2/src/shaders/core/" 
SHADER_SOURCE        "/media/astral/7DFD-F7FB/Counter-Strike2-Server/cs2/src/shaders/csgo_community_addons/" 
SHADER_SOURCE_MOD    "/media/astral/7DFD-F7FB/Counter-Strike2-Server/cs2/src/shaders/csgo/addons/metamod/" 
SHADER_SOURCE_ROOT   "/media/astral/7DFD-F7FB/Counter-Strike2-Server/cs2/src/shaders/" 
command line arguments:
-dedicated -nojoy -usercon -port 27015 +map de_anubis
protected command line arguments (stripped from above):
+rcon_password <protected>
Loaded /media/astral/7DFD-F7FB/Counter-Strike2-Server/cs2/game/bin/linuxsteamrt64/libmeshsystem.so, got 0x556d429ebb00
Loaded /media/astral/7DFD-F7FB/Counter-Strike2-Server/cs2/game/bin/linuxsteamrt64/libworldrenderer.so, got 0x556d429fe470
Loaded /media/astral/7DFD-F7FB/Counter-Strike2-Server/cs2/game/bin/linuxsteamrt64/libpulse_system.so, got 0x556d42a11200
Loaded /media/astral/7DFD-F7FB/Counter-Strike2-Server/cs2/game/bin/linuxsteamrt64/libvscript.so, got 0x556d42a23750
Loaded /media/astral/7DFD-F7FB/Counter-Strike2-Server/cs2/game/bin/linuxsteamrt64/libnetworksystem.so, got 0x556d42a360c0
Loaded /media/astral/7DFD-F7FB/Counter-Strike2-Server/cs2/game/bin/linuxsteamrt64/libanimationsystem.so, got 0x556d42a4a710
Loaded /media/astral/7DFD-F7FB/Counter-Strike2-Server/cs2/game/bin/linuxsteamrt64/libvphysics2.so, got 0x556d42a61ef0
Loaded /media/astral/7DFD-F7FB/Counter-Strike2-Server/cs2/game/bin/linuxsteamrt64/libsoundsystem.so, got 0x556d42a74860
Loaded /media/astral/7DFD-F7FB/Counter-Strike2-Server/cs2/game/bin/linuxsteamrt64/libscenesystem.so, got 0x556d42a8cc90
Network System Initialized
MOD desires lightbinner GPU but is unsupported by HW (SupportsCompute=0 CubeMapArrays=0)
Loaded /media/astral/7DFD-F7FB/Counter-Strike2-Server/cs2/game/bin/linuxsteamrt64/libserver_valve.so, got (nil)
Loaded libserver_valve.so, got (nil)
Loaded /media/astral/7DFD-F7FB/Counter-Strike2-Server/cs2/game/csgo/addons/metamod/bin/linuxsteamrt64/libserver.so, got 0x556d42aa4850
Loaded /media/astral/7DFD-F7FB/Counter-Strike2-Server/cs2/game/bin/linuxsteamrt64/libengine2.so, got 0x556d4285e7e0
Physics Console Communications is not initialized
Loaded /media/astral/7DFD-F7FB/Counter-Strike2-Server/cs2/game/csgo/bin/linuxsteamrt64/libhost.so, got 0x556d42ae8000
Loaded /media/astral/7DFD-F7FB/Counter-Strike2-Server/cs2/game/bin/linuxsteamrt64/libscenefilecache.so, got 0x556d42afb8e0
Loaded /media/astral/7DFD-F7FB/Counter-Strike2-Server/cs2/game/bin/linuxsteamrt64/libparticles.so, got 0x556d42b0e250
Loaded /media/astral/7DFD-F7FB/Counter-Strike2-Server/cs2/game/csgo/bin/linuxsteamrt64/libmatchmaking.so, got 0x556d42b22060
Loaded /media/astral/7DFD-F7FB/Counter-Strike2-Server/cs2/game/bin/linuxsteamrt64/libv8system.so, got 0x556d42b366c0
[22:59:04.189] CSSharp: Initializing with command line: "/media/astral/7DFD-F7FB/Counter-Strike2-Server/cs2/game/bin/linuxsteamrt64/cs2" /media/astral/7DFD-F7FB/Counter-Strike2-Server/cs2/game/bin/linuxsteamrt64/cs2 -dedicated -nojoy -usercon -port 27015 +map de_anubis +rcon_password GZPWA3PyZ7zonPf
[22:59:04.189] CSSharp: Current root directory: /media/astral/7DFD-F7FB/Counter-Strike2-Server/cs2/game/csgo/addons/counterstrikesharp
[22:59:04.234] CSSharp: CoreConfig loaded.
[22:59:04.234] CSSharp: Auto-update is not currently supported on this platform.
[22:59:04.596] CSSharp: Copying bytes from disk for /media/astral/7DFD-F7FB/Counter-Strike2-Server/cs2/game/bin/linuxsteamrt64/libengine2.so
[22:59:06.558] CSSharp: Copying bytes from disk for /media/astral/7DFD-F7FB/Counter-Strike2-Server/cs2/game/bin/linuxsteamrt64/../../csgo/bin/linuxsteamrt64//libserver.so
[22:59:07.880] CSSharp: Globals loaded.
[22:59:07.988] CSSharp: Initialized GameSystem.
[22:59:07.988] CSSharp: Loading .NET runtime...
[22:59:07.988] CSSharp: Loading hostfxr from /media/astral/7DFD-F7FB/Counter-Strike2-Server/cs2/game/csgo/addons/counterstrikesharp/dotnet/host/fxr/8.0.3/libhostfxr.so
[22:59:08.025] CSSharp: .NET Runtime Initialised.
[22:59:08.025] CSSharp: Loading CSS API, Runtime Config: /media/astral/7DFD-F7FB/Counter-Strike2-Server/cs2/game/csgo/addons/counterstrikesharp/api/CounterStrikeSharp.API.runtimeconfig.json
GameTypes: missing mapgroupsSP entry for game type/mode (custom/custom).
GameTypes: missing mapgroupsSP entry for game type/mode (cooperative/cooperative).
GameTypes: missing mapgroupsSP entry for game type/mode (cooperative/coopmission).
22:59:11 [INFO] (cssharp:Core) CounterStrikeSharp is starting up...
22:59:12 [INFO] (cssharp:CoreConfig) Successfully loaded core configuration
22:59:12 [INFO] (cssharp:GameDataProvider) Successfully loaded 45 game data entries from /media/astral/7DFD-F7FB/Counter-Strike2-Server/cs2/game/csgo/addons/counterstrikesharp/gamedata/gamedata.json
22:59:12 [INFO] (cssharp:Core) Loading Admins from /media/astral/7DFD-F7FB/Counter-Strike2-Server/cs2/game/csgo/addons/counterstrikesharp/configs/admins.json
22:59:12 [INFO] (cssharp:AdminManager) Loaded admin data with 1 admins.
22:59:12 [INFO] (cssharp:Core) Loading Admin Groups from /media/astral/7DFD-F7FB/Counter-Strike2-Server/cs2/game/csgo/addons/counterstrikesharp/configs/admin_groups.json
Admin groups file not found. Skipping admin groups load.
22:59:12 [INFO] (cssharp:Core) Loading Admin Command Overrides from /media/astral/7DFD-F7FB/Counter-Strike2-Server/cs2/game/csgo/addons/counterstrikesharp/configs/admin_overrides.json
Loaded 1 admin command overrides.
22:59:13 [INFO] (cssharp:PluginContext) Loading plugin AdminControlPlugin
[AdminControlPlugin] Plugin loaded successfully!
22:59:13 [INFO] (cssharp:PluginContext) Finished loading plugin Admin Control with MySQL & CFG Sync
22:59:13 [INFO] (cssharp:PluginContext) Loading plugin Frozen_Elsa
22:59:13 [INFO] (cssharp:PluginContext) Finished loading plugin Frozen_Elsa
22:59:13 [INFO] (cssharp:PluginContext) Loading plugin AdminSystem
-------------------------------------------------
[AdminSystem] Plugin Unificado Carregado com Sucesso!
[AdminSystem] Comandos ativos: css_reload_admins, css_admins
-------------------------------------------------
22:59:13 [INFO] (cssharp:PluginContext) Finished loading plugin AdminSystem (Unificado)
[22:59:13.990] CSSharp: CounterStrikeSharp.API Loaded Successfully.
[22:59:13.991] CSSharp: Hooks added.
[AdminControlPlugin] Ban cache loaded successfully. 0 SteamID and 0 IP bans.
[AdminControlPlugin] Mute cache loaded successfully. 0 muted players.
[22:59:14.968] CSSharp: Native d8f03fd4 was invoked on a non-main thread
[S_API] SteamAPI_Init(): Loaded local 'steamclient.so' OK.
[META] Failed to load plugin addons/multiaddonmanager/bin/multiaddonmanager: /media/astral/7DFD-F7FB/Counter-Strike2-Server/cs2/game/csgo/addons/multiaddonmanager/bin/multiaddonmanager.so: não foi possível habilitar pilhas de executável como requisitado pelo objeto compartilhado: Argumento inválido
[META] Loaded 1 plugin.
Event System loaded 94 events from file: vpk:/media/astral/7DFD-F7FB/Counter-Strike2-Server/cs2/game/core/pak01.vpk:resource/core.gameevents.
Event System loaded 50 events from file: vpk:/media/astral/7DFD-F7FB/Counter-Strike2-Server/cs2/game/csgo/pak01.vpk:resource/game.gameevents.
Event System loaded 145 events from file: vpk:/media/astral/7DFD-F7FB/Counter-Strike2-Server/cs2/game/csgo/pak01.vpk:./resource/mod.gameevents.
CEntitySystem::BuildEntityNetworking (parallel build of server) took 40.395 msecs for 211 out of 293 classes
[STARTUP] {22.811} server module init ok
[Info] - Trampoline - Bounds of relative addresses accessed [0xffffffffffffffff, (nil)]
[Info] - Trampoline - Attempting to allocate trampoline within +-2GB range of 0x7f5b57836f20
[Info] - Trampoline - Allocated trampoline at 0x7f5bd7835000 (using 1 attempts)
CHostStateMgr::QueueNewRequest( Idle (console), 1 )
Source2Init OK
HostStateRequest::Start(HSR_IDLE):  loop(console) id(1) addons() desc(Idle (console))
SwitchToLoop console requested:  id [1] addons []
Host activate: Idle (console)
Loading map "de_anubis"
CHostStateMgr::QueueNewRequest( Loading (de_anubis), 2 )
HostStateRequest::Start(HSR_GAME):  loop(levelload) id(2) addons() desc(Loading (de_anubis))
SwitchToLoop levelload requested:  id [2] addons []
SV:  Level loading started for 'de_anubis'
CL:  CLoopModeLevelLoad::MaybeSwitchToGameLoop switching to "game" loopmode with addons ()
SwitchToLoop game requested:  id [2] addons []
SteamGameServer_Init()
Setting breakpad minidump AppID = 730
SteamInternal_SetMinidumpSteamID:  Caching Steam ID:  76561197960265728 [API loaded yes]
SteamInternal_SetMinidumpSteamID:  Setting Steam ID:  76561197960265728
Looking up breakpad interfaces from steamclient
Calling BreakpadMiniDumpSystemInit
SteamInternal_SetMinidumpSteamID:  Caching Steam ID:  76561197960265728 [API loaded yes]
SteamInternal_SetMinidumpSteamID:  Setting Steam ID:  76561197960265728
[S_API FAIL] Tried to access Steam interface SteamUtils010 before SteamAPI_Init succeeded.
Setting breakpad minidump AppID = 2347773
[AdminControlPlugin] Ban cache loaded successfully. 0 SteamID and 0 IP bans.
[AdminControlPlugin] Mute cache loaded successfully. 0 muted players.
[22:59:35.223] CSSharp: CGameSystem::BuildGameSessionManifest
[S_API FAIL] Tried to access Steam interface SteamUser023 before SteamAPI_Init succeeded.
[S_API FAIL] Tried to access Steam interface SteamUtils010 before SteamAPI_Init succeeded.
IPC function call IClientUtils::GetSteamRealm took too long: 54 msec
Steam Universe valid after having been requested when invalid.  Universe is now 1
ResetBreakpadAppId: Universe is 1 (k_EUniversePublic)
ResetBreakpadAppId: Setting dedicated server app id: 2347773
SteamGameServer_Init() OK, logging on to Steam
****************************************************
*                                                  *
*  No Steam account token was specified.           *
*  Logging into anonymous game server account.     *
*  Connections will be restricted to LAN only.     *
*                                                  *
*  To create a game server account go to           *
*  http://steamcommunity.com/dev/managegameservers *
*                                                  *
****************************************************
CNetworkSystem::InitGameServer: SteamGameServerNetworking() OK
Initialized low level socket/threading support.
Set SteamNetworkingSockets P2P_STUN_ServerList to '' as per SteamNetworkingSocketsSerialized
CNetworkGameServerBase::SetServerState (ss_dead -> ss_waitingforgamesessionmanifest)
SV:  maxplayers set to 64
Server is hibernating
ResetGameConVarsToDefaults
CSource2Server::ApplyGameSettings game settings payload received:
  ::ExecGameTypeCfg {
    map {
      mapname de_anubis
    }
    launchoptions {
      levelname de_anubis
      mode dedicated
      loadmap int( 1 = 0x1 )
      changelevel int( 0 = 0x0 )
      map de_anubis
      mapgroup 
      requires_attr 
      requires_attr_value int( -1 = 0xFFFFFFFF )
      requires_attr_reward 
      reward_drop_list int( -1 = 0xFFFFFFFF )
      numSlots int( 10 = 0xA )
      c_game_type int( 0 = 0x0 )
      c_game_mode int( 1 = 0x1 )
      default_game_type int( 0 = 0x0 )
      default_game_mode int( 0 = 0x0 )
      ct_arms models/weapons/ct_arms_gign.vmdl
      t_arms models/weapons/t_arms.vmdl
      ct_models {
         ctm_gign
         ctm_gign_variantA
         ctm_gign_variantB
         ctm_gign_variantC
         ctm_gign_variantD
      }
      t_models {
         tm_leet_variantA
         tm_leet_variantB
         tm_leet_variantC
         tm_leet_variantD
         tm_leet_variantE
      }
    }
  }
Created poll group for socket 'server'
SDR RelayNetworkStatus:  avail=Attempting  config=Attempting  anyrelay=Not Attempted   (Attempt #1 to fetch config (only-if-cached) from https://api.steampowered.com/ISteamApps/GetSDRConfig/v1?appid=730)
AuthStatus (invalid):  Waiting  (Waiting for Steam login)
Network socket 'server' opened on port 27015
Initializing CSGO VScript Game System
SV:  Executing server defaults
SV:  Executing dedicated server config file
[STARTUP] {43.273} created game rules
GameTypes: could not find matching game mode value of "" in any game type.
SV:  CGameRulesGameSystem::GameInit installed game rules
LoadResponseSystem scripts/talker/response_rules.vrr - Start
CResponseSystem:  scripts/talker/response_rules.vrr (7681 rules, 811 criteria, and 7681 responses)
LoadResponseSystem scripts/talker/response_rules.vrr - Finish
CPlayerVoiceListener::GameInit()
Entry player was not found in surfaceproperties_footsteps.txt
exec: couldn't exec '{*}cfg/banned_user.cfg', unable to read file
exec: couldn't exec '{*}cfg/banned_ip.cfg', unable to read file
execing server_default.cfg
execing server.cfg
execing gamemode_competitive.cfg
exec: couldn't exec '{*}cfg/gamemode_competitive_server.cfg', unable to read file
Server waking up from hibernation
Unknown command 'mp_weapons_glow_on_ground'!
Unknown command 'sv_gameinstructor_enable'!
Got SDR network config.  Loaded revision 1779399550 OK
SDR RelayNetworkStatus:  avail=Not Attempted  config=OK  anyrelay=Not Attempted   (No need for SDR client network access)
SV:  Connection to Steam servers successful.
SV:  ServerSteamID=[A:1:633070600:49889] (90286264803910664).
[STARTUP] {44.436} logged on to Steam
Gameserver logged on to Steam, assigned identity steamid:90286264803910664
AuthStatus (steamid:90286264803910664):  Attempting  (Requesting cert)
Set SteamNetworkingSockets P2P_STUN_ServerList to '155.133.227.55:3478' as per SteamNetworkingSocketsSerialized
SV:  VAC secure mode is activated.
AuthStatus (steamid:90286264803910664):  OK  (OK)
Certificate expires in 48h00m at 1780019976 (current time 1779847176), will renew in 46h00m
GC Connection established for server version 2000835, instance idx 1
[STARTUP] {44.875} activated session on GC
texturebase.cpp(3486):ResourceHandleToData( maps/de_anubis/lightmaps/direct_light_shadows.vtex ) failed! Falling back to error texture!
texturebase.cpp(3486):ResourceHandleToData( maps/de_anubis/lightmaps/irradiance.vtex ) failed! Falling back to error texture!
texturebase.cpp(3486):ResourceHandleToData( maps/de_anubis/lightmaps/directional_irradiance.vtex ) failed! Falling back to error texture!
CWorldRendererMgr::ServiceWorldRequests long frame: 53.230945ms
SV:  Spawn Server: de_anubis
CSource2Server::ApplyGameSettings game settings payload received:
  ::ExecGameTypeCfg {
    map {
      mapname de_anubis
    }
    launchoptions {
      levelname de_anubis
      mode dedicated
      loadmap int( 1 = 0x1 )
      changelevel int( 0 = 0x0 )
      map de_anubis
      mapgroup 
      requires_attr 
      requires_attr_value int( -1 = 0xFFFFFFFF )
      requires_attr_reward 
      reward_drop_list int( -1 = 0xFFFFFFFF )
      numSlots int( 10 = 0xA )
      c_game_type int( 0 = 0x0 )
      c_game_mode int( 1 = 0x1 )
      default_game_type int( 0 = 0x0 )
      default_game_mode int( 0 = 0x0 )
      ct_arms models/weapons/ct_arms_gign.vmdl
      t_arms models/weapons/t_arms.vmdl
      ct_models {
         ctm_gign
         ctm_gign_variantA
         ctm_gign_variantB
         ctm_gign_variantC
         ctm_gign_variantD
      }
      t_models {
         tm_leet_variantA
         tm_leet_variantB
         tm_leet_variantC
         tm_leet_variantD
         tm_leet_variantE
      }
    }
  }
CNetworkGameServerBase::SetServerState (ss_waitingforgamesessionmanifest -> ss_loading)
Failed loading resource "maps/prefabs/misc/terrorist_team_intro_variant2/world_visibility.vvis_c" (ERROR_FILEOPEN: File not found)
texturebase.cpp(3486):ResourceHandleToData( maps/prefabs/de_anubis/de_anubis_skybox/lightmaps/direct_light_shadows.vtex ) failed! Falling back to error texture!
texturebase.cpp(3486):ResourceHandleToData( maps/prefabs/de_anubis/de_anubis_skybox/lightmaps/irradiance.vtex ) failed! Falling back to error texture!
texturebase.cpp(3486):ResourceHandleToData( maps/prefabs/de_anubis/de_anubis_skybox/lightmaps/directional_irradiance.vtex ) failed! Falling back to error texture!
CNetworkGameServerBase::SetServerState (ss_loading -> ss_active)
SV:  IGameSystem::LoopActivateAllSystems {
HO:  IGameSystem::LoopActivateAllSystems {
HO:  } IGameSystem::LoopActivateAllSystems done
SV:  } IGameSystem::LoopActivateAllSystems done
Created physics for de_anubis
CNavGenParams - Nav mesh requests project default generation parameters but actual parameters
  used during construction differ from defaults. Please re-export the map.
CNavGenParams - Nav mesh requests project default generation parameters but actual parameters
  used during construction differ from defaults. Please re-export the map.
CNavGenParams - Nav mesh requests project default generation parameters but actual parameters
  used during construction differ from defaults. Please re-export the map.
CNavGenParams - Nav mesh requests project default generation parameters but actual parameters
  used during construction differ from defaults. Please re-export the map.
SV:  64 player server started
CSource2Server::GameServerSteamAPIActivated()
ClientPutInServer create new player controller [K]
[K] cl_interp_ratio='', LerpTime=0
"K<0><BOT><Unassigned>" ChangeTeam() CTMDBG , team 0, req team 2 willSwitch 0, 1.69 
ClientPutInServer create new player controller [Getaway]
[Getaway] cl_interp_ratio='', LerpTime=0
"Getaway<1><BOT><Unassigned>" ChangeTeam() CTMDBG , team 0, req team 3 willSwitch 0, 1.69 
Host activate: Loading (de_anubis)
"K<0><BOT><TERRORIST>" OnPreResetRound => CTMDBG, team 2  will switch 0 1.70 
"Getaway<1><BOT><CT>" OnPreResetRou[S_API FAIL] Tried to access Steam interface SteamUtils010 before SteamAPI_Init succeeded.
[23:08:29.834] CSSharp: CGameSystem::Shutdown
Loaded /media/astral/7DFD-F7FB/Counter-Strike2-Server/cs2/game/bin/linuxsteamrt64/libengine2.so, got 0x5611271f07e0
Using breakpad crash handler
Setting breakpad minidump AppID = 2347773
Forcing breakpad minidump interfaces to load
dlopen failed trying to load:
/root/.steam/sdk64/steamclient.so
with error:
/root/.steam/sdk64/steamclient.so: não é possível abrir arquivo compartilhado: Permissão negada
Looking up breakpad interfaces from steamclient
Calling BreakpadMiniDumpSystemInit

Console initialized.
Steam AppId(730), BreakpadId(2347771)
InitSteamLogin_Internal: Initializing breakpad.
Steam Universe is invalid, possibly asking before Steam was successfully initialized.
ResetBreakpadAppId: Universe is 0 (k_EUniverseInvalid)
ResetBreakpadAppId: Setting dedicated server app id: 2347773
Loaded libSDL3.so.0, got 0x56112730b920
Loaded /media/astral/7DFD-F7FB/Counter-Strike2-Server/cs2/game/bin/linuxsteamrt64/libtier0.so, got 0x5611271d9700
Visibility enabled.
Loaded /media/astral/7DFD-F7FB/Counter-Strike2-Server/cs2/game/bin/linuxsteamrt64/libfilesystem_stdio.so, got 0x56112730c2e0
USRLOCAL path not found!
Loaded /media/astral/7DFD-F7FB/Counter-Strike2-Server/cs2/game/bin/linuxsteamrt64/liblocalize.so, got 0x56112730cc50
Loaded /media/astral/7DFD-F7FB/Counter-Strike2-Server/cs2/game/bin/linuxsteamrt64/librendersystemempty.so, got 0x56112730d190
Loaded /media/astral/7DFD-F7FB/Counter-Strike2-Server/cs2/game/bin/linuxsteamrt64/libresourcesystem.so, got 0x56112730db00
Loaded /media/astral/7DFD-F7FB/Counter-Strike2-Server/cs2/game/bin/linuxsteamrt64/libschemasystem.so, got 0x56112730e460
Trying to set dxlevel (111) which is higher than the card can support (110)!
Loaded /media/astral/7DFD-F7FB/Counter-Strike2-Server/cs2/game/bin/linuxsteamrt64/libmaterialsystem2.so, got 0x56112730ee10
---------------
Path ID:             File Path:
ADDONS               "/media/astral/7DFD-F7FB/Counter-Strike2-Server/cs2/game/csgo_addons/" 
CONTENT              "/media/astral/7DFD-F7FB/Counter-Strike2-Server/cs2/content/csgo/addons/metamod/" 
CONTENT              "/media/astral/7DFD-F7FB/Counter-Strike2-Server/cs2/content/csgo/" 
CONTENT              "/media/astral/7DFD-F7FB/Counter-Strike2-Server/cs2/content/csgo_imported/" 
CONTENT              "/media/astral/7DFD-F7FB/Counter-Strike2-Server/cs2/content/csgo_core/" 
CONTENT              "/media/astral/7DFD-F7FB/Counter-Strike2-Server/cs2/content/core/" 
CONTENTADDONS        "/media/astral/7DFD-F7FB/Counter-Strike2-Server/cs2/content/csgo_addons/" 
CONTENTROOT          "/media/astral/7DFD-F7FB/Counter-Strike2-Server/cs2/content/" 
DEFAULT_WRITE_PATH   "/media/astral/7DFD-F7FB/Counter-Strike2-Server/cs2/game/csgo/addons/metamod/" 
EXECUTABLE_PATH      "/media/astral/7DFD-F7FB/Counter-Strike2-Server/cs2/game/bin/linuxsteamrt64/" 
GAME                 "/media/astral/7DFD-F7FB/Counter-Strike2-Server/cs2/game/csgo/pak01.vpk" (vpk) /media/astral/7DFD-F7FB/Counter-Strike2-Server/cs2/game/csgo/pak01.vpk
GAME                 "/media/astral/7DFD-F7FB/Counter-Strike2-Server/cs2/game/csgo_imported/pak01.vpk" (vpk) /media/astral/7DFD-F7FB/Counter-Strike2-Server/cs2/game/csgo_imported/pak01.vpk
GAME                 "/media/astral/7DFD-F7FB/Counter-Strike2-Server/cs2/game/csgo_core/pak01.vpk" (vpk) /media/astral/7DFD-F7FB/Counter-Strike2-Server/cs2/game/csgo_core/pak01.vpk
GAME                 "/media/astral/7DFD-F7FB/Counter-Strike2-Server/cs2/game/core/pak01.vpk" (vpk) /media/astral/7DFD-F7FB/Counter-Strike2-Server/cs2/game/core/pak01.vpk
GAME                 "/media/astral/7DFD-F7FB/Counter-Strike2-Server/cs2/game/csgo/shaders_vulkan.vpk" (vpk) /media/astral/7DFD-F7FB/Counter-Strike2-Server/cs2/game/csgo/shaders_vulkan.vpk
GAME                 "/media/astral/7DFD-F7FB/Counter-Strike2-Server/cs2/game/csgo_core/shaders_vulkan.vpk" (vpk) /media/astral/7DFD-F7FB/Counter-Strike2-Server/cs2/game/csgo_core/shaders_vulkan.vpk
GAME                 "/media/astral/7DFD-F7FB/Counter-Strike2-Server/cs2/game/core/shaders_vulkan.vpk" (vpk) /media/astral/7DFD-F7FB/Counter-Strike2-Server/cs2/game/core/shaders_vulkan.vpk
GAME                 "/media/astral/7DFD-F7FB/Counter-Strike2-Server/cs2/game/csgo/addons/metamod/" 
GAME                 "/media/astral/7DFD-F7FB/Counter-Strike2-Server/cs2/game/csgo/" 
GAME                 "/media/astral/7DFD-F7FB/Counter-Strike2-Server/cs2/game/csgo_imported/" 
GAME                 "/media/astral/7DFD-F7FB/Counter-Strike2-Server/cs2/game/csgo_core/" 
GAME                 "/media/astral/7DFD-F7FB/Counter-Strike2-Server/cs2/game/core/" 
GAMEBIN              "/media/astral/7DFD-F7FB/Counter-Strike2-Server/cs2/game/csgo/addons/metamod/bin/linuxsteamrt64/" 
GAMEBIN              "/media/astral/7DFD-F7FB/Counter-Strike2-Server/cs2/game/csgo/addons/metamod/bin/" 
GAMEBIN              "/media/astral/7DFD-F7FB/Counter-Strike2-Server/cs2/game/csgo/bin/linuxsteamrt64/" 
GAMEBIN              "/media/astral/7DFD-F7FB/Counter-Strike2-Server/cs2/game/csgo/bin/" 
GAMEBIN              "/media/astral/7DFD-F7FB/Counter-Strike2-Server/cs2/game/csgo_imported/bin/linuxsteamrt64/" 
GAMEBIN              "/media/astral/7DFD-F7FB/Counter-Strike2-Server/cs2/game/csgo_imported/bin/" 
GAMEBIN              "/media/astral/7DFD-F7FB/Counter-Strike2-Server/cs2/game/csgo_core/bin/linuxsteamrt64/" 
GAMEBIN              "/media/astral/7DFD-F7FB/Counter-Strike2-Server/cs2/game/csgo_core/bin/" 
GAMEBIN              "/media/astral/7DFD-F7FB/Counter-Strike2-Server/cs2/game/core/bin/linuxsteamrt64/" 
GAMEBIN              "/media/astral/7DFD-F7FB/Counter-Strike2-Server/cs2/game/core/bin/" 
GAMEROOT             "/media/astral/7DFD-F7FB/Counter-Strike2-Server/cs2/game/" 
MOD                  "/media/astral/7DFD-F7FB/Counter-Strike2-Server/cs2/game/csgo/pak01.vpk" (vpk) /media/astral/7DFD-F7FB/Counter-Strike2-Server/cs2/game/csgo/pak01.vpk
MOD                  "/media/astral/7DFD-F7FB/Counter-Strike2-Server/cs2/game/csgo_imported/pak01.vpk" (vpk) /media/astral/7DFD-F7FB/Counter-Strike2-Server/cs2/game/csgo_imported/pak01.vpk
MOD                  "/media/astral/7DFD-F7FB/Counter-Strike2-Server/cs2/game/csgo_core/pak01.vpk" (vpk) /media/astral/7DFD-F7FB/Counter-Strike2-Server/cs2/game/csgo_core/pak01.vpk
MOD                  "/media/astral/7DFD-F7FB/Counter-Strike2-Server/cs2/game/csgo/" 
MOD                  "/media/astral/7DFD-F7FB/Counter-Strike2-Server/cs2/game/csgo_imported/" 
MOD                  "/media/astral/7DFD-F7FB/Counter-Strike2-Server/cs2/game/csgo_core/" 
OFFICIAL_ADDONS      "/media/astral/7DFD-F7FB/Counter-Strike2-Server/cs2/game/csgo_community_addons/" 
PLATFORM             "/media/astral/7DFD-F7FB/Counter-Strike2-Server/cs2/game/core/pak01.vpk" (vpk) /media/astral/7DFD-F7FB/Counter-Strike2-Server/cs2/game/core/pak01.vpk
PLATFORM             "/media/astral/7DFD-F7FB/Counter-Strike2-Server/cs2/game/core/" 
SHADER_SOURCE        "/media/astral/7DFD-F7FB/Counter-Strike2-Server/cs2/src/shaders/csgo/addons/metamod/" 
SHADER_SOURCE        "/media/astral/7DFD-F7FB/Counter-Strike2-Server/cs2/src/shaders/csgo/" 
SHADER_SOURCE        "/media/astral/7DFD-F7FB/Counter-Strike2-Server/cs2/src/shaders/csgo_imported/" 
SHADER_SOURCE        "/media/astral/7DFD-F7FB/Counter-Strike2-Server/cs2/src/shaders/csgo_core/" 
SHADER_SOURCE        "/media/astral/7DFD-F7FB/Counter-Strike2-Server/cs2/src/shaders/core/" 
SHADER_SOURCE        "/media/astral/7DFD-F7FB/Counter-Strike2-Server/cs2/src/shaders/csgo_community_addons/" 
SHADER_SOURCE_MOD    "/media/astral/7DFD-F7FB/Counter-Strike2-Server/cs2/src/shaders/csgo/addons/metamod/" 
SHADER_SOURCE_ROOT   "/media/astral/7DFD-F7FB/Counter-Strike2-Server/cs2/src/shaders/" 
command line arguments:
-dedicated -nojoy -usercon +ip 0.0.0.0 +port 27015 +map de_anubis +hostname CS2 Server
protected command line arguments (stripped from above):
+rcon_password <protected>
Loaded /media/astral/7DFD-F7FB/Counter-Strike2-Server/cs2/game/bin/linuxsteamrt64/libmeshsystem.so, got 0x56112737db00
Loaded /media/astral/7DFD-F7FB/Counter-Strike2-Server/cs2/game/bin/linuxsteamrt64/libworldrenderer.so, got 0x561127390470
Loaded /media/astral/7DFD-F7FB/Counter-Strike2-Server/cs2/game/bin/linuxsteamrt64/libpulse_system.so, got 0x5611273a3200
Loaded /media/astral/7DFD-F7FB/Counter-Strike2-Server/cs2/game/bin/linuxsteamrt64/libvscript.so, got 0x5611273b5750
Loaded /media/astral/7DFD-F7FB/Counter-Strike2-Server/cs2/game/bin/linuxsteamrt64/libnetworksystem.so, got 0x5611273c80c0
Loaded /media/astral/7DFD-F7FB/Counter-Strike2-Server/cs2/game/bin/linuxsteamrt64/libanimationsystem.so, got 0x5611273dc710
Loaded /media/astral/7DFD-F7FB/Counter-Strike2-Server/cs2/game/bin/linuxsteamrt64/libvphysics2.so, got 0x5611273f3ef0
Loaded /media/astral/7DFD-F7FB/Counter-Strike2-Server/cs2/game/bin/linuxsteamrt64/libsoundsystem.so, got 0x561127406860
Loaded /media/astral/7DFD-F7FB/Counter-Strike2-Server/cs2/game/bin/linuxsteamrt64/libscenesystem.so, got 0x56112741ec90
Network System Initialized
MOD desires lightbinner GPU but is unsupported by HW (SupportsCompute=0 CubeMapArrays=0)
Loaded /media/astral/7DFD-F7FB/Counter-Strike2-Server/cs2/game/bin/linuxsteamrt64/libserver_valve.so, got (nil)
Loaded libserver_valve.so, got (nil)
Loaded /media/astral/7DFD-F7FB/Counter-Strike2-Server/cs2/game/csgo/addons/metamod/bin/linuxsteamrt64/libserver.so, got 0x561127436850
Loaded /media/astral/7DFD-F7FB/Counter-Strike2-Server/cs2/game/bin/linuxsteamrt64/libengine2.so, got 0x5611271f07e0
Physics Console Communications is not initialized
Loaded /media/astral/7DFD-F7FB/Counter-Strike2-Server/cs2/game/csgo/bin/linuxsteamrt64/libhost.so, got 0x56112747a000
Loaded /media/astral/7DFD-F7FB/Counter-Strike2-Server/cs2/game/bin/linuxsteamrt64/libscenefilecache.so, got 0x56112748d8e0
Loaded /media/astral/7DFD-F7FB/Counter-Strike2-Server/cs2/game/bin/linuxsteamrt64/libparticles.so, got 0x5611274a0250
Loaded /media/astral/7DFD-F7FB/Counter-Strike2-Server/cs2/game/csgo/bin/linuxsteamrt64/libmatchmaking.so, got 0x5611274b4060
Loaded /media/astral/7DFD-F7FB/Counter-Strike2-Server/cs2/game/bin/linuxsteamrt64/libv8system.so, got 0x5611274c86c0
[23:12:13.605] CSSharp: Initializing with command line: "/media/astral/7DFD-F7FB/Counter-Strike2-Server/cs2/game/bin/linuxsteamrt64/cs2" /media/astral/7DFD-F7FB/Counter-Strike2-Server/cs2/game/bin/linuxsteamrt64/cs2 -dedicated -nojoy -usercon +ip 0.0.0.0 +port 27015 +map de_anubis +rcon_password GZPWA3PyZ7zonPf +hostname "CS2 Server"
[23:12:13.606] CSSharp: Current root directory: /media/astral/7DFD-F7FB/Counter-Strike2-Server/cs2/game/csgo/addons/counterstrikesharp
[23:12:13.651] CSSharp: CoreConfig loaded.
[23:12:13.651] CSSharp: Auto-update is not currently supported on this platform.
[23:12:14.001] CSSharp: Copying bytes from disk for /media/astral/7DFD-F7FB/Counter-Strike2-Server/cs2/game/bin/linuxsteamrt64/libengine2.so
[23:12:15.612] CSSharp: Copying bytes from disk for /media/astral/7DFD-F7FB/Counter-Strike2-Server/cs2/game/bin/linuxsteamrt64/../../csgo/bin/linuxsteamrt64//libserver.so
[23:12:16.847] CSSharp: Globals loaded.
[23:12:16.957] CSSharp: Initialized GameSystem.
[23:12:16.957] CSSharp: Loading .NET runtime...
[23:12:16.957] CSSharp: Loading hostfxr from /media/astral/7DFD-F7FB/Counter-Strike2-Server/cs2/game/csgo/addons/counterstrikesharp/dotnet/host/fxr/8.0.3/libhostfxr.so
[23:12:16.998] CSSharp: .NET Runtime Initialised.
[23:12:16.998] CSSharp: Loading CSS API, Runtime Config: /media/astral/7DFD-F7FB/Counter-Strike2-Server/cs2/game/csgo/addons/counterstrikesharp/api/CounterStrikeSharp.API.runtimeconfig.json
GameTypes: missing mapgroupsSP entry for game type/mode (custom/custom).
GameTypes: missing mapgroupsSP entry for game type/mode (cooperative/cooperative).
GameTypes: missing mapgroupsSP entry for game type/mode (cooperative/coopmission).
23:12:20 [INFO] (cssharp:Core) CounterStrikeSharp is starting up...
23:12:20 [INFO] (cssharp:CoreConfig) Successfully loaded core configuration
23:12:20 [INFO] (cssharp:GameDataProvider) Successfully loaded 45 game data entries from /media/astral/7DFD-F7FB/Counter-Strike2-Server/cs2/game/csgo/addons/counterstrikesharp/gamedata/gamedata.json
23:12:20 [INFO] (cssharp:Core) Loading Admins from /media/astral/7DFD-F7FB/Counter-Strike2-Server/cs2/game/csgo/addons/counterstrikesharp/configs/admins.json
23:12:21 [INFO] (cssharp:AdminManager) Loaded admin data with 1 admins.
23:12:21 [INFO] (cssharp:Core) Loading Admin Groups from /media/astral/7DFD-F7FB/Counter-Strike2-Server/cs2/game/csgo/addons/counterstrikesharp/configs/admin_groups.json
Admin groups file not found. Skipping admin groups load.
23:12:21 [INFO] (cssharp:Core) Loading Admin Command Overrides from /media/astral/7DFD-F7FB/Counter-Strike2-Server/cs2/game/csgo/addons/counterstrikesharp/configs/admin_overrides.json
Loaded 1 admin command overrides.
23:12:22 [INFO] (cssharp:PluginContext) Loading plugin AdminControlPlugin
[AdminControlPlugin] Plugin loaded successfully!
23:12:22 [INFO] (cssharp:PluginContext) Finished loading plugin Admin Control with MySQL & CFG Sync
23:12:22 [INFO] (cssharp:PluginContext) Loading plugin Frozen_Elsa
23:12:22 [INFO] (cssharp:PluginContext) Finished loading plugin Frozen_Elsa
23:12:22 [INFO] (cssharp:PluginContext) Loading plugin AdminSystem
-------------------------------------------------
[AdminSystem] Plugin Unificado Carregado com Sucesso!
[AdminSystem] Comandos ativos: css_reload_admins, css_admins
-------------------------------------------------
23:12:22 [INFO] (cssharp:PluginContext) Finished loading plugin AdminSystem (Unificado)
[23:12:22.907] CSSharp: CounterStrikeSharp.API Loaded Successfully.
[23:12:22.908] CSSharp: Hooks added.
[AdminControlPlugin] Ban cache loaded successfully. 0 SteamID and 0 IP bans.
[AdminControlPlugin] Mute cache loaded successfully. 0 muted players.
[23:12:23.731] CSSharp: Native d8f03fd4 was invoked on a non-main thread
[S_API] SteamAPI_Init(): Loaded local 'steamclient.so' OK.
[META] Failed to load plugin addons/multiaddonmanager/bin/multiaddonmanager: /media/astral/7DFD-F7FB/Counter-Strike2-Server/cs2/game/csgo/addons/multiaddonmanager/bin/multiaddonmanager.so: não foi possível habilitar pilhas de executável como requisitado pelo objeto compartilhado: Argumento inválido
[META] Loaded 1 plugin.
Event System loaded 94 events from file: vpk:/media/astral/7DFD-F7FB/Counter-Strike2-Server/cs2/game/core/pak01.vpk:resource/core.gameevents.
Event System loaded 50 events from file: vpk:/media/astral/7DFD-F7FB/Counter-Strike2-Server/cs2/game/csgo/pak01.vpk:resource/game.gameevents.
Event System loaded 145 events from file: vpk:/media/astral/7DFD-F7FB/Counter-Strike2-Server/cs2/game/csgo/pak01.vpk:./resource/mod.gameevents.
CEntitySystem::BuildEntityNetworking (parallel build of server) took 45.399 msecs for 211 out of 293 classes
[STARTUP] {24.068} server module init ok
[Info] - Trampoline - Bounds of relative addresses accessed [0xffffffffffffffff, (nil)]
[Info] - Trampoline - Attempting to allocate trampoline within +-2GB range of 0x7f37ca420f20
[Info] - Trampoline - Allocated trampoline at 0x7f384a41f000 (using 1 attempts)
CHostStateMgr::QueueNewRequest( Idle (console), 1 )
Source2Init OK
HostStateRequest::Start(HSR_IDLE):  loop(console) id(1) addons() desc(Idle (console))
SwitchToLoop console requested:  id [1] addons []
Host activate: Idle (console)
Unknown command 'port'!
Loading map "de_anubis"
CHostStateMgr::QueueNewRequest( Loading (de_anubis), 2 )
HostStateRequest::Start(HSR_GAME):  loop(levelload) id(2) addons() desc(Loading (de_anubis))
SwitchToLoop levelload requested:  id [2] addons []
SV:  Level loading started for 'de_anubis'
CL:  CLoopModeLevelLoad::MaybeSwitchToGameLoop switching to "game" loopmode with addons ()
SwitchToLoop game requested:  id [2] addons []
SteamGameServer_Init()
Setting breakpad minidump AppID = 730
SteamInternal_SetMinidumpSteamID:  Caching Steam ID:  76561197960265728 [API loaded yes]
SteamInternal_SetMinidumpSteamID:  Setting Steam ID:  76561197960265728
Looking up breakpad interfaces from steamclient
Calling BreakpadMiniDumpSystemInit
SteamInternal_SetMinidumpSteamID:  Caching Steam ID:  76561197960265728 [API loaded yes]
SteamInternal_SetMinidumpSteamID:  Setting Steam ID:  76561197960265728
[S_API FAIL] Tried to access Steam interface SteamUtils010 before SteamAPI_Init succeeded.
Setting breakpad minidump AppID = 2347773
[AdminControlPlugin] Ban cache loaded successfully. 0 SteamID and 0 IP bans.
[AdminControlPlugin] Mute cache loaded successfully. 0 muted players.
[23:12:44.107] CSSharp: CGameSystem::BuildGameSessionManifest
[S_API FAIL] Tried to access Steam interface SteamUser023 before SteamAPI_Init succeeded.
[S_API FAIL] Tried to access Steam interface SteamUtils010 before SteamAPI_Init succeeded.
IPC function call IClientUtils::GetSteamRealm took too long: 48 msec
Steam Universe valid after having been requested when invalid.  Universe is now 1
ResetBreakpadAppId: Universe is 1 (k_EUniversePublic)
ResetBreakpadAppId: Setting dedicated server app id: 2347773
SteamGameServer_Init() OK, logging on to Steam
****************************************************
*                                                  *
*  No Steam account token was specified.           *
*  Logging into anonymous game server account.     *
*  Connections will be restricted to LAN only.     *
*                                                  *
*  To create a game server account go to           *
*  http://steamcommunity.com/dev/managegameservers *
*                                                  *
****************************************************
CNetworkSystem::InitGameServer: SteamGameServerNetworking() OK
Initialized low level socket/threading support.
Set SteamNetworkingSockets P2P_STUN_ServerList to '' as per SteamNetworkingSocketsSerialized
CNetworkGameServerBase::SetServerState (ss_dead -> ss_waitingforgamesessionmanifest)
SV:  maxplayers set to 64
Server is hibernating
ResetGameConVarsToDefaults
CSource2Server::ApplyGameSettings game settings payload received:
  ::ExecGameTypeCfg {
    map {
      mapname de_anubis
    }
    launchoptions {
      levelname de_anubis
      mode dedicated
      loadmap int( 1 = 0x1 )
      changelevel int( 0 = 0x0 )
      map de_anubis
      mapgroup 
      requires_attr 
      requires_attr_value int( -1 = 0xFFFFFFFF )
      requires_attr_reward 
      reward_drop_list int( -1 = 0xFFFFFFFF )
      numSlots int( 10 = 0xA )
      c_game_type int( 0 = 0x0 )
      c_game_mode int( 1 = 0x1 )
      default_game_type int( 0 = 0x0 )
      default_game_mode int( 0 = 0x0 )
      ct_arms models/weapons/ct_arms_gign.vmdl
      t_arms models/weapons/t_arms.vmdl
      ct_models {
         ctm_gign
         ctm_gign_variantA
         ctm_gign_variantB
         ctm_gign_variantC
         ctm_gign_variantD
      }
      t_models {
         tm_leet_variantA
         tm_leet_variantB
         tm_leet_variantC
         tm_leet_variantD
         tm_leet_variantE
      }
    }
  }
Created poll group for socket 'server'
SDR RelayNetworkStatus:  avail=Attempting  config=Attempting  anyrelay=Not Attempted   (Attempt #1 to fetch config (only-if-cached) from https://api.steampowered.com/ISteamApps/GetSDRConfig/v1?appid=730)
AuthStatus (invalid):  Waiting  (Waiting for Steam login)
Network socket 'server' opened on port 27015
Initializing CSGO VScript Game System
SV:  Executing server defaults
SV:  Executing dedicated server config file
[STARTUP] {44.519} created game rules
GameTypes: could not find matching game mode value of "" in any game type.
SV:  CGameRulesGameSystem::GameInit installed game rules
LoadResponseSystem scripts/talker/response_rules.vrr - Start
CResponseSystem:  scripts/talker/response_rules.vrr (7681 rules, 811 criteria, and 7681 responses)
LoadResponseSystem scripts/talker/response_rules.vrr - Finish
CPlayerVoiceListener::GameInit()
Entry player was not found in surfaceproperties_footsteps.txt
exec: couldn't exec '{*}cfg/banned_user.cfg', unable to read file
exec: couldn't exec '{*}cfg/banned_ip.cfg', unable to read file
execing server_default.cfg
execing server.cfg
execing gamemode_competitive.cfg
exec: couldn't exec '{*}cfg/gamemode_competitive_server.cfg', unable to read file
Server waking up from hibernation
Unknown command 'mp_weapons_glow_on_ground'!
Unknown command 'sv_gameinstructor_enable'!
Got SDR network config.  Loaded revision 1779399550 OK
SDR RelayNetworkStatus:  avail=Not Attempted  config=OK  anyrelay=Not Attempted   (No need for SDR client network access)
SV:  Connection to Steam servers successful.
SV:  ServerSteamID=[A:1:992028680:49889] (90286265162868744).
[STARTUP] {47.300} logged on to Steam
Gameserver logged on to Steam, assigned identity steamid:90286265162868744
AuthStatus (steamid:90286265162868744):  Attempting  (Requesting cert)
Set SteamNetworkingSockets P2P_STUN_ServerList to '162.254.193.74:3478' as per SteamNetworkingSocketsSerialized
SV:  VAC secure mode is activated.
AuthStatus (steamid:90286265162868744):  OK  (OK)
Certificate expires in 48h00m at 1780020766 (current time 1779847966), will renew in 46h00m
GC Connection established for server version 2000835, instance idx 1
[STARTUP] {47.742} activated session on GC
texturebase.cpp(3486):ResourceHandleToData( maps/de_anubis/lightmaps/direct_light_shadows.vtex ) failed! Falling back to error texture!
texturebase.cpp(3486):ResourceHandleToData( maps/de_anubis/lightmaps/irradiance.vtex ) failed! Falling back to error texture!
texturebase.cpp(3486):ResourceHandleToData( maps/de_anubis/lightmaps/directional_irradiance.vtex ) failed! Falling back to error texture!
CWorldRendererMgr::ServiceWorldRequests long frame: 53.947426ms
SV:  Spawn Server: de_anubis
CSource2Server::ApplyGameSettings game settings payload received:
  ::ExecGameTypeCfg {
    map {
      mapname de_anubis
    }
    launchoptions {
      levelname de_anubis
      mode dedicated
      loadmap int( 1 = 0x1 )
      changelevel int( 0 = 0x0 )
      map de_anubis
      mapgroup 
      requires_attr 
      requires_attr_value int( -1 = 0xFFFFFFFF )
      requires_attr_reward 
      reward_drop_list int( -1 = 0xFFFFFFFF )
      numSlots int( 10 = 0xA )
      c_game_type int( 0 = 0x0 )
      c_game_mode int( 1 = 0x1 )
      default_game_type int( 0 = 0x0 )
      default_game_mode int( 0 = 0x0 )
      ct_arms models/weapons/ct_arms_gign.vmdl
      t_arms models/weapons/t_arms.vmdl
      ct_models {
         ctm_gign
         ctm_gign_variantA
         ctm_gign_variantB
         ctm_gign_variantC
         ctm_gign_variantD
      }
      t_models {
         tm_leet_variantA
         tm_leet_variantB
         tm_leet_variantC
         tm_leet_variantD
         tm_leet_variantE
      }
    }
  }
CNetworkGameServerBase::SetServerState (ss_waitingforgamesessionmanifest -> ss_loading)
Failed loading resource "maps/prefabs/misc/terrorist_team_intro_variant2/world_visibility.vvis_c" (ERROR_FILEOPEN: File not found)
texturebase.cpp(3486):ResourceHandleToData( maps/prefabs/de_anubis/de_anubis_skybox/lightmaps/direct_light_shadows.vtex ) failed! Falling back to error texture!
texturebase.cpp(3486):ResourceHandleToData( maps/prefabs/de_anubis/de_anubis_skybox/lightmaps/irradiance.vtex ) failed! Falling back to error texture!
texturebase.cpp(3486):ResourceHandleToData( maps/prefabs/de_anubis/de_anubis_skybox/lightmaps/directional_irradiance.vtex ) failed! Falling back to error texture!
CNetworkGameServerBase::SetServerState (ss_loading -> ss_active)
SV:  IGameSystem::LoopActivateAllSystems {
HO:  IGameSystem::LoopActivateAllSystems {
HO:  } IGameSystem::LoopActivateAllSystems done
SV:  } IGameSystem::LoopActivateAllSystems done
Created physics for de_anubis
CNavGenParams - Nav mesh requests project default generation parameters but actual parameters
  used during construction differ from defaults. Please re-export the map.
CNavGenParams - Nav mesh requests project default generation parameters but actual parameters
  used during construction differ from defaults. Please re-export the map.
CNavGenParams - Nav mesh requests project default generation parameters but actual parameters
  used during construction differ from defaults. Please re-export the map.
CNavGenParams - Nav mesh requests project default generation parameters but actual parameters
  used during construction differ from defaults. Please re-export the map.
SV:  64 player server started
CSource2Server::GameServerSteamAPIActivated()
ClientPutInServer create new player controller [Enforcer]
[Enforcer] cl_interp_ratio='', LerpTime=0
"Enforcer<0><BOT><Unassigned>" ChangeTeam() CTMDBG , team 0, req team 2 willSwitch 0, 1.70 
ClientPutInServer create new player controller [Sarge]
[Sarge] cl_interp_ratio='', LerpTime=0
"Sarge<1><BOT><Unassigned>" ChangeTeam() CTMDBG , team 0, req team 3 willSwitch 0, 1.70 
Host activate: Loading (de_anubis)
"Enforcer<0><BOT><TERRORIST>" OnPreResetRound => CTMDBG, team 2  will switch 0 1.72 
"Sarge<1><BOT[S_API FAIL] Tried to access Steam interface SteamUtils010 before SteamAPI_Init succeeded.
[23:21:06.654] CSSharp: CGameSystem::Shutdown
Loaded /media/astral/7DFD-F7FB/Counter-Strike2-Server/cs2/game/bin/linuxsteamrt64/libengine2.so, got 0x560af954b7e0
Using breakpad crash handler
Setting breakpad minidump AppID = 2347773
Forcing breakpad minidump interfaces to load
dlopen failed trying to load:
/root/.steam/sdk64/steamclient.so
with error:
/root/.steam/sdk64/steamclient.so: não é possível abrir arquivo compartilhado: Permissão negada
Looking up breakpad interfaces from steamclient
Calling BreakpadMiniDumpSystemInit

Console initialized.
Steam AppId(730), BreakpadId(2347771)
InitSteamLogin_Internal: Initializing breakpad.
Steam Universe is invalid, possibly asking before Steam was successfully initialized.
ResetBreakpadAppId: Universe is 0 (k_EUniverseInvalid)
ResetBreakpadAppId: Setting dedicated server app id: 2347773
Loaded libSDL3.so.0, got 0x560af9666920
Loaded /media/astral/7DFD-F7FB/Counter-Strike2-Server/cs2/game/bin/linuxsteamrt64/libtier0.so, got 0x560af9534700
Visibility enabled.
Loaded /media/astral/7DFD-F7FB/Counter-Strike2-Server/cs2/game/bin/linuxsteamrt64/libfilesystem_stdio.so, got 0x560af96672e0
USRLOCAL path not found!
Loaded /media/astral/7DFD-F7FB/Counter-Strike2-Server/cs2/game/bin/linuxsteamrt64/liblocalize.so, got 0x560af9667c50
Loaded /media/astral/7DFD-F7FB/Counter-Strike2-Server/cs2/game/bin/linuxsteamrt64/librendersystemempty.so, got 0x560af9668190
Loaded /media/astral/7DFD-F7FB/Counter-Strike2-Server/cs2/game/bin/linuxsteamrt64/libresourcesystem.so, got 0x560af9668b00
Loaded /media/astral/7DFD-F7FB/Counter-Strike2-Server/cs2/game/bin/linuxsteamrt64/libschemasystem.so, got 0x560af9669460
Trying to set dxlevel (111) which is higher than the card can support (110)!
Loaded /media/astral/7DFD-F7FB/Counter-Strike2-Server/cs2/game/bin/linuxsteamrt64/libmaterialsystem2.so, got 0x560af9669ba0
---------------
Path ID:             File Path:
ADDONS               "/media/astral/7DFD-F7FB/Counter-Strike2-Server/cs2/game/csgo_addons/" 
CONTENT              "/media/astral/7DFD-F7FB/Counter-Strike2-Server/cs2/content/csgo/addons/metamod/" 
CONTENT              "/media/astral/7DFD-F7FB/Counter-Strike2-Server/cs2/content/csgo/" 
CONTENT              "/media/astral/7DFD-F7FB/Counter-Strike2-Server/cs2/content/csgo_imported/" 
CONTENT              "/media/astral/7DFD-F7FB/Counter-Strike2-Server/cs2/content/csgo_core/" 
CONTENT              "/media/astral/7DFD-F7FB/Counter-Strike2-Server/cs2/content/core/" 
CONTENTADDONS        "/media/astral/7DFD-F7FB/Counter-Strike2-Server/cs2/content/csgo_addons/" 
CONTENTROOT          "/media/astral/7DFD-F7FB/Counter-Strike2-Server/cs2/content/" 
DEFAULT_WRITE_PATH   "/media/astral/7DFD-F7FB/Counter-Strike2-Server/cs2/game/csgo/addons/metamod/" 
EXECUTABLE_PATH      "/media/astral/7DFD-F7FB/Counter-Strike2-Server/cs2/game/bin/linuxsteamrt64/" 
GAME                 "/media/astral/7DFD-F7FB/Counter-Strike2-Server/cs2/game/csgo/pak01.vpk" (vpk) /media/astral/7DFD-F7FB/Counter-Strike2-Server/cs2/game/csgo/pak01.vpk
GAME                 "/media/astral/7DFD-F7FB/Counter-Strike2-Server/cs2/game/csgo_imported/pak01.vpk" (vpk) /media/astral/7DFD-F7FB/Counter-Strike2-Server/cs2/game/csgo_imported/pak01.vpk
GAME                 "/media/astral/7DFD-F7FB/Counter-Strike2-Server/cs2/game/csgo_core/pak01.vpk" (vpk) /media/astral/7DFD-F7FB/Counter-Strike2-Server/cs2/game/csgo_core/pak01.vpk
GAME                 "/media/astral/7DFD-F7FB/Counter-Strike2-Server/cs2/game/core/pak01.vpk" (vpk) /media/astral/7DFD-F7FB/Counter-Strike2-Server/cs2/game/core/pak01.vpk
GAME                 "/media/astral/7DFD-F7FB/Counter-Strike2-Server/cs2/game/csgo/shaders_vulkan.vpk" (vpk) /media/astral/7DFD-F7FB/Counter-Strike2-Server/cs2/game/csgo/shaders_vulkan.vpk
GAME                 "/media/astral/7DFD-F7FB/Counter-Strike2-Server/cs2/game/csgo_core/shaders_vulkan.vpk" (vpk) /media/astral/7DFD-F7FB/Counter-Strike2-Server/cs2/game/csgo_core/shaders_vulkan.vpk
GAME                 "/media/astral/7DFD-F7FB/Counter-Strike2-Server/cs2/game/core/shaders_vulkan.vpk" (vpk) /media/astral/7DFD-F7FB/Counter-Strike2-Server/cs2/game/core/shaders_vulkan.vpk
GAME                 "/media/astral/7DFD-F7FB/Counter-Strike2-Server/cs2/game/csgo/addons/metamod/" 
GAME                 "/media/astral/7DFD-F7FB/Counter-Strike2-Server/cs2/game/csgo/" 
GAME                 "/media/astral/7DFD-F7FB/Counter-Strike2-Server/cs2/game/csgo_imported/" 
GAME                 "/media/astral/7DFD-F7FB/Counter-Strike2-Server/cs2/game/csgo_core/" 
GAME                 "/media/astral/7DFD-F7FB/Counter-Strike2-Server/cs2/game/core/" 
GAMEBIN              "/media/astral/7DFD-F7FB/Counter-Strike2-Server/cs2/game/csgo/addons/metamod/bin/linuxsteamrt64/" 
GAMEBIN              "/media/astral/7DFD-F7FB/Counter-Strike2-Server/cs2/game/csgo/addons/metamod/bin/" 
GAMEBIN              "/media/astral/7DFD-F7FB/Counter-Strike2-Server/cs2/game/csgo/bin/linuxsteamrt64/" 
GAMEBIN              "/media/astral/7DFD-F7FB/Counter-Strike2-Server/cs2/game/csgo/bin/" 
GAMEBIN              "/media/astral/7DFD-F7FB/Counter-Strike2-Server/cs2/game/csgo_imported/bin/linuxsteamrt64/" 
GAMEBIN              "/media/astral/7DFD-F7FB/Counter-Strike2-Server/cs2/game/csgo_imported/bin/" 
GAMEBIN              "/media/astral/7DFD-F7FB/Counter-Strike2-Server/cs2/game/csgo_core/bin/linuxsteamrt64/" 
GAMEBIN              "/media/astral/7DFD-F7FB/Counter-Strike2-Server/cs2/game/csgo_core/bin/" 
GAMEBIN              "/media/astral/7DFD-F7FB/Counter-Strike2-Server/cs2/game/core/bin/linuxsteamrt64/" 
GAMEBIN              "/media/astral/7DFD-F7FB/Counter-Strike2-Server/cs2/game/core/bin/" 
GAMEROOT             "/media/astral/7DFD-F7FB/Counter-Strike2-Server/cs2/game/" 
MOD                  "/media/astral/7DFD-F7FB/Counter-Strike2-Server/cs2/game/csgo/pak01.vpk" (vpk) /media/astral/7DFD-F7FB/Counter-Strike2-Server/cs2/game/csgo/pak01.vpk
MOD                  "/media/astral/7DFD-F7FB/Counter-Strike2-Server/cs2/game/csgo_imported/pak01.vpk" (vpk) /media/astral/7DFD-F7FB/Counter-Strike2-Server/cs2/game/csgo_imported/pak01.vpk
MOD                  "/media/astral/7DFD-F7FB/Counter-Strike2-Server/cs2/game/csgo_core/pak01.vpk" (vpk) /media/astral/7DFD-F7FB/Counter-Strike2-Server/cs2/game/csgo_core/pak01.vpk
MOD                  "/media/astral/7DFD-F7FB/Counter-Strike2-Server/cs2/game/csgo/" 
MOD                  "/media/astral/7DFD-F7FB/Counter-Strike2-Server/cs2/game/csgo_imported/" 
MOD                  "/media/astral/7DFD-F7FB/Counter-Strike2-Server/cs2/game/csgo_core/" 
OFFICIAL_ADDONS      "/media/astral/7DFD-F7FB/Counter-Strike2-Server/cs2/game/csgo_community_addons/" 
PLATFORM             "/media/astral/7DFD-F7FB/Counter-Strike2-Server/cs2/game/core/pak01.vpk" (vpk) /media/astral/7DFD-F7FB/Counter-Strike2-Server/cs2/game/core/pak01.vpk
PLATFORM             "/media/astral/7DFD-F7FB/Counter-Strike2-Server/cs2/game/core/" 
SHADER_SOURCE        "/media/astral/7DFD-F7FB/Counter-Strike2-Server/cs2/src/shaders/csgo/addons/metamod/" 
SHADER_SOURCE        "/media/astral/7DFD-F7FB/Counter-Strike2-Server/cs2/src/shaders/csgo/" 
SHADER_SOURCE        "/media/astral/7DFD-F7FB/Counter-Strike2-Server/cs2/src/shaders/csgo_imported/" 
SHADER_SOURCE        "/media/astral/7DFD-F7FB/Counter-Strike2-Server/cs2/src/shaders/csgo_core/" 
SHADER_SOURCE        "/media/astral/7DFD-F7FB/Counter-Strike2-Server/cs2/src/shaders/core/" 
SHADER_SOURCE        "/media/astral/7DFD-F7FB/Counter-Strike2-Server/cs2/src/shaders/csgo_community_addons/" 
SHADER_SOURCE_MOD    "/media/astral/7DFD-F7FB/Counter-Strike2-Server/cs2/src/shaders/csgo/addons/metamod/" 
SHADER_SOURCE_ROOT   "/media/astral/7DFD-F7FB/Counter-Strike2-Server/cs2/src/shaders/" 
command line arguments:
-dedicated -nojoy -usercon +ip 0.0.0.0 +port 27015 +map de_anubis +hostname CS2 Server
protected command line arguments (stripped from above):
+rcon_password <protected>
Loaded /media/astral/7DFD-F7FB/Counter-Strike2-Server/cs2/game/bin/linuxsteamrt64/libmeshsystem.so, got 0x560af96d88e0
Loaded /media/astral/7DFD-F7FB/Counter-Strike2-Server/cs2/game/bin/linuxsteamrt64/libworldrenderer.so, got 0x560af96eb250
Loaded /media/astral/7DFD-F7FB/Counter-Strike2-Server/cs2/game/bin/linuxsteamrt64/libpulse_system.so, got 0x560af96fdfe0
Loaded /media/astral/7DFD-F7FB/Counter-Strike2-Server/cs2/game/bin/linuxsteamrt64/libvscript.so, got 0x560af9710530
Loaded /media/astral/7DFD-F7FB/Counter-Strike2-Server/cs2/game/bin/linuxsteamrt64/libnetworksystem.so, got 0x560af9722ea0
Loaded /media/astral/7DFD-F7FB/Counter-Strike2-Server/cs2/game/bin/linuxsteamrt64/libanimationsystem.so, got 0x560af97374f0
Loaded /media/astral/7DFD-F7FB/Counter-Strike2-Server/cs2/game/bin/linuxsteamrt64/libvphysics2.so, got 0x560af974ecd0
Loaded /media/astral/7DFD-F7FB/Counter-Strike2-Server/cs2/game/bin/linuxsteamrt64/libsoundsystem.so, got 0x560af9761640
Loaded /media/astral/7DFD-F7FB/Counter-Strike2-Server/cs2/game/bin/linuxsteamrt64/libscenesystem.so, got 0x560af9779a70
Network System Initialized
MOD desires lightbinner GPU but is unsupported by HW (SupportsCompute=0 CubeMapArrays=0)
Loaded /media/astral/7DFD-F7FB/Counter-Strike2-Server/cs2/game/bin/linuxsteamrt64/libserver_valve.so, got (nil)
Loaded libserver_valve.so, got (nil)
Loaded /media/astral/7DFD-F7FB/Counter-Strike2-Server/cs2/game/csgo/addons/metamod/bin/linuxsteamrt64/libserver.so, got 0x560af9791630
Loaded /media/astral/7DFD-F7FB/Counter-Strike2-Server/cs2/game/bin/linuxsteamrt64/libengine2.so, got 0x560af954b7e0
Physics Console Communications is not initialized
Loaded /media/astral/7DFD-F7FB/Counter-Strike2-Server/cs2/game/csgo/bin/linuxsteamrt64/libhost.so, got 0x560af97d4de0
Loaded /media/astral/7DFD-F7FB/Counter-Strike2-Server/cs2/game/bin/linuxsteamrt64/libscenefilecache.so, got 0x560af97e86c0
Loaded /media/astral/7DFD-F7FB/Counter-Strike2-Server/cs2/game/bin/linuxsteamrt64/libparticles.so, got 0x560af97fb030
Loaded /media/astral/7DFD-F7FB/Counter-Strike2-Server/cs2/game/csgo/bin/linuxsteamrt64/libmatchmaking.so, got 0x560af980ee40
Loaded /media/astral/7DFD-F7FB/Counter-Strike2-Server/cs2/game/bin/linuxsteamrt64/libv8system.so, got 0x560af98234a0
[23:49:07.374] CSSharp: Initializing with command line: "/media/astral/7DFD-F7FB/Counter-Strike2-Server/cs2/game/bin/linuxsteamrt64/cs2" /media/astral/7DFD-F7FB/Counter-Strike2-Server/cs2/game/bin/linuxsteamrt64/cs2 -dedicated -nojoy -usercon +ip 0.0.0.0 +port 27015 +map de_anubis +rcon_password GZPWA3PyZ7zonPf +hostname "CS2 Server"
[23:49:07.374] CSSharp: Current root directory: /media/astral/7DFD-F7FB/Counter-Strike2-Server/cs2/game/csgo/addons/counterstrikesharp
[23:49:07.374] CSSharp: CoreConfig loaded.
[23:49:07.374] CSSharp: Auto-update is not currently supported on this platform.
[23:49:07.425] CSSharp: Copying bytes from disk for /media/astral/7DFD-F7FB/Counter-Strike2-Server/cs2/game/bin/linuxsteamrt64/libengine2.so
[23:49:07.649] CSSharp: Copying bytes from disk for /media/astral/7DFD-F7FB/Counter-Strike2-Server/cs2/game/bin/linuxsteamrt64/../../csgo/bin/linuxsteamrt64//libserver.so
[23:49:07.743] CSSharp: Globals loaded.
[23:49:07.838] CSSharp: Initialized GameSystem.
[23:49:07.838] CSSharp: Loading .NET runtime...
[23:49:07.838] CSSharp: Loading hostfxr from /media/astral/7DFD-F7FB/Counter-Strike2-Server/cs2/game/csgo/addons/counterstrikesharp/dotnet/host/fxr/8.0.3/libhostfxr.so
[23:49:07.839] CSSharp: .NET Runtime Initialised.
[23:49:07.839] CSSharp: Loading CSS API, Runtime Config: /media/astral/7DFD-F7FB/Counter-Strike2-Server/cs2/game/csgo/addons/counterstrikesharp/api/CounterStrikeSharp.API.runtimeconfig.json
GameTypes: missing mapgroupsSP entry for game type/mode (custom/custom).
GameTypes: missing mapgroupsSP entry for game type/mode (cooperative/cooperative).
GameTypes: missing mapgroupsSP entry for game type/mode (cooperative/coopmission).
23:49:08 [INFO] (cssharp:Core) CounterStrikeSharp is starting up...
23:49:08 [INFO] (cssharp:CoreConfig) Successfully loaded core configuration
23:49:08 [INFO] (cssharp:GameDataProvider) Successfully loaded 45 game data entries from /media/astral/7DFD-F7FB/Counter-Strike2-Server/cs2/game/csgo/addons/counterstrikesharp/gamedata/gamedata.json
23:49:08 [INFO] (cssharp:Core) Loading Admins from /media/astral/7DFD-F7FB/Counter-Strike2-Server/cs2/game/csgo/addons/counterstrikesharp/configs/admins.json
23:49:08 [INFO] (cssharp:AdminManager) Loaded admin data with 1 admins.
23:49:08 [INFO] (cssharp:Core) Loading Admin Groups from /media/astral/7DFD-F7FB/Counter-Strike2-Server/cs2/game/csgo/addons/counterstrikesharp/configs/admin_groups.json
Admin groups file not found. Skipping admin groups load.
23:49:08 [INFO] (cssharp:Core) Loading Admin Command Overrides from /media/astral/7DFD-F7FB/Counter-Strike2-Server/cs2/game/csgo/addons/counterstrikesharp/configs/admin_overrides.json
Loaded 1 admin command overrides.
23:49:08 [INFO] (cssharp:PluginContext) Loading plugin AdminControlPlugin
[AdminControlPlugin] Plugin loaded successfully!
23:49:08 [INFO] (cssharp:PluginContext) Finished loading plugin Admin Control with MySQL & CFG Sync
23:49:08 [INFO] (cssharp:PluginContext) Loading plugin Frozen_Elsa
23:49:08 [INFO] (cssharp:PluginContext) Finished loading plugin Frozen_Elsa
23:49:08 [INFO] (cssharp:PluginContext) Loading plugin AdminSystem
-------------------------------------------------
[AdminSystem] Plugin Unificado Carregado com Sucesso!
[AdminSystem] Comandos ativos: css_reload_admins, css_admins
-------------------------------------------------
23:49:08 [INFO] (cssharp:PluginContext) Finished loading plugin AdminSystem (Unificado)
[23:49:08.643] CSSharp: CounterStrikeSharp.API Loaded Successfully.
[23:49:08.643] CSSharp: Hooks added.
[AdminControlPlugin] Ban cache loaded successfully. 0 SteamID and 0 IP bans.
[AdminControlPlugin] Mute cache loaded successfully. 0 muted players.
[23:49:09.318] CSSharp: Native d8f03fd4 was invoked on a non-main thread
[S_API] SteamAPI_Init(): Loaded local 'steamclient.so' OK.
[META] Failed to load plugin addons/multiaddonmanager/bin/multiaddonmanager: /media/astral/7DFD-F7FB/Counter-Strike2-Server/cs2/game/csgo/addons/multiaddonmanager/bin/multiaddonmanager.so: não foi possível habilitar pilhas de executável como requisitado pelo objeto compartilhado: Argumento inválido
[META] Loaded 1 plugin.
Event System loaded 94 events from file: vpk:/media/astral/7DFD-F7FB/Counter-Strike2-Server/cs2/game/core/pak01.vpk:resource/core.gameevents.
Event System loaded 50 events from file: vpk:/media/astral/7DFD-F7FB/Counter-Strike2-Server/cs2/game/csgo/pak01.vpk:resource/game.gameevents.
Event System loaded 145 events from file: vpk:/media/astral/7DFD-F7FB/Counter-Strike2-Server/cs2/game/csgo/pak01.vpk:./resource/mod.gameevents.
CEntitySystem::BuildEntityNetworking (parallel build of server) took 42.634 msecs for 211 out of 293 classes
[STARTUP] {1.761} server module init ok
[Info] - Trampoline - Bounds of relative addresses accessed [0xffffffffffffffff, (nil)]
[Info] - Trampoline - Attempting to allocate trampoline within +-2GB range of 0x7f5546420f20
[Info] - Trampoline - Allocated trampoline at 0x7f55c641f000 (using 1 attempts)
CHostStateMgr::QueueNewRequest( Idle (console), 1 )
Source2Init OK
HostStateRequest::Start(HSR_IDLE):  loop(console) id(1) addons() desc(Idle (console))
SwitchToLoop console requested:  id [1] addons []
Host activate: Idle (console)
Unknown command 'port'!
Loading map "de_anubis"
CHostStateMgr::QueueNewRequest( Loading (de_anubis), 2 )
HostStateRequest::Start(HSR_GAME):  loop(levelload) id(2) addons() desc(Loading (de_anubis))
SwitchToLoop levelload requested:  id [2] addons []
SV:  Level loading started for 'de_anubis'
CL:  CLoopModeLevelLoad::MaybeSwitchToGameLoop switching to "game" loopmode with addons ()
SwitchToLoop game requested:  id [2] addons []
SteamGameServer_Init()
Setting breakpad minidump AppID = 730
SteamInternal_SetMinidumpSteamID:  Caching Steam ID:  76561197960265728 [API loaded yes]
SteamInternal_SetMinidumpSteamID:  Setting Steam ID:  76561197960265728
Looking up breakpad interfaces from steamclient
Calling BreakpadMiniDumpSystemInit
SteamInternal_SetMinidumpSteamID:  Caching Steam ID:  76561197960265728 [API loaded yes]
SteamInternal_SetMinidumpSteamID:  Setting Steam ID:  76561197960265728
[S_API FAIL] Tried to access Steam interface SteamUtils010 before SteamAPI_Init succeeded.
Setting breakpad minidump AppID = 2347773
[AdminControlPlugin] Ban cache loaded successfully. 0 SteamID and 0 IP bans.
[AdminControlPlugin] Mute cache loaded successfully. 0 muted players.
[23:49:10.235] CSSharp: CGameSystem::BuildGameSessionManifest
[S_API FAIL] Tried to access Steam interface SteamUser023 before SteamAPI_Init succeeded.
Steam Universe valid after having been requested when invalid.  Universe is now 1
ResetBreakpadAppId: Universe is 1 (k_EUniversePublic)
ResetBreakpadAppId: Setting dedicated server app id: 2347773
SteamGameServer_Init() OK, logging on to Steam
****************************************************
*                                                  *
*  No Steam account token was specified.           *
*  Logging into anonymous game server account.     *
*  Connections will be restricted to LAN only.     *
*                                                  *
*  To create a game server account go to           *
*  http://steamcommunity.com/dev/managegameservers *
*                                                  *
****************************************************
CNetworkSystem::InitGameServer: SteamGameServerNetworking() OK
Initialized low level socket/threading support.
Set SteamNetworkingSockets P2P_STUN_ServerList to '' as per SteamNetworkingSocketsSerialized
CNetworkGameServerBase::SetServerState (ss_dead -> ss_waitingforgamesessionmanifest)
SV:  maxplayers set to 64
Server is hibernating
ResetGameConVarsToDefaults
CSource2Server::ApplyGameSettings game settings payload received:
  ::ExecGameTypeCfg {
    map {
      mapname de_anubis
    }
    launchoptions {
      levelname de_anubis
      mode dedicated
      loadmap int( 1 = 0x1 )
      changelevel int( 0 = 0x0 )
      map de_anubis
      mapgroup 
      requires_attr 
      requires_attr_value int( -1 = 0xFFFFFFFF )
      requires_attr_reward 
      reward_drop_list int( -1 = 0xFFFFFFFF )
      numSlots int( 10 = 0xA )
      c_game_type int( 0 = 0x0 )
      c_game_mode int( 1 = 0x1 )
      default_game_type int( 0 = 0x0 )
      default_game_mode int( 0 = 0x0 )
      ct_arms models/weapons/ct_arms_gign.vmdl
      t_arms models/weapons/t_arms.vmdl
      ct_models {
         ctm_gign
         ctm_gign_variantA
         ctm_gign_variantB
         ctm_gign_variantC
         ctm_gign_variantD
      }
      t_models {
         tm_leet_variantA
         tm_leet_variantB
         tm_leet_variantC
         tm_leet_variantD
         tm_leet_variantE
      }
    }
  }
Created poll group for socket 'server'
SDR RelayNetworkStatus:  avail=Attempting  config=Attempting  anyrelay=Not Attempted   (Attempt #1 to fetch config (only-if-cached) from https://api.steampowered.com/ISteamApps/GetSDRConfig/v1?appid=730)
AuthStatus (invalid):  Waiting  (Waiting for Steam login)
Network socket 'server' opened on port 27015
Initializing CSGO VScript Game System
SV:  Executing server defaults
SV:  Executing dedicated server config file
[STARTUP] {3.216} created game rules
GameTypes: could not find matching game mode value of "" in any game type.
SV:  CGameRulesGameSystem::GameInit installed game rules
LoadResponseSystem scripts/talker/response_rules.vrr - Start
CResponseSystem:  scripts/talker/response_rules.vrr (7681 rules, 811 criteria, and 7681 responses)
LoadResponseSystem scripts/talker/response_rules.vrr - Finish
CPlayerVoiceListener::GameInit()
Entry player was not found in surfaceproperties_footsteps.txt
exec: couldn't exec '{*}cfg/banned_user.cfg', unable to read file
exec: couldn't exec '{*}cfg/banned_ip.cfg', unable to read file
execing server_default.cfg
execing server.cfg
execing gamemode_competitive.cfg
exec: couldn't exec '{*}cfg/gamemode_competitive_server.cfg', unable to read file
Server waking up from hibernation
Unknown command 'mp_weapons_glow_on_ground'!
Unknown command 'sv_gameinstructor_enable'!
Got SDR network config.  Loaded revision 1779399550 OK
SDR RelayNetworkStatus:  avail=Not Attempted  config=OK  anyrelay=Not Attempted   (No need for SDR client network access)
SV:  Spawn Server: de_anubis
CSource2Server::ApplyGameSettings game settings payload received:
  ::ExecGameTypeCfg {
    map {
      mapname de_anubis
    }
    launchoptions {
      levelname de_anubis
      mode dedicated
      loadmap int( 1 = 0x1 )
      changelevel int( 0 = 0x0 )
      map de_anubis
      mapgroup 
      requires_attr 
      requires_attr_value int( -1 = 0xFFFFFFFF )
      requires[S_API FAIL] Tried to access Steam interface SteamUtils010 before SteamAPI_Init succeeded.
_attr_reward 
      reward_drop_list int( -1 = 0xFFFFFFFF )
      numSlots int( 10 = 0xA )
      c_game_type int( 0 = 0x0 )
      c_game_mode int( 1 = 0x1 )
      default_game_type int( 0 = 0x0 )
      default_game_mode int( 0 = 0x0 )
      ct_arms models/weapons/ct_arms_gign.vmdl
      t_arms models/weapons/t_arms.vmdl
      ct_models {
         ctm_gign
         ctm_gign_variantA
         ctm_gign_variantB
         ctm_gign_variantC
         ctm_gign_variantD
      }
      t_models {
         tm_leet_variantA
         tm_leet_variantB
         tm_leet_variantC
         tm_leet_variantD
         tm_leet_variantE
      }
    }
  }
CNetworkGameServerBase::SetServerState (ss_waitingforgamesessionmanifest -> ss_loading)
texturebase.cpp(3486):ResourceHandleToData( maps/de_anubis/lightmaps/direct_light_shadows.vtex ) failed! Falling back to error texture!
texturebase.cpp(3486):ResourceHandleToData( maps/de_anubis/lightmaps/irradiance.vtex ) failed! Falling back to error texture!
texturebase.cpp(3486):ResourceHandleToData( maps/de_anubis/lightmaps/directional_irradiance.vtex ) failed! Falling back to error texture!
CWorldRendererMgr::ServiceWorldRequests long frame: 46.395452ms
Failed loading resource "maps/prefabs/misc/terrorist_team_intro_variant2/world_visibility.vvis_c" (ERROR_FILEOPEN: File not found)
texturebase.cpp(3486):ResourceHandleToData( maps/prefabs/de_anubis/de_anubis_skybox/lightmaps/direct_light_shadows.vtex ) failed! Falling back to error texture!
texturebase.cpp(3486):ResourceHandleToData( maps/prefabs/de_anubis/de_anubis_skybox/lightmaps/irradiance.vtex ) failed! Falling back to error texture!
texturebase.cpp(3486):ResourceHandleToData( maps/prefabs/de_anubis/de_anubis_skybox/lightmaps/directional_irradiance.vtex ) failed! Falling back to error texture!
CNetworkGameServerBase::SetServerState (ss_loading -> ss_active)
SV:  IGameSystem::LoopActivateAllSystems {
HO:  IGameSystem::LoopActivateAllSystems {
HO:  } IGameSystem::LoopActivateAllSystems done
SV:  } IGameSystem::LoopActivateAllSystems done
Created physics for de_anubis
CNavGenParams - Nav mesh requests project default generation parameters but actual parameters
  used during construction differ from defaults. Please re-export the map.
CNavGenParams - Nav mesh requests project default generation parameters but actual parameters
  used during construction differ from defaults. Please re-export the map.
CNavGenParams - Nav mesh requests project default generation parameters but actual parameters
  used during construction differ from defaults. Please re-export the map.
CNavGenParams - Nav mesh requests project default generation parameters but actual parameters
  used during construction differ from defaults. Please re-export the map.
SV:  64 player server started
CSource2Server::GameServerSteamAPIActivated()
ClientPutInServer create new player controller [Voltzmann]
[Voltzmann] cl_interp_ratio='', LerpTime=0
"Voltzmann<0><BOT><Unassigned>" ChangeTeam() CTMDBG , team 0, req team 2 willSwitch 0, 1.23 
ClientPutInServer create new player controller [Kev]
[Kev] cl_interp_ratio='', LerpTime=0
"Kev<1><BOT><Unassigned>" ChangeTeam() CTMDBG , team 0, req team 3 willSwitch 0, 1.23 
Host activate: Loading (de_anubis)
"Voltzmann<0><BOT><TERRORIST>" OnPreResetRound => CTMDBG, team 2  will switch 0 1.25 
"Kev<1><BOT><CT>" OnPreResetRound => CTMDBG, team 3  will switch 0 1.25 
Using spawn points configuration 0xC7A13084
1.250000 Long frame (WarmupPeriod): 16.27ms elapsed, 15.32ms sim time, 1 ticks, 80..80.
SV:  Connection to Steam servers successful.
SV:  ServerSteamID=[A:1:1526069256:49889] (90286265696909320).
[STARTUP] {5.933} logged on to Steam
Gameserver logged on to Steam, assigned identity steamid:90286265696909320
AuthStatus (steamid:90286265696909320):  Attempting  (Requesting cert)
Set SteamNetworkingSockets P2P_STUN_ServerList to '162.254.199.163:3478' as per SteamNetworkingSocketsSerialized
AuthStatus (steamid:90286265696909320):  OK  (OK)
Certificate expires in 48h00m at 1780022952 (current time 1779850152), will renew in 46h00m
SV:  VAC secure mode is ac[AdminSystem] Comando css_admins executado. (0 online)
*************************************************
[AdminSystem] RELOAD EXECUTADO: 1 admins carregados.
*************************************************
[S_API FAIL] Tried to access Steam interface SteamUtils010 before SteamAPI_Init succeeded.
[00:18:36.299] CSSharp: CGameSystem::Shutdown
tivated.
GC Connection established for server version 2000835, instance idx 1
[STARTUP] {6.372} activated session on GC
autokick is disabled for Voltzmann
72.734375 Long frame (WarmupPeriod): 40.91ms elapsed, 40.52ms sim time, 1 ticks, 4655..4655.
131.546875 Long frame (WarmupPeriod): 38.18ms elapsed, 37.75ms sim time, 1 ticks, 8419..8419.
136.140625 Long frame (WarmupPeriod): 36.44ms elapsed, 35.94ms sim time, 1 ticks, 8713..8713.
246.437500 Long frame (WarmupPeriod): 19.22ms elapsed, 1.36ms sim time, 1 ticks, 15772..15772.
252.203125 Long frame (WarmupPeriod): 21.61ms elapsed, 1.33ms sim time, 1 ticks, 16141..16141.
264.000000 Long frame (WarmupPeriod): 20.74ms elapsed, 0.87ms sim time, 1 ticks, 16896..16896.
489.296875 Long frame (WarmupPeriod): 19.79ms elapsed, 1.65ms sim time, 1 ticks, 31315..31315.
autokick is disabled for Voltzmann
Certificate expires in 47h50m at 1780022952 (current time 1779850752), will renew in 45h50m
1154.609375 Long frame (WarmupPeriod): 19.34ms elapsed, 1.89ms sim time, 1 ticks, 73895..73895.
1154.937500 Long frame (WarmupPeriod): 19.25ms elapsed, 1.42ms sim time, 1 ticks, 73916..73916.
Certificate expires in 47h40m at 1780022952 (current time 1779851352), will renew in 45h40m
1287.875000 Long frame (WarmupPeriod): 19.83ms elapsed, 0.96ms sim time, 1 ticks, 82424..82424.
autokick is disabled for Voltzmann
1493.968750 Long frame (WarmupPeriod): 19.96ms elapsed, 1.58ms sim time, 1 ticks, 95614..95614.
autokick is disabled for Voltzmann
autokick is disabled for Voltzmann
 [AdminSystem] --- STATUS DE ADMINS ---
 [AdminSystem] ⚪ Nenhum administrador online no momento.
 [AdminSystem] 📁 CADASTRADOS NO BANCO:
   • Astral2 | ID: 76561199806844693
1501.968750 Long frame (WarmupPeriod): 1929.55ms elapsed, 1927.49ms sim time, 1 ticks, 96126..96126.
autokick is disabled for Voltzmann
 [AdminSystem] Sucesso! 1 administradores sincronizados com o banco mariusbd.
1506.453125 Long frame (WarmupPeriod): 45.61ms elapsed, 44.13ms sim time, 1 ticks, 96413..96413.
Server asked to sleep for 13.450ms, but plat time advanced by 1.466ms.  (We woke up 11.984ms early)
SIGTERM received while server was **not** hibernating!  Shutting down even though a game may be in progress!
CHostStateMgr::QueueNewRequest( Quitting, 3 )
HostStateRequest::Start(HSR_QUIT)
SV:  Server shutting down: NETWORK_DISCONNECT_EXITING (59)
CNetworkGameServerBase::SetServerState (ss_active -> ss_dead)
CPlayerVoiceListener::PostSpawnGroupUnload()
CPlayerVoiceListener::PostSpawnGroupUnload()
CPlayerVoiceListener::PostSpawnGroupUnload()
CPlayerVoiceListener::PostSpawnGroupUnload()
CPlayerVoiceListener::PostSpawnGroupUnload()
CPlayerVoiceListener::PostSpawnGroupUnload()
CPlayerVoiceListener::PostSpawnGroupUnload()
CPlayerVoiceListener::PostSpawnGroupUnload()
CSteam3ServerS1::ShutdownGameServer
CNetworkSystem::ShutdownGameServer
Closing 'server' UDP listen socket
Closing 'server' poll group
CNetworkSystem::CleanupDebugOutputFunction()
CSource2Server::GameServerSteamAPIDeactivated()
SV:  IGameSystem::LoopDeactivateAllSystems {
HO:  IGameSystem::LoopDeactivateAllSystems {
HO:  } IGameSystem::LoopDeactivateAllSystems done
SV:  } IGameSystem::LoopDeactivateAllSystems done
SV: CNetworkStringTableContainer::RemoveAllTables:  removing 13 tables
CL: CNetworkStringTableContainer::RemoveAllTables:  removing 13 tables
CPlayerVoiceListener::GameShutdown()
SV:  CGameRulesGameSystem::GameShutdown uninstalled game rules
SV:  CGameRules::CGameRules destructed
Host activate: Quitting
Dispatching EventAppShutdown_t {
Requested non-existent write path USRLOCAL!
Requested non-existent write path USRLOCAL!
Error writing user config file 'cfg/cs2_user_keys_0_slot0.vcfg'
Requested non-existent write path USRLOCAL!
Requested non-existent write path USRLOCAL!
Requested non-existent write path USRLOCAL!
Error writing user config file 'cfg/cs2_user_convars_0_slot0.vcfg'
} Dispatched EventAppShutdown_t
MainLoop returning
CSharedEdictChangeInfo high water mark 393
Source2Shutdown
ShutdownSource2Logging
CNetworkSystem::Shutdown()
CNetworkSystem::CloseAllSockets()
Forgot to rLoaded /media/astral/7DFD-F7FB/Counter-Strike2-Server/cs2/game/bin/linuxsteamrt64/libengine2.so, got 0x5597859637e0
Using breakpad crash handler
Setting breakpad minidump AppID = 2347773
Forcing breakpad minidump interfaces to load
dlopen failed trying to load:
/root/.steam/sdk64/steamclient.so
with error:
/root/.steam/sdk64/steamclient.so: não é possível abrir arquivo compartilhado: Permissão negada
Looking up breakpad interfaces from steamclient
Calling BreakpadMiniDumpSystemInit

Console initialized.
Steam AppId(730), BreakpadId(2347771)
InitSteamLogin_Internal: Initializing breakpad.
Steam Universe is invalid, possibly asking before Steam was successfully initialized.
ResetBreakpadAppId: Universe is 0 (k_EUniverseInvalid)
ResetBreakpadAppId: Setting dedicated server app id: 2347773
Loaded libSDL3.so.0, got 0x559785a7e920
Loaded /media/astral/7DFD-F7FB/Counter-Strike2-Server/cs2/game/bin/linuxsteamrt64/libtier0.so, got 0x55978594c700
Visibility enabled.
Loaded /media/astral/7DFD-F7FB/Counter-Strike2-Server/cs2/game/bin/linuxsteamrt64/libfilesystem_stdio.so, got 0x559785a7f2e0
USRLOCAL path not found!
Loaded /media/astral/7DFD-F7FB/Counter-Strike2-Server/cs2/game/bin/linuxsteamrt64/liblocalize.so, got 0x559785a7fc50
Loaded /media/astral/7DFD-F7FB/Counter-Strike2-Server/cs2/game/bin/linuxsteamrt64/librendersystemempty.so, got 0x559785a80190
Loaded /media/astral/7DFD-F7FB/Counter-Strike2-Server/cs2/game/bin/linuxsteamrt64/libresourcesystem.so, got 0x559785a80b00
Loaded /media/astral/7DFD-F7FB/Counter-Strike2-Server/cs2/game/bin/linuxsteamrt64/libschemasystem.so, got 0x559785a81460
Trying to set dxlevel (111) which is higher than the card can support (110)!
Loaded /media/astral/7DFD-F7FB/Counter-Strike2-Server/cs2/game/bin/linuxsteamrt64/libmaterialsystem2.so, got 0x559785a81ba0
---------------
Path ID:             File Path:
ADDONS               "/media/astral/7DFD-F7FB/Counter-Strike2-Server/cs2/game/csgo_addons/" 
CONTENT              "/media/astral/7DFD-F7FB/Counter-Strike2-Server/cs2/content/csgo/addons/metamod/" 
CONTENT              "/media/astral/7DFD-F7FB/Counter-Strike2-Server/cs2/content/csgo/" 
CONTENT              "/media/astral/7DFD-F7FB/Counter-Strike2-Server/cs2/content/csgo_imported/" 
CONTENT              "/media/astral/7DFD-F7FB/Counter-Strike2-Server/cs2/content/csgo_core/" 
CONTENT              "/media/astral/7DFD-F7FB/Counter-Strike2-Server/cs2/content/core/" 
CONTENTADDONS        "/media/astral/7DFD-F7FB/Counter-Strike2-Server/cs2/content/csgo_addons/" 
CONTENTROOT          "/media/astral/7DFD-F7FB/Counter-Strike2-Server/cs2/content/" 
DEFAULT_WRITE_PATH   "/media/astral/7DFD-F7FB/Counter-Strike2-Server/cs2/game/csgo/addons/metamod/" 
EXECUTABLE_PATH      "/media/astral/7DFD-F7FB/Counter-Strike2-Server/cs2/game/bin/linuxsteamrt64/" 
GAME                 "/media/astral/7DFD-F7FB/Counter-Strike2-Server/cs2/game/csgo/pak01.vpk" (vpk) /media/astral/7DFD-F7FB/Counter-Strike2-Server/cs2/game/csgo/pak01.vpk
GAME                 "/media/astral/7DFD-F7FB/Counter-Strike2-Server/cs2/game/csgo_imported/pak01.vpk" (vpk) /media/astral/7DFD-F7FB/Counter-Strike2-Server/cs2/game/csgo_imported/pak01.vpk
GAME                 "/media/astral/7DFD-F7FB/Counter-Strike2-Server/cs2/game/csgo_core/pak01.vpk" (vpk) /media/astral/7DFD-F7FB/Counter-Strike2-Server/cs2/game/csgo_core/pak01.vpk
GAME                 "/media/astral/7DFD-F7FB/Counter-Strike2-Server/cs2/game/core/pak01.vpk" (vpk) /media/astral/7DFD-F7FB/Counter-Strike2-Server/cs2/game/core/pak01.vpk
GAME                 "/media/astral/7DFD-F7FB/Counter-Strike2-Server/cs2/game/csgo/shaders_vulkan.vpk" (vpk) /media/astral/7DFD-F7FB/Counter-Strike2-Server/cs2/game/csgo/shaders_vulkan.vpk
GAME                 "/media/astral/7DFD-F7FB/Counter-Strike2-Server/cs2/game/csgo_core/shaders_vulkan.vpk" (vpk) /media/astral/7DFD-F7FB/Counter-Strike2-Server/cs2/game/csgo_core/shaders_vulkan.vpk
GAME                 "/media/astral/7DFD-F7FB/Counter-Strike2-Server/cs2/game/core/shaders_vulkan.vpk" (vpk) /media/astral/7DFD-F7FB/Counter-Strike2-Server/cs2/game/core/shaders_vulkan.vpk
GAME                 "/media/astral/7DFD-F7FB/Counter-Strike2-Server/cs2/game/csgo/addons/metamod/" 
GAME                 "/media/astral/7DFD-F7FB/Counter-Strike2-Server/cs2/game/csgo/" 
GAME                 "/media/astral/7DFD-F7FB/Counter-Strike2-Server/cs2/game/csgo_imported/" 
GAME                 "/media/astral/7DFD-F7FB/Counter-Strike2-Server/cs2/game/csgo_core/" 
GAME                 "/media/astral/7DFD-F7FB/Counter-Strike2-Server/cs2/game/core/" 
GAMEBIN              "/media/astral/7DFD-F7FB/Counter-Strike2-Server/cs2/game/csgo/addons/metamod/bin/linuxsteamrt64/" 
GAMEBIN              "/media/astral/7DFD-F7FB/Counter-Strike2-Server/cs2/game/csgo/addons/metamod/bin/" 
GAMEBIN              "/media/astral/7DFD-F7FB/Counter-Strike2-Server/cs2/game/csgo/bin/linuxsteamrt64/" 
GAMEBIN              "/media/astral/7DFD-F7FB/Counter-Strike2-Server/cs2/game/csgo/bin/" 
GAMEBIN              "/media/astral/7DFD-F7FB/Counter-Strike2-Server/cs2/game/csgo_imported/bin/linuxsteamrt64/" 
GAMEBIN              "/media/astral/7DFD-F7FB/Counter-Strike2-Server/cs2/game/csgo_imported/bin/" 
GAMEBIN              "/media/astral/7DFD-F7FB/Counter-Strike2-Server/cs2/game/csgo_core/bin/linuxsteamrt64/" 
GAMEBIN              "/media/astral/7DFD-F7FB/Counter-Strike2-Server/cs2/game/csgo_core/bin/" 
GAMEBIN              "/media/astral/7DFD-F7FB/Counter-Strike2-Server/cs2/game/core/bin/linuxsteamrt64/" 
GAMEBIN              "/media/astral/7DFD-F7FB/Counter-Strike2-Server/cs2/game/core/bin/" 
GAMEROOT             "/media/astral/7DFD-F7FB/Counter-Strike2-Server/cs2/game/" 
MOD                  "/media/astral/7DFD-F7FB/Counter-Strike2-Server/cs2/game/csgo/pak01.vpk" (vpk) /media/astral/7DFD-F7FB/Counter-Strike2-Server/cs2/game/csgo/pak01.vpk
MOD                  "/media/astral/7DFD-F7FB/Counter-Strike2-Server/cs2/game/csgo_imported/pak01.vpk" (vpk) /media/astral/7DFD-F7FB/Counter-Strike2-Server/cs2/game/csgo_imported/pak01.vpk
MOD                  "/media/astral/7DFD-F7FB/Counter-Strike2-Server/cs2/game/csgo_core/pak01.vpk" (vpk) /media/astral/7DFD-F7FB/Counter-Strike2-Server/cs2/game/csgo_core/pak01.vpk
MOD                  "/media/astral/7DFD-F7FB/Counter-Strike2-Server/cs2/game/csgo/" 
MOD                  "/media/astral/7DFD-F7FB/Counter-Strike2-Server/cs2/game/csgo_imported/" 
MOD                  "/media/astral/7DFD-F7FB/Counter-Strike2-Server/cs2/game/csgo_core/" 
OFFICIAL_ADDONS      "/media/astral/7DFD-F7FB/Counter-Strike2-Server/cs2/game/csgo_community_addons/" 
PLATFORM             "/media/astral/7DFD-F7FB/Counter-Strike2-Server/cs2/game/core/pak01.vpk" (vpk) /media/astral/7DFD-F7FB/Counter-Strike2-Server/cs2/game/core/pak01.vpk
PLATFORM             "/media/astral/7DFD-F7FB/Counter-Strike2-Server/cs2/game/core/" 
SHADER_SOURCE        "/media/astral/7DFD-F7FB/Counter-Strike2-Server/cs2/src/shaders/csgo/addons/metamod/" 
SHADER_SOURCE        "/media/astral/7DFD-F7FB/Counter-Strike2-Server/cs2/src/shaders/csgo/" 
SHADER_SOURCE        "/media/astral/7DFD-F7FB/Counter-Strike2-Server/cs2/src/shaders/csgo_imported/" 
SHADER_SOURCE        "/media/astral/7DFD-F7FB/Counter-Strike2-Server/cs2/src/shaders/csgo_core/" 
SHADER_SOURCE        "/media/astral/7DFD-F7FB/Counter-Strike2-Server/cs2/src/shaders/core/" 
SHADER_SOURCE        "/media/astral/7DFD-F7FB/Counter-Strike2-Server/cs2/src/shaders/csgo_community_addons/" 
SHADER_SOURCE_MOD    "/media/astral/7DFD-F7FB/Counter-Strike2-Server/cs2/src/shaders/csgo/addons/metamod/" 
SHADER_SOURCE_ROOT   "/media/astral/7DFD-F7FB/Counter-Strike2-Server/cs2/src/shaders/" 
command line arguments:
-dedicated -nojoy -usercon +ip 0.0.0.0 +port 27015 +map de_anubis +hostname CS2 Server
protected command line arguments (stripped from above):
+rcon_password <protected>
Loaded /media/astral/7DFD-F7FB/Counter-Strike2-Server/cs2/game/bin/linuxsteamrt64/libmeshsystem.so, got 0x559785af08e0
Loaded /media/astral/7DFD-F7FB/Counter-Strike2-Server/cs2/game/bin/linuxsteamrt64/libworldrenderer.so, got 0x559785b03250
Loaded /media/astral/7DFD-F7FB/Counter-Strike2-Server/cs2/game/bin/linuxsteamrt64/libpulse_system.so, got 0x559785b15fe0
Loaded /media/astral/7DFD-F7FB/Counter-Strike2-Server/cs2/game/bin/linuxsteamrt64/libvscript.so, got 0x559785b28530
Loaded /media/astral/7DFD-F7FB/Counter-Strike2-Server/cs2/game/bin/linuxsteamrt64/libnetworksystem.so, got 0x559785b3aea0
Loaded /media/astral/7DFD-F7FB/Counter-Strike2-Server/cs2/game/bin/linuxsteamrt64/libanimationsystem.so, got 0x559785b4f4f0
Loaded /media/astral/7DFD-F7FB/Counter-Strike2-Server/cs2/game/bin/linuxsteamrt64/libvphysics2.so, got 0x559785b66cd0
Loaded /media/astral/7DFD-F7FB/Counter-Strike2-Server/cs2/game/bin/linuxsteamrt64/libsoundsystem.so, got 0x559785b79640
Loaded /media/astral/7DFD-F7FB/Counter-Strike2-Server/cs2/game/bin/linuxsteamrt64/libscenesystem.so, got 0x559785b91a70
Network System Initialized
MOD desires lightbinner GPU but is unsupported by HW (SupportsCompute=0 CubeMapArrays=0)
Loaded /media/astral/7DFD-F7FB/Counter-Strike2-Server/cs2/game/bin/linuxsteamrt64/libserver_valve.so, got (nil)
Loaded libserver_valve.so, got (nil)
Loaded /media/astral/7DFD-F7FB/Counter-Strike2-Server/cs2/game/csgo/addons/metamod/bin/linuxsteamrt64/libserver.so, got 0x559785ba9630
Loaded /media/astral/7DFD-F7FB/Counter-Strike2-Server/cs2/game/bin/linuxsteamrt64/libengine2.so, got 0x5597859637e0
Physics Console Communications is not initialized
Loaded /media/astral/7DFD-F7FB/Counter-Strike2-Server/cs2/game/csgo/bin/linuxsteamrt64/libhost.so, got 0x559785becde0
Loaded /media/astral/7DFD-F7FB/Counter-Strike2-Server/cs2/game/bin/linuxsteamrt64/libscenefilecache.so, got 0x559785c006c0
Loaded /media/astral/7DFD-F7FB/Counter-Strike2-Server/cs2/game/bin/linuxsteamrt64/libparticles.so, got 0x559785c13030
Loaded /media/astral/7DFD-F7FB/Counter-Strike2-Server/cs2/game/csgo/bin/linuxsteamrt64/libmatchmaking.so, got 0x559785c26e40
Loaded /media/astral/7DFD-F7FB/Counter-Strike2-Server/cs2/game/bin/linuxsteamrt64/libv8system.so, got 0x559785c3b4a0
[00:18:46.046] CSSharp: Initializing with command line: "/media/astral/7DFD-F7FB/Counter-Strike2-Server/cs2/game/bin/linuxsteamrt64/cs2" /media/astral/7DFD-F7FB/Counter-Strike2-Server/cs2/game/bin/linuxsteamrt64/cs2 -dedicated -nojoy -usercon +ip 0.0.0.0 +port 27015 +map de_anubis +rcon_password GZPWA3PyZ7zonPf +hostname "CS2 Server"
[00:18:46.046] CSSharp: Current root directory: /media/astral/7DFD-F7FB/Counter-Strike2-Server/cs2/game/csgo/addons/counterstrikesharp
[00:18:46.046] CSSharp: CoreConfig loaded.
[00:18:46.046] CSSharp: Auto-update is not currently supported on this platform.
[00:18:46.099] CSSharp: Copying bytes from disk for /media/astral/7DFD-F7FB/Counter-Strike2-Server/cs2/game/bin/linuxsteamrt64/libengine2.so
[00:18:46.338] CSSharp: Copying bytes from disk for /media/astral/7DFD-F7FB/Counter-Strike2-Server/cs2/game/bin/linuxsteamrt64/../../csgo/bin/linuxsteamrt64//libserver.so
[00:18:46.449] CSSharp: Globals loaded.
[00:18:46.559] CSSharp: Initialized GameSystem.
[00:18:46.559] CSSharp: Loading .NET runtime...
[00:18:46.559] CSSharp: Loading hostfxr from /media/astral/7DFD-F7FB/Counter-Strike2-Server/cs2/game/csgo/addons/counterstrikesharp/dotnet/host/fxr/8.0.3/libhostfxr.so
[00:18:46.559] CSSharp: .NET Runtime Initialised.
[00:18:46.559] CSSharp: Loading CSS API, Runtime Config: /media/astral/7DFD-F7FB/Counter-Strike2-Server/cs2/game/csgo/addons/counterstrikesharp/api/CounterStrikeSharp.API.runtimeconfig.json
GameTypes: missing mapgroupsSP entry for game type/mode (custom/custom).
GameTypes: missing mapgroupsSP entry for game type/mode (cooperative/cooperative).
GameTypes: missing mapgroupsSP entry for game type/mode (cooperative/coopmission).
00:18:46 [INFO] (cssharp:Core) CounterStrikeSharp is starting up...
00:18:46 [INFO] (cssharp:CoreConfig) Successfully loaded core configuration
00:18:46 [INFO] (cssharp:GameDataProvider) Successfully loaded 45 game data entries from /media/astral/7DFD-F7FB/Counter-Strike2-Server/cs2/game/csgo/addons/counterstrikesharp/gamedata/gamedata.json
00:18:46 [INFO] (cssharp:Core) Loading Admins from /media/astral/7DFD-F7FB/Counter-Strike2-Server/cs2/game/csgo/addons/counterstrikesharp/configs/admins.json
00:18:46 [INFO] (cssharp:AdminManager) Loaded admin data with 1 admins.
00:18:46 [INFO] (cssharp:Core) Loading Admin Groups from /media/astral/7DFD-F7FB/Counter-Strike2-Server/cs2/game/csgo/addons/counterstrikesharp/configs/admin_groups.json
Admin groups file not found. Skipping admin groups load.
00:18:46 [INFO] (cssharp:Core) Loading Admin Command Overrides from /media/astral/7DFD-F7FB/Counter-Strike2-Server/cs2/game/csgo/addons/counterstrikesharp/configs/admin_overrides.json
Loaded 1 admin command overrides.
00:18:47 [INFO] (cssharp:PluginContext) Loading plugin AdminControlPlugin
[AdminControlPlugin] Plugin loaded successfully!
00:18:47 [INFO] (cssharp:PluginContext) Finished loading plugin Admin Control with MySQL & CFG Sync
00:18:47 [INFO] (cssharp:PluginContext) Loading plugin Frozen_Elsa
00:18:47 [INFO] (cssharp:PluginContext) Finished loading plugin Frozen_Elsa
00:18:47 [INFO] (cssharp:PluginContext) Loading plugin AdminSystem
-------------------------------------------------
[AdminSystem] Plugin Unificado Carregado com Sucesso!
[AdminSystem] Comandos ativos: css_reload_admins, css_admins
-------------------------------------------------
00:18:47 [INFO] (cssharp:PluginContext) Finished loading plugin AdminSystem (Unificado)
[00:18:47.418] CSSharp: CounterStrikeSharp.API Loaded Successfully.
[00:18:47.418] CSSharp: Hooks added.
[AdminControlPlugin] Ban cache loaded successfully. 0 SteamID and 0 IP bans.
[AdminControlPlugin] Mute cache loaded successfully. 0 muted players.
[00:18:48.209] CSSharp: Native d8f03fd4 was invoked on a non-main thread
[S_API] SteamAPI_Init(): Loaded local 'steamclient.so' OK.
[META] Failed to load plugin addons/multiaddonmanager/bin/multiaddonmanager: /media/astral/7DFD-F7FB/Counter-Strike2-Server/cs2/game/csgo/addons/multiaddonmanager/bin/multiaddonmanager.so: não foi possível habilitar pilhas de executável como requisitado pelo objeto compartilhado: Argumento inválido
[META] Loaded 1 plugin.
Event System loaded 94 events from file: vpk:/media/astral/7DFD-F7FB/Counter-Strike2-Server/cs2/game/core/pak01.vpk:resource/core.gameevents.
Event System loaded 50 events from file: vpk:/media/astral/7DFD-F7FB/Counter-Strike2-Server/cs2/game/csgo/pak01.vpk:resource/game.gameevents.
Event System loaded 145 events from file: vpk:/media/astral/7DFD-F7FB/Counter-Strike2-Server/cs2/game/csgo/pak01.vpk:./resource/mod.gameevents.
CEntitySystem::BuildEntityNetworking (parallel build of server) took 50.993 msecs for 211 out of 293 classes
[STARTUP] {4.746} server module init ok
[Info] - Trampoline - Bounds of relative addresses accessed [0xffffffffffffffff, (nil)]
[Info] - Trampoline - Attempting to allocate trampoline within +-2GB range of 0x7f64a29fef20
[Info] - Trampoline - Allocated trampoline at 0x7f65229fd000 (using 1 attempts)
CHostStateMgr::QueueNewRequest( Idle (console), 1 )
Source2Init OK
HostStateRequest::Start(HSR_IDLE):  loop(console) id(1) addons() desc(Idle (console))
SwitchToLoop console requested:  id [1] addons []
Host activate: Idle (console)
Unknown command 'port'!
Loading map "de_anubis"
CHostStateMgr::QueueNewRequest( Loading (de_anubis), 2 )
HostStateRequest::Start(HSR_GAME):  loop(levelload) id(2) addons() desc(Loading (de_anubis))
SwitchToLoop levelload requested:  id [2] addons []
SV:  Level loading started for 'de_anubis'
CL:  CLoopModeLevelLoad::MaybeSwitchToGameLoop switching to "game" loopmode with addons ()
SwitchToLoop game requested:  id [2] addons []
SteamGameServer_Init()
Setting breakpad minidump AppID = 730
SteamInternal_SetMinidumpSteamID:  Caching Steam ID:  76561197960265728 [API loaded yes]
SteamInternal_SetMinidumpSteamID:  Setting Steam ID:  76561197960265728
Looking up breakpad interfaces from steamclient
Calling BreakpadMiniDumpSystemInit
SteamInternal_SetMinidumpSteamID:  Caching Steam ID:  76561197960265728 [API loaded yes]
SteamInternal_SetMinidumpSteamID:  Setting Steam ID:  76561197960265728
[S_API FAIL] Tried to access Steam interface SteamUtils010 before SteamAPI_Init succeeded.
Setting breakpad minidump AppID = 2347773
[AdminControlPlugin] Ban cache loaded successfully. 0 SteamID and 0 IP bans.
[AdminControlPlugin] Mute cache loaded successfully. 0 muted players.
[00:18:49.082] CSSharp: CGameSystem::BuildGameSessionManifest
[S_API FAIL] Tried to access Steam interface SteamUser023 before SteamAPI_Init succeeded.
Steam Universe valid after having been requested when invalid.  Universe is now 1
ResetBreakpadAppId: Universe is 1 (k_EUniversePublic)
ResetBreakpadAppId: Setting dedicated server app id: 2347773
SteamGameServer_Init() OK, logging on to Steam
****************************************************
*                                                  *
*  No Steam account token was specified.           *
*  Logging into anonymous game server account.     *
*  Connections will be restricted to LAN only.     *
*                                                  *
*  To create a game server account go to           *
*  http://steamcommunity.com/dev/managegameservers *
*                                                  *
****************************************************
CNetworkSystem::InitGameServer: SteamGameServerNetworking() OK
Initialized low level socket/threading support.
Set SteamNetworkingSockets P2P_STUN_ServerList to '' as per SteamNetworkingSocketsSerialized
CNetworkGameServerBase::SetServerState (ss_dead -> ss_waitingforgamesessionmanifest)
SV:  maxplayers set to 64
Server is hibernating
ResetGameConVarsToDefaults
CSource2Server::ApplyGameSettings game settings payload received:
  ::ExecGameTypeCfg {
    map {
      mapname de_anubis
    }
    launchoptions {
      levelname de_anubis
      mode dedicated
      loadmap int( 1 = 0x1 )
      changelevel int( 0 = 0x0 )
      map de_anubis
      mapgroup 
      requires_attr 
      requires_attr_value int( -1 = 0xFFFFFFFF )
      requires_attr_reward 
      reward_drop_list int( -1 = 0xFFFFFFFF )
      numSlots int( 10 = 0xA )
      c_game_type int( 0 = 0x0 )
      c_game_mode int( 1 = 0x1 )
      default_game_type int( 0 = 0x0 )
      default_game_mode int( 0 = 0x0 )
      ct_arms models/weapons/ct_arms_gign.vmdl
      t_arms models/weapons/t_arms.vmdl
      ct_models {
         ctm_gign
         ctm_gign_variantA
         ctm_gign_variantB
         ctm_gign_variantC
         ctm_gign_variantD
      }
      t_models {
         tm_leet_variantA
         tm_leet_variantB
         tm_leet_variantC
         tm_leet_variantD
         tm_leet_variantE
      }
    }
  }
Created poll group for socket 'server'
SDR RelayNetworkStatus:  avail=Attempting  config=Attempting  anyrelay=Not Attempted   (Attempt #1 to fetch config (only-if-cached) from https://api.steampowered.com/ISteamApps/GetSDRConfig/v1?appid=730)
AuthStatus (invalid):  Waiting  (Waiting for Steam login)
Network socket 'server' opened on port 27015
Initializing CSGO VScript Game System
SV:  Executing server defaults
SV:  Executing dedicated server config file
[STARTUP] {6.259} created game rules
GameTypes: could not find matching game mode value of "" in any game type.
SV:  CGameRulesGameSystem::GameInit installed game rules
LoadResponseSystem scripts/talker/response_rules.vrr - Start
CResponseSystem:  scripts/talker/response_rules.vrr (7681 rules, 811 criteria, and 7681 responses)
LoadResponseSystem scripts/talker/response_rules.vrr - Finish
CPlayerVoiceListener::GameInit()
Entry player was not found in surfaceproperties_footsteps.txt
exec: couldn't exec '{*}cfg/banned_user.cfg', unable to read file
exec: couldn't exec '{*}cfg/banned_ip.cfg', unable to read file
execing server_default.cfg
execing server.cfg
execing gamemode_competitive.cfg
exec: couldn't exec '{*}cfg/gamemode_competitive_server.cfg', unable to read file
Server waking up from hibernation
Unknown command 'mp_weapons_glow_on_ground'!
Unknown command 'sv_gameinstructor_enable'!
SV:  Spawn Server: de_anubis
CSource2Server::ApplyGameSettings game settings payload received:
  ::ExecGameTypeCfg {
    map {
      mapname de_anubis
    }
    launchoptions {
      levelname de_anubis
      mode dedicated
      loadmap int( 1 = 0x1 )
      changelevel int( 0 = 0x0 )
      map de_anubis
      mapgroup 
      requires_attr 
      requires_attr_value int( -1 = 0xFFFFFFFF )
      requires_attr_reward 
      reward_drop_list int( -1 = 0xFFFFFFFF )
      numSlots int( 10 = 0xA )
      c_game_type int( 0 = 0x0 )
      c_game_mode int( 1 = 0x1 )
      default_game_t[S_API FAIL] Tried to access Steam interface SteamUtils010 before SteamAPI_Init succeeded.
ype int( 0 = 0x0 )
      default_game_mode int( 0 = 0x0 )
      ct_arms models/weapons/ct_arms_gign.vmdl
      t_arms models/weapons/t_arms.vmdl
      ct_models {
         ctm_gign
         ctm_gign_variantA
         ctm_gign_variantB
         ctm_gign_variantC
         ctm_gign_variantD
      }
      t_models {
         tm_leet_variantA
         tm_leet_variantB
         tm_leet_variantC
         tm_leet_variantD
         tm_leet_variantE
      }
    }
  }
CNetworkGameServerBase::SetServerState (ss_waitingforgamesessionmanifest -> ss_loading)
Got SDR network config.  Loaded revision 1779399550 OK
SDR RelayNetworkStatus:  avail=Not Attempted  config=OK  anyrelay=Not Attempted   (No need for SDR client network access)
texturebase.cpp(3486):ResourceHandleToData( maps/de_anubis/lightmaps/direct_light_shadows.vtex ) failed! Falling back to error texture!
texturebase.cpp(3486):ResourceHandleToData( maps/de_anubis/lightmaps/irradiance.vtex ) failed! Falling back to error texture!
texturebase.cpp(3486):ResourceHandleToData( maps/de_anubis/lightmaps/directional_irradiance.vtex ) failed! Falling back to error texture!
CWorldRendererMgr::ServiceWorldRequests long frame: 80.762581ms
Failed loading resource "maps/prefabs/misc/terrorist_team_intro_variant2/world_visibility.vvis_c" (ERROR_FILEOPEN: File not found)
texturebase.cpp(3486):ResourceHandleToData( maps/prefabs/de_anubis/de_anubis_skybox/lightmaps/direct_light_shadows.vtex ) failed! Falling back to error texture!
texturebase.cpp(3486):ResourceHandleToData( maps/prefabs/de_anubis/de_anubis_skybox/lightmaps/irradiance.vtex ) failed! Falling back to error texture!
texturebase.cpp(3486):ResourceHandleToData( maps/prefabs/de_anubis/de_anubis_skybox/lightmaps/directional_irradiance.vtex ) failed! Falling back to error texture!
CNetworkGameServerBase::SetServerState (ss_loading -> ss_active)
SV:  IGameSystem::LoopActivateAllSystems {
HO:  IGameSystem::LoopActivateAllSystems {
HO:  } IGameSystem::LoopActivateAllSystems done
SV:  } IGameSystem::LoopActivateAllSystems done
Created physics for de_anubis
CNavGenParams - Nav mesh requests project default generation parameters but actual parameters
  used during construction differ from defaults. Please re-export the map.
CNavGenParams - Nav mesh requests project default generation parameters but actual parameters
  used during construction differ from defaults. Please re-export the map.
CNavGenParams - Nav mesh requests project default generation parameters but actual parameters
  used during construction differ from defaults. Please re-export the map.
CNavGenParams - Nav mesh requests project default generation parameters but actual parameters
  used during construction differ from defaults. Please re-export the map.
SV:  64 player server started
CSource2Server::GameServerSteamAPIActivated()
ClientPutInServer create new player controller [Arno]
[Arno] cl_interp_ratio='', LerpTime=0
"Arno<0><BOT><Unassigned>" ChangeTeam() CTMDBG , team 0, req team 2 willSwitch 0, 1.20 
ClientPutInServer create new player controller [Goggles]
[Goggles] cl_interp_ratio='', LerpTime=0
"Goggles<1><BOT><Unassigned>" ChangeTeam() CTMDBG , team 0, req team 3 willSwitch 0, 1.20 
Host activate: Loading (de_anubis)
"Arno<0><BOT><TERRORIST>" OnPreResetRound => CTMDBG, team 2  will switch 0 1.22 
"Goggles<1><BOT><CT>" OnPreResetRound => CTMDBG, team 3  will switch 0 1.22 
Using spawn points configuration 0xF2B94C6F
1.218750 Long frame (WarmupPeriod): 17.32ms elapsed, 26.77ms sim time, 1 ticks, 78..78.
SV:  Connection to Steam servers successful.
SV:  ServerSteamID=[A:1:2172708872:49889] (90286266343548936).
[STARTUP] {8.205} logged on to Steam
Gameserver logged on to Steam, assigned identity steamid:90286266343548936
AuthStatus (steamid:90286266343548936):  Attempting  (Requesting cert)
Set SteamNetworkingSockets P2P_STUN_ServerList to '155.133.227.50:3478' as per SteamNetworkingSocketsSerialized
SV:  VAC secure mode is activated.
AuthStatus (steamid:90286266343548936):  OK  (OK)
Certificate expires in 48h00m at 1780024731 (current time 1779851930), will renew in 46h[S_API FAIL] Tried to access Steam interface SteamUtils010 before SteamAPI_Init succeeded.
[00:19:38.497] CSSharp: CGameSystem::Shutdown
Loaded /media/astral/7DFD-F7FB/Counter-Strike2-Server/cs2/game/bin/linuxsteamrt64/libengine2.so, got 0x55bb83f817e0
Using breakpad crash handler
Setting breakpad minidump AppID = 2347773
Forcing breakpad minidump interfaces to load
dlopen failed trying to load:
/root/.steam/sdk64/steamclient.so
with error:
/root/.steam/sdk64/steamclient.so: não é possível abrir arquivo compartilhado: Permissão negada
Looking up breakpad interfaces from steamclient
Calling BreakpadMiniDumpSystemInit

Console initialized.
Steam AppId(730), BreakpadId(2347771)
InitSteamLogin_Internal: Initializing breakpad.
Steam Universe is invalid, possibly asking before Steam was successfully initialized.
ResetBreakpadAppId: Universe is 0 (k_EUniverseInvalid)
ResetBreakpadAppId: Setting dedicated server app id: 2347773
Loaded libSDL3.so.0, got 0x55bb8409c920
Loaded /media/astral/7DFD-F7FB/Counter-Strike2-Server/cs2/game/bin/linuxsteamrt64/libtier0.so, got 0x55bb83f6a700
Visibility enabled.
Loaded /media/astral/7DFD-F7FB/Counter-Strike2-Server/cs2/game/bin/linuxsteamrt64/libfilesystem_stdio.so, got 0x55bb8409d2e0
USRLOCAL path not found!
Loaded /media/astral/7DFD-F7FB/Counter-Strike2-Server/cs2/game/bin/linuxsteamrt64/liblocalize.so, got 0x55bb8409dc50
Loaded /media/astral/7DFD-F7FB/Counter-Strike2-Server/cs2/game/bin/linuxsteamrt64/librendersystemempty.so, got 0x55bb8409e190
Loaded /media/astral/7DFD-F7FB/Counter-Strike2-Server/cs2/game/bin/linuxsteamrt64/libresourcesystem.so, got 0x55bb8409eb00
Loaded /media/astral/7DFD-F7FB/Counter-Strike2-Server/cs2/game/bin/linuxsteamrt64/libschemasystem.so, got 0x55bb8409f460
Trying to set dxlevel (111) which is higher than the card can support (110)!
Loaded /media/astral/7DFD-F7FB/Counter-Strike2-Server/cs2/game/bin/linuxsteamrt64/libmaterialsystem2.so, got 0x55bb8409fba0
---------------
Path ID:             File Path:
ADDONS               "/media/astral/7DFD-F7FB/Counter-Strike2-Server/cs2/game/csgo_addons/" 
CONTENT              "/media/astral/7DFD-F7FB/Counter-Strike2-Server/cs2/content/csgo/addons/metamod/" 
CONTENT              "/media/astral/7DFD-F7FB/Counter-Strike2-Server/cs2/content/csgo/" 
CONTENT              "/media/astral/7DFD-F7FB/Counter-Strike2-Server/cs2/content/csgo_imported/" 
CONTENT              "/media/astral/7DFD-F7FB/Counter-Strike2-Server/cs2/content/csgo_core/" 
CONTENT              "/media/astral/7DFD-F7FB/Counter-Strike2-Server/cs2/content/core/" 
CONTENTADDONS        "/media/astral/7DFD-F7FB/Counter-Strike2-Server/cs2/content/csgo_addons/" 
CONTENTROOT          "/media/astral/7DFD-F7FB/Counter-Strike2-Server/cs2/content/" 
DEFAULT_WRITE_PATH   "/media/astral/7DFD-F7FB/Counter-Strike2-Server/cs2/game/csgo/addons/metamod/" 
EXECUTABLE_PATH      "/media/astral/7DFD-F7FB/Counter-Strike2-Server/cs2/game/bin/linuxsteamrt64/" 
GAME                 "/media/astral/7DFD-F7FB/Counter-Strike2-Server/cs2/game/csgo/pak01.vpk" (vpk) /media/astral/7DFD-F7FB/Counter-Strike2-Server/cs2/game/csgo/pak01.vpk
GAME                 "/media/astral/7DFD-F7FB/Counter-Strike2-Server/cs2/game/csgo_imported/pak01.vpk" (vpk) /media/astral/7DFD-F7FB/Counter-Strike2-Server/cs2/game/csgo_imported/pak01.vpk
GAME                 "/media/astral/7DFD-F7FB/Counter-Strike2-Server/cs2/game/csgo_core/pak01.vpk" (vpk) /media/astral/7DFD-F7FB/Counter-Strike2-Server/cs2/game/csgo_core/pak01.vpk
GAME                 "/media/astral/7DFD-F7FB/Counter-Strike2-Server/cs2/game/core/pak01.vpk" (vpk) /media/astral/7DFD-F7FB/Counter-Strike2-Server/cs2/game/core/pak01.vpk
GAME                 "/media/astral/7DFD-F7FB/Counter-Strike2-Server/cs2/game/csgo/shaders_vulkan.vpk" (vpk) /media/astral/7DFD-F7FB/Counter-Strike2-Server/cs2/game/csgo/shaders_vulkan.vpk
GAME                 "/media/astral/7DFD-F7FB/Counter-Strike2-Server/cs2/game/csgo_core/shaders_vulkan.vpk" (vpk) /media/astral/7DFD-F7FB/Counter-Strike2-Server/cs2/game/csgo_core/shaders_vulkan.vpk
GAME                 "/media/astral/7DFD-F7FB/Counter-Strike2-Server/cs2/game/core/shaders_vulkan.vpk" (vpk) /media/astral/7DFD-F7FB/Counter-Strike2-Server/cs2/game/core/shaders_vulkan.vpk
GAME                 "/media/astral/7DFD-F7FB/Counter-Strike2-Server/cs2/game/csgo/addons/metamod/" 
GAME                 "/media/astral/7DFD-F7FB/Counter-Strike2-Server/cs2/game/csgo/" 
GAME                 "/media/astral/7DFD-F7FB/Counter-Strike2-Server/cs2/game/csgo_imported/" 
GAME                 "/media/astral/7DFD-F7FB/Counter-Strike2-Server/cs2/game/csgo_core/" 
GAME                 "/media/astral/7DFD-F7FB/Counter-Strike2-Server/cs2/game/core/" 
GAMEBIN              "/media/astral/7DFD-F7FB/Counter-Strike2-Server/cs2/game/csgo/addons/metamod/bin/linuxsteamrt64/" 
GAMEBIN              "/media/astral/7DFD-F7FB/Counter-Strike2-Server/cs2/game/csgo/addons/metamod/bin/" 
GAMEBIN              "/media/astral/7DFD-F7FB/Counter-Strike2-Server/cs2/game/csgo/bin/linuxsteamrt64/" 
GAMEBIN              "/media/astral/7DFD-F7FB/Counter-Strike2-Server/cs2/game/csgo/bin/" 
GAMEBIN              "/media/astral/7DFD-F7FB/Counter-Strike2-Server/cs2/game/csgo_imported/bin/linuxsteamrt64/" 
GAMEBIN              "/media/astral/7DFD-F7FB/Counter-Strike2-Server/cs2/game/csgo_imported/bin/" 
GAMEBIN              "/media/astral/7DFD-F7FB/Counter-Strike2-Server/cs2/game/csgo_core/bin/linuxsteamrt64/" 
GAMEBIN              "/media/astral/7DFD-F7FB/Counter-Strike2-Server/cs2/game/csgo_core/bin/" 
GAMEBIN              "/media/astral/7DFD-F7FB/Counter-Strike2-Server/cs2/game/core/bin/linuxsteamrt64/" 
GAMEBIN              "/media/astral/7DFD-F7FB/Counter-Strike2-Server/cs2/game/core/bin/" 
GAMEROOT             "/media/astral/7DFD-F7FB/Counter-Strike2-Server/cs2/game/" 
MOD                  "/media/astral/7DFD-F7FB/Counter-Strike2-Server/cs2/game/csgo/pak01.vpk" (vpk) /media/astral/7DFD-F7FB/Counter-Strike2-Server/cs2/game/csgo/pak01.vpk
MOD                  "/media/astral/7DFD-F7FB/Counter-Strike2-Server/cs2/game/csgo_imported/pak01.vpk" (vpk) /media/astral/7DFD-F7FB/Counter-Strike2-Server/cs2/game/csgo_imported/pak01.vpk
MOD                  "/media/astral/7DFD-F7FB/Counter-Strike2-Server/cs2/game/csgo_core/pak01.vpk" (vpk) /media/astral/7DFD-F7FB/Counter-Strike2-Server/cs2/game/csgo_core/pak01.vpk
MOD                  "/media/astral/7DFD-F7FB/Counter-Strike2-Server/cs2/game/csgo/" 
MOD                  "/media/astral/7DFD-F7FB/Counter-Strike2-Server/cs2/game/csgo_imported/" 
MOD                  "/media/astral/7DFD-F7FB/Counter-Strike2-Server/cs2/game/csgo_core/" 
OFFICIAL_ADDONS      "/media/astral/7DFD-F7FB/Counter-Strike2-Server/cs2/game/csgo_community_addons/" 
PLATFORM             "/media/astral/7DFD-F7FB/Counter-Strike2-Server/cs2/game/core/pak01.vpk" (vpk) /media/astral/7DFD-F7FB/Counter-Strike2-Server/cs2/game/core/pak01.vpk
PLATFORM             "/media/astral/7DFD-F7FB/Counter-Strike2-Server/cs2/game/core/" 
SHADER_SOURCE        "/media/astral/7DFD-F7FB/Counter-Strike2-Server/cs2/src/shaders/csgo/addons/metamod/" 
SHADER_SOURCE        "/media/astral/7DFD-F7FB/Counter-Strike2-Server/cs2/src/shaders/csgo/" 
SHADER_SOURCE        "/media/astral/7DFD-F7FB/Counter-Strike2-Server/cs2/src/shaders/csgo_imported/" 
SHADER_SOURCE        "/media/astral/7DFD-F7FB/Counter-Strike2-Server/cs2/src/shaders/csgo_core/" 
SHADER_SOURCE        "/media/astral/7DFD-F7FB/Counter-Strike2-Server/cs2/src/shaders/core/" 
SHADER_SOURCE        "/media/astral/7DFD-F7FB/Counter-Strike2-Server/cs2/src/shaders/csgo_community_addons/" 
SHADER_SOURCE_MOD    "/media/astral/7DFD-F7FB/Counter-Strike2-Server/cs2/src/shaders/csgo/addons/metamod/" 
SHADER_SOURCE_ROOT   "/media/astral/7DFD-F7FB/Counter-Strike2-Server/cs2/src/shaders/" 
command line arguments:
-dedicated -nojoy -usercon +ip 0.0.0.0 +port 27015 +map de_anubis +hostname CS2 Server
protected command line arguments (stripped from above):
+rcon_password <protected>
Loaded /media/astral/7DFD-F7FB/Counter-Strike2-Server/cs2/game/bin/linuxsteamrt64/libmeshsystem.so, got 0x55bb8410e8e0
Loaded /media/astral/7DFD-F7FB/Counter-Strike2-Server/cs2/game/bin/linuxsteamrt64/libworldrenderer.so, got 0x55bb84121250
Loaded /media/astral/7DFD-F7FB/Counter-Strike2-Server/cs2/game/bin/linuxsteamrt64/libpulse_system.so, got 0x55bb84133fe0
Loaded /media/astral/7DFD-F7FB/Counter-Strike2-Server/cs2/game/bin/linuxsteamrt64/libvscript.so, got 0x55bb84146530
Loaded /media/astral/7DFD-F7FB/Counter-Strike2-Server/cs2/game/bin/linuxsteamrt64/libnetworksystem.so, got 0x55bb84158ea0
Loaded /media/astral/7DFD-F7FB/Counter-Strike2-Server/cs2/game/bin/linuxsteamrt64/libanimationsystem.so, got 0x55bb8416d4f0
Loaded /media/astral/7DFD-F7FB/Counter-Strike2-Server/cs2/game/bin/linuxsteamrt64/libvphysics2.so, got 0x55bb84184cd0
Loaded /media/astral/7DFD-F7FB/Counter-Strike2-Server/cs2/game/bin/linuxsteamrt64/libsoundsystem.so, got 0x55bb84197640
Loaded /media/astral/7DFD-F7FB/Counter-Strike2-Server/cs2/game/bin/linuxsteamrt64/libscenesystem.so, got 0x55bb841afa70
Network System Initialized
MOD desires lightbinner GPU but is unsupported by HW (SupportsCompute=0 CubeMapArrays=0)
Loaded /media/astral/7DFD-F7FB/Counter-Strike2-Server/cs2/game/bin/linuxsteamrt64/libserver_valve.so, got (nil)
Loaded libserver_valve.so, got (nil)
Loaded /media/astral/7DFD-F7FB/Counter-Strike2-Server/cs2/game/csgo/addons/metamod/bin/linuxsteamrt64/libserver.so, got 0x55bb841c7630
Loaded /media/astral/7DFD-F7FB/Counter-Strike2-Server/cs2/game/bin/linuxsteamrt64/libengine2.so, got 0x55bb83f817e0
Physics Console Communications is not initialized
Loaded /media/astral/7DFD-F7FB/Counter-Strike2-Server/cs2/game/csgo/bin/linuxsteamrt64/libhost.so, got 0x55bb8420ade0
Loaded /media/astral/7DFD-F7FB/Counter-Strike2-Server/cs2/game/bin/linuxsteamrt64/libscenefilecache.so, got 0x55bb8421e6c0
Loaded /media/astral/7DFD-F7FB/Counter-Strike2-Server/cs2/game/bin/linuxsteamrt64/libparticles.so, got 0x55bb84231030
Loaded /media/astral/7DFD-F7FB/Counter-Strike2-Server/cs2/game/csgo/bin/linuxsteamrt64/libmatchmaking.so, got 0x55bb84244e40
Loaded /media/astral/7DFD-F7FB/Counter-Strike2-Server/cs2/game/bin/linuxsteamrt64/libv8system.so, got 0x55bb842594a0
[00:20:37.657] CSSharp: Initializing with command line: "/media/astral/7DFD-F7FB/Counter-Strike2-Server/cs2/game/bin/linuxsteamrt64/cs2" /media/astral/7DFD-F7FB/Counter-Strike2-Server/cs2/game/bin/linuxsteamrt64/cs2 -dedicated -nojoy -usercon +ip 0.0.0.0 +port 27015 +map de_anubis +rcon_password GZPWA3PyZ7zonPf +hostname "CS2 Server"
[00:20:37.657] CSSharp: Current root directory: /media/astral/7DFD-F7FB/Counter-Strike2-Server/cs2/game/csgo/addons/counterstrikesharp
[00:20:37.657] CSSharp: CoreConfig loaded.
[00:20:37.657] CSSharp: Auto-update is not currently supported on this platform.
[00:20:37.709] CSSharp: Copying bytes from disk for /media/astral/7DFD-F7FB/Counter-Strike2-Server/cs2/game/bin/linuxsteamrt64/libengine2.so
[00:20:37.954] CSSharp: Copying bytes from disk for /media/astral/7DFD-F7FB/Counter-Strike2-Server/cs2/game/bin/linuxsteamrt64/../../csgo/bin/linuxsteamrt64//libserver.so
[00:20:38.058] CSSharp: Globals loaded.
[00:20:38.160] CSSharp: Initialized GameSystem.
[00:20:38.160] CSSharp: Loading .NET runtime...
[00:20:38.160] CSSharp: Loading hostfxr from /media/astral/7DFD-F7FB/Counter-Strike2-Server/cs2/game/csgo/addons/counterstrikesharp/dotnet/host/fxr/8.0.3/libhostfxr.so
[00:20:38.160] CSSharp: .NET Runtime Initialised.
[00:20:38.160] CSSharp: Loading CSS API, Runtime Config: /media/astral/7DFD-F7FB/Counter-Strike2-Server/cs2/game/csgo/addons/counterstrikesharp/api/CounterStrikeSharp.API.runtimeconfig.json
GameTypes: missing mapgroupsSP entry for game type/mode (custom/custom).
GameTypes: missing mapgroupsSP entry for game type/mode (cooperative/cooperative).
GameTypes: missing mapgroupsSP entry for game type/mode (cooperative/coopmission).
00:20:38 [INFO] (cssharp:Core) CounterStrikeSharp is starting up...
00:20:38 [INFO] (cssharp:CoreConfig) Successfully loaded core configuration
00:20:38 [INFO] (cssharp:GameDataProvider) Successfully loaded 45 game data entries from /media/astral/7DFD-F7FB/Counter-Strike2-Server/cs2/game/csgo/addons/counterstrikesharp/gamedata/gamedata.json
00:20:38 [INFO] (cssharp:Core) Loading Admins from /media/astral/7DFD-F7FB/Counter-Strike2-Server/cs2/game/csgo/addons/counterstrikesharp/configs/admins.json
00:20:38 [INFO] (cssharp:AdminManager) Loaded admin data with 1 admins.
00:20:38 [INFO] (cssharp:Core) Loading Admin Groups from /media/astral/7DFD-F7FB/Counter-Strike2-Server/cs2/game/csgo/addons/counterstrikesharp/configs/admin_groups.json
Admin groups file not found. Skipping admin groups load.
00:20:38 [INFO] (cssharp:Core) Loading Admin Command Overrides from /media/astral/7DFD-F7FB/Counter-Strike2-Server/cs2/game/csgo/addons/counterstrikesharp/configs/admin_overrides.json
Loaded 1 admin command overrides.
00:20:38 [INFO] (cssharp:PluginContext) Loading plugin AdminControlPlugin
[AdminControlPlugin] Plugin loaded successfully!
00:20:38 [INFO] (cssharp:PluginContext) Finished loading plugin Admin Control with MySQL & CFG Sync
00:20:38 [INFO] (cssharp:PluginContext) Loading plugin Frozen_Elsa
00:20:38 [INFO] (cssharp:PluginContext) Finished loading plugin Frozen_Elsa
00:20:38 [INFO] (cssharp:PluginContext) Loading plugin AdminSystem
-------------------------------------------------
[AdminSystem] Plugin Unificado Carregado com Sucesso!
[AdminSystem] Comandos ativos: css_reload_admins, css_admins
-------------------------------------------------
00:20:38 [INFO] (cssharp:PluginContext) Finished loading plugin AdminSystem (Unificado)
[00:20:38.962] CSSharp: CounterStrikeSharp.API Loaded Successfully.
[00:20:38.962] CSSharp: Hooks added.
[AdminControlPlugin] Ban cache loaded successfully. 0 SteamID and 0 IP bans.
[AdminControlPlugin] Mute cache loaded successfully. 0 muted players.
[00:20:39.657] CSSharp: Native d8f03fd4 was invoked on a non-main thread
[S_API] SteamAPI_Init(): Loaded local 'steamclient.so' OK.
[META] Failed to load plugin addons/multiaddonmanager/bin/multiaddonmanager: /media/astral/7DFD-F7FB/Counter-Strike2-Server/cs2/game/csgo/addons/multiaddonmanager/bin/multiaddonmanager.so: não foi possível habilitar pilhas de executável como requisitado pelo objeto compartilhado: Argumento inválido
[META] Loaded 1 plugin.
Event System loaded 94 events from file: vpk:/media/astral/7DFD-F7FB/Counter-Strike2-Server/cs2/game/core/pak01.vpk:resource/core.gameevents.
Event System loaded 50 events from file: vpk:/media/astral/7DFD-F7FB/Counter-Strike2-Server/cs2/game/csgo/pak01.vpk:resource/game.gameevents.
Event System loaded 145 events from file: vpk:/media/astral/7DFD-F7FB/Counter-Strike2-Server/cs2/game/csgo/pak01.vpk:./resource/mod.gameevents.
CEntitySystem::BuildEntityNetworking (parallel build of server) took 42.915 msecs for 211 out of 293 classes
[STARTUP] {2.439} server module init ok
[Info] - Trampoline - Bounds of relative addresses accessed [0xffffffffffffffff, (nil)]
[Info] - Trampoline - Attempting to allocate trampoline within +-2GB range of 0x7f610580ef20
[Info] - Trampoline - Allocated trampoline at 0x7f618580d000 (using 1 attempts)
CHostStateMgr::QueueNewRequest( Idle (console), 1 )
Source2Init OK
HostStateRequest::Start(HSR_IDLE):  loop(console) id(1) addons() desc(Idle (console))
SwitchToLoop console requested:  id [1] addons []
Host activate: Idle (console)
Unknown command 'port'!
Loading map "de_anubis"
CHostStateMgr::QueueNewRequest( Loading (de_anubis), 2 )
HostStateRequest::Start(HSR_GAME):  loop(levelload) id(2) addons() desc(Loading (de_anubis))
SwitchToLoop levelload requested:  id [2] addons []
SV:  Level loading started for 'de_anubis'
CL:  CLoopModeLevelLoad::MaybeSwitchToGameLoop switching to "game" loopmode with addons ()
SwitchToLoop game requested:  id [2] addons []
SteamGameServer_Init()
Setting breakpad minidump AppID = 730
SteamInternal_SetMinidumpSteamID:  Caching Steam ID:  76561197960265728 [API loaded yes]
SteamInternal_SetMinidumpSteamID:  Setting Steam ID:  76561197960265728
Looking up breakpad interfaces from steamclient
Calling BreakpadMiniDumpSystemInit
SteamInternal_SetMinidumpSteamID:  Caching Steam ID:  76561197960265728 [API loaded yes]
SteamInternal_SetMinidumpSteamID:  Setting Steam ID:  76561197960265728
[S_API FAIL] Tried to access Steam interface SteamUtils010 before SteamAPI_Init succeeded.
Setting breakpad minidump AppID = 2347773
[AdminControlPlugin] Ban cache loaded successfully. 0 SteamID and 0 IP bans.
[AdminControlPlugin] Mute cache loaded successfully. 0 muted players.
[00:20:40.586] CSSharp: CGameSystem::BuildGameSessionManifest
[S_API FAIL] Tried to access Steam interface SteamUser023 before SteamAPI_Init succeeded.
Steam Universe valid after having been requested when invalid.  Universe is now 1
ResetBreakpadAppId: Universe is 1 (k_EUniversePublic)
ResetBreakpadAppId: Setting dedicated server app id: 2347773
SteamGameServer_Init() OK, logging on to Steam
****************************************************
*                                                  *
*  No Steam account token was specified.           *
*  Logging into anonymous game server account.     *
*  Connections will be restricted to LAN only.     *
*                                                  *
*  To create a game server account go to           *
*  http://steamcommunity.com/dev/managegameservers *
*                                                  *
****************************************************
CNetworkSystem::InitGameServer: SteamGameServerNetworking() OK
Initialized low level socket/threading support.
Set SteamNetworkingSockets P2P_STUN_ServerList to '' as per SteamNetworkingSocketsSerialized
CNetworkGameServerBase::SetServerState (ss_dead -> ss_waitingforgamesessionmanifest)
SV:  maxplayers set to 64
Server is hibernating
ResetGameConVarsToDefaults
CSource2Server::ApplyGameSettings game settings payload received:
  ::ExecGameTypeCfg {
    map {
      mapname de_anubis
    }
    launchoptions {
      levelname de_anubis
      mode dedicated
      loadmap int( 1 = 0x1 )
      changelevel int( 0 = 0x0 )
      map de_anubis
      mapgroup 
      requires_attr 
      requires_attr_value int( -1 = 0xFFFFFFFF )
      requires_attr_reward 
      reward_drop_list int( -1 = 0xFFFFFFFF )
      numSlots int( 10 = 0xA )
      c_game_type int( 0 = 0x0 )
      c_game_mode int( 1 = 0x1 )
      default_game_type int( 0 = 0x0 )
      default_game_mode int( 0 = 0x0 )
      ct_arms models/weapons/ct_arms_gign.vmdl
      t_arms models/weapons/t_arms.vmdl
      ct_models {
         ctm_gign
         ctm_gign_variantA
         ctm_gign_variantB
         ctm_gign_variantC
         ctm_gign_variantD
      }
      t_models {
         tm_leet_variantA
         tm_leet_variantB
         tm_leet_variantC
         tm_leet_variantD
         tm_leet_variantE
      }
    }
  }
Created poll group for socket 'server'
SDR RelayNetworkStatus:  avail=Attempting  config=Attempting  anyrelay=Not Attempted   (Attempt #1 to fetch config (only-if-cached) from https://api.steampowered.com/ISteamApps/GetSDRConfig/v1?appid=730)
AuthStatus (invalid):  Waiting  (Waiting for Steam login)
Network socket 'server' opened on port 27015
Initializing CSGO VScript Game System
SV:  Executing server defaults
SV:  Executing dedicated server config file
[STARTUP] {3.912} created game rules
GameTypes: could not find matching game mode value of "" in any game type.
SV:  CGameRulesGameSystem::GameInit installed game rules
LoadResponseSystem scripts/talker/response_rules.vrr - Start
CResponseSystem:  scripts/talker/response_rules.vrr (7681 rules, 811 criteria, and 7681 responses)
LoadResponseSystem scripts/talker/response_rules.vrr - Finish
CPlayerVoiceListener::GameInit()
Entry player was not found in surfaceproperties_footsteps.txt
exec: couldn't exec '{*}cfg/banned_user.cfg', unable to read file
exec: couldn't exec '{*}cfg/banned_ip.cfg', unable to read file
execing server_default.cfg
execing server.cfg
execing gamemode_competitive.cfg
exec: couldn't exec '{*}cfg/gamemode_competitive_server.cfg', unable to read file
Server waking up from hibernation
Unknown command 'mp_weapons_glow_on_ground'!
Unknown command 'sv_gameinstructor_enable'!
SV:  Spawn Server: de_anubis
CSource2Server::ApplyGameSettings game settings payload received:
  ::ExecGameTypeCfg {
    map {
      mapname de_anubis
    }
    launchoptions {
      levelname de_anubis
      mode dedicated
      loadmap int( 1 = 0x1 )
      changelevel int( 0 = 0x0 )
      map de_anubis
      mapgroup 
      requires_attr 
      requires_attr_value int( -1 = 0xFFFFFFFF )
      requires_attr_reward 
      reward_drop_list int( -1 = 0xFFFFFFFF )
      numSlots int( 10 = 0xA )
      c_game_type int( 0 = 0x0 )
      c_game_mode int( 1 = 0x1 )
      default_game_t[S_API FAIL] Tried to access Steam interface SteamUtils010 before SteamAPI_Init succeeded.
ype int( 0 = 0x0 )
      default_game_mode int( 0 = 0x0 )
      ct_arms models/weapons/ct_arms_gign.vmdl
      t_arms models/weapons/t_arms.vmdl
      ct_models {
         ctm_gign
         ctm_gign_variantA
         ctm_gign_variantB
         ctm_gign_variantC
         ctm_gign_variantD
      }
      t_models {
         tm_leet_variantA
         tm_leet_variantB
         tm_leet_variantC
         tm_leet_variantD
         tm_leet_variantE
      }
    }
  }
CNetworkGameServerBase::SetServerState (ss_waitingforgamesessionmanifest -> ss_loading)
Got SDR network config.  Loaded revision 1779399550 OK
SDR RelayNetworkStatus:  avail=Not Attempted  config=OK  anyrelay=Not Attempted   (No need for SDR client network access)
texturebase.cpp(3486):ResourceHandleToData( maps/de_anubis/lightmaps/direct_light_shadows.vtex ) failed! Falling back to error texture!
texturebase.cpp(3486):ResourceHandleToData( maps/de_anubis/lightmaps/irradiance.vtex ) failed! Falling back to error texture!
texturebase.cpp(3486):ResourceHandleToData( maps/de_anubis/lightmaps/directional_irradiance.vtex ) failed! Falling back to error texture!
CWorldRendererMgr::ServiceWorldRequests long frame: 48.767540ms
Failed loading resource "maps/prefabs/misc/terrorist_team_intro_variant2/world_visibility.vvis_c" (ERROR_FILEOPEN: File not found)
texturebase.cpp(3486):ResourceHandleToData( maps/prefabs/de_anubis/de_anubis_skybox/lightmaps/direct_light_shadows.vtex ) failed! Falling back to error texture!
texturebase.cpp(3486):ResourceHandleToData( maps/prefabs/de_anubis/de_anubis_skybox/lightmaps/irradiance.vtex ) failed! Falling back to error texture!
texturebase.cpp(3486):ResourceHandleToData( maps/prefabs/de_anubis/de_anubis_skybox/lightmaps/directional_irradiance.vtex ) failed! Falling back to error texture!
CNetworkGameServerBase::SetServerState (ss_loading -> ss_active)
SV:  IGameSystem::LoopActivateAllSystems {
HO:  IGameSystem::LoopActivateAllSystems {
HO:  } IGameSystem::LoopActivateAllSystems done
SV:  } IGameSystem::LoopActivateAllSystems done
Created physics for de_anubis
CNavGenParams - Nav mesh requests project default generation parameters but actual parameters
  used during construction differ from defaults. Please re-export the map.
CNavGenParams - Nav mesh requests project default generation parameters but actual parameters
  used during construction differ from defaults. Please re-export the map.
CNavGenParams - Nav mesh requests project default generation parameters but actual parameters
  used during construction differ from defaults. Please re-export the map.
CNavGenParams - Nav mesh requests project default generation parameters but actual parameters
  used during construction differ from defaults. Please re-export the map.
SV:  64 player server started
CSource2Server::GameServerSteamAPIActivated()
ClientPutInServer create new player controller [Enforcer]
[Enforcer] cl_interp_ratio='', LerpTime=0
"Enforcer<0><BOT><Unassigned>" ChangeTeam() CTMDBG , team 0, req team 2 willSwitch 0, 1.25 
ClientPutInServer create new player controller [Krikey]
[Krikey] cl_interp_ratio='', LerpTime=0
"Krikey<1><BOT><Unassigned>" ChangeTeam() CTMDBG , team 0, req team 3 willSwitch 0, 1.25 
Host activate: Loading (de_anubis)
"Enforcer<0><BOT><TERRORIST>" OnPreResetRound => CTMDBG, team 2  will switch 0 1.27 
"Krikey<1><BOT><CT>" OnPreResetRound => CTMDBG, team 3  will switch 0 1.27 
Using spawn points configuration 0xEB2F5B45
1.437500 Long frame (WarmupPeriod): 19.42ms elapsed, 2.44ms sim time, 1 ticks, 92..92.
SV:  Connection to Steam servers successful.
SV:  ServerSteamID=[A:1:2173857800:49889] (90286266344697864).
[STARTUP] {5.579} logged on to Steam
Gameserver logged on to Steam, assigned identity steamid:90286266344697864
AuthStatus (steamid:90286266344697864):  Attempting  (Requesting cert)
Set SteamNetworkingSockets P2P_STUN_ServerList to '155.133.255.100:3478' as per SteamNetworkingSocketsSerialized
SV:  VAC secure mode is activated.
AuthStatus (steamid:90286266344697864):  OK  (OK)
Certificate expires in 48h00m at 1780024842 (current time 1779852041), will [S_API FAIL] Tried to access Steam interface SteamUtils010 before SteamAPI_Init succeeded.
[00:26:40.928] CSSharp: CGameSystem::Shutdown
Loaded /media/astral/7DFD-F7FB/Counter-Strike2-Server/cs2/game/bin/linuxsteamrt64/libengine2.so, got 0x559e89a587e0
Using breakpad crash handler
Setting breakpad minidump AppID = 2347773
Forcing breakpad minidump interfaces to load
dlopen failed trying to load:
/root/.steam/sdk64/steamclient.so
with error:
/root/.steam/sdk64/steamclient.so: não é possível abrir arquivo compartilhado: Permissão negada
Looking up breakpad interfaces from steamclient
Calling BreakpadMiniDumpSystemInit

Console initialized.
Steam AppId(730), BreakpadId(2347771)
InitSteamLogin_Internal: Initializing breakpad.
Steam Universe is invalid, possibly asking before Steam was successfully initialized.
ResetBreakpadAppId: Universe is 0 (k_EUniverseInvalid)
ResetBreakpadAppId: Setting dedicated server app id: 2347773
Loaded libSDL3.so.0, got 0x559e89b73920
Loaded /media/astral/7DFD-F7FB/Counter-Strike2-Server/cs2/game/bin/linuxsteamrt64/libtier0.so, got 0x559e89a41700
Visibility enabled.
Loaded /media/astral/7DFD-F7FB/Counter-Strike2-Server/cs2/game/bin/linuxsteamrt64/libfilesystem_stdio.so, got 0x559e89b742e0
USRLOCAL path not found!
Loaded /media/astral/7DFD-F7FB/Counter-Strike2-Server/cs2/game/bin/linuxsteamrt64/liblocalize.so, got 0x559e89b74c50
Loaded /media/astral/7DFD-F7FB/Counter-Strike2-Server/cs2/game/bin/linuxsteamrt64/librendersystemempty.so, got 0x559e89b75190
Loaded /media/astral/7DFD-F7FB/Counter-Strike2-Server/cs2/game/bin/linuxsteamrt64/libresourcesystem.so, got 0x559e89b75b00
Loaded /media/astral/7DFD-F7FB/Counter-Strike2-Server/cs2/game/bin/linuxsteamrt64/libschemasystem.so, got 0x559e89b76460
Trying to set dxlevel (111) which is higher than the card can support (110)!
Loaded /media/astral/7DFD-F7FB/Counter-Strike2-Server/cs2/game/bin/linuxsteamrt64/libmaterialsystem2.so, got 0x559e89b76ba0
---------------
Path ID:             File Path:
ADDONS               "/media/astral/7DFD-F7FB/Counter-Strike2-Server/cs2/game/csgo_addons/" 
CONTENT              "/media/astral/7DFD-F7FB/Counter-Strike2-Server/cs2/content/csgo/addons/metamod/" 
CONTENT              "/media/astral/7DFD-F7FB/Counter-Strike2-Server/cs2/content/csgo/" 
CONTENT              "/media/astral/7DFD-F7FB/Counter-Strike2-Server/cs2/content/csgo_imported/" 
CONTENT              "/media/astral/7DFD-F7FB/Counter-Strike2-Server/cs2/content/csgo_core/" 
CONTENT              "/media/astral/7DFD-F7FB/Counter-Strike2-Server/cs2/content/core/" 
CONTENTADDONS        "/media/astral/7DFD-F7FB/Counter-Strike2-Server/cs2/content/csgo_addons/" 
CONTENTROOT          "/media/astral/7DFD-F7FB/Counter-Strike2-Server/cs2/content/" 
DEFAULT_WRITE_PATH   "/media/astral/7DFD-F7FB/Counter-Strike2-Server/cs2/game/csgo/addons/metamod/" 
EXECUTABLE_PATH      "/media/astral/7DFD-F7FB/Counter-Strike2-Server/cs2/game/bin/linuxsteamrt64/" 
GAME                 "/media/astral/7DFD-F7FB/Counter-Strike2-Server/cs2/game/csgo/pak01.vpk" (vpk) /media/astral/7DFD-F7FB/Counter-Strike2-Server/cs2/game/csgo/pak01.vpk
GAME                 "/media/astral/7DFD-F7FB/Counter-Strike2-Server/cs2/game/csgo_imported/pak01.vpk" (vpk) /media/astral/7DFD-F7FB/Counter-Strike2-Server/cs2/game/csgo_imported/pak01.vpk
GAME                 "/media/astral/7DFD-F7FB/Counter-Strike2-Server/cs2/game/csgo_core/pak01.vpk" (vpk) /media/astral/7DFD-F7FB/Counter-Strike2-Server/cs2/game/csgo_core/pak01.vpk
GAME                 "/media/astral/7DFD-F7FB/Counter-Strike2-Server/cs2/game/core/pak01.vpk" (vpk) /media/astral/7DFD-F7FB/Counter-Strike2-Server/cs2/game/core/pak01.vpk
GAME                 "/media/astral/7DFD-F7FB/Counter-Strike2-Server/cs2/game/csgo/shaders_vulkan.vpk" (vpk) /media/astral/7DFD-F7FB/Counter-Strike2-Server/cs2/game/csgo/shaders_vulkan.vpk
GAME                 "/media/astral/7DFD-F7FB/Counter-Strike2-Server/cs2/game/csgo_core/shaders_vulkan.vpk" (vpk) /media/astral/7DFD-F7FB/Counter-Strike2-Server/cs2/game/csgo_core/shaders_vulkan.vpk
GAME                 "/media/astral/7DFD-F7FB/Counter-Strike2-Server/cs2/game/core/shaders_vulkan.vpk" (vpk) /media/astral/7DFD-F7FB/Counter-Strike2-Server/cs2/game/core/shaders_vulkan.vpk
GAME                 "/media/astral/7DFD-F7FB/Counter-Strike2-Server/cs2/game/csgo/addons/metamod/" 
GAME                 "/media/astral/7DFD-F7FB/Counter-Strike2-Server/cs2/game/csgo/" 
GAME                 "/media/astral/7DFD-F7FB/Counter-Strike2-Server/cs2/game/csgo_imported/" 
GAME                 "/media/astral/7DFD-F7FB/Counter-Strike2-Server/cs2/game/csgo_core/" 
GAME                 "/media/astral/7DFD-F7FB/Counter-Strike2-Server/cs2/game/core/" 
GAMEBIN              "/media/astral/7DFD-F7FB/Counter-Strike2-Server/cs2/game/csgo/addons/metamod/bin/linuxsteamrt64/" 
GAMEBIN              "/media/astral/7DFD-F7FB/Counter-Strike2-Server/cs2/game/csgo/addons/metamod/bin/" 
GAMEBIN              "/media/astral/7DFD-F7FB/Counter-Strike2-Server/cs2/game/csgo/bin/linuxsteamrt64/" 
GAMEBIN              "/media/astral/7DFD-F7FB/Counter-Strike2-Server/cs2/game/csgo/bin/" 
GAMEBIN              "/media/astral/7DFD-F7FB/Counter-Strike2-Server/cs2/game/csgo_imported/bin/linuxsteamrt64/" 
GAMEBIN              "/media/astral/7DFD-F7FB/Counter-Strike2-Server/cs2/game/csgo_imported/bin/" 
GAMEBIN              "/media/astral/7DFD-F7FB/Counter-Strike2-Server/cs2/game/csgo_core/bin/linuxsteamrt64/" 
GAMEBIN              "/media/astral/7DFD-F7FB/Counter-Strike2-Server/cs2/game/csgo_core/bin/" 
GAMEBIN              "/media/astral/7DFD-F7FB/Counter-Strike2-Server/cs2/game/core/bin/linuxsteamrt64/" 
GAMEBIN              "/media/astral/7DFD-F7FB/Counter-Strike2-Server/cs2/game/core/bin/" 
GAMEROOT             "/media/astral/7DFD-F7FB/Counter-Strike2-Server/cs2/game/" 
MOD                  "/media/astral/7DFD-F7FB/Counter-Strike2-Server/cs2/game/csgo/pak01.vpk" (vpk) /media/astral/7DFD-F7FB/Counter-Strike2-Server/cs2/game/csgo/pak01.vpk
MOD                  "/media/astral/7DFD-F7FB/Counter-Strike2-Server/cs2/game/csgo_imported/pak01.vpk" (vpk) /media/astral/7DFD-F7FB/Counter-Strike2-Server/cs2/game/csgo_imported/pak01.vpk
MOD                  "/media/astral/7DFD-F7FB/Counter-Strike2-Server/cs2/game/csgo_core/pak01.vpk" (vpk) /media/astral/7DFD-F7FB/Counter-Strike2-Server/cs2/game/csgo_core/pak01.vpk
MOD                  "/media/astral/7DFD-F7FB/Counter-Strike2-Server/cs2/game/csgo/" 
MOD                  "/media/astral/7DFD-F7FB/Counter-Strike2-Server/cs2/game/csgo_imported/" 
MOD                  "/media/astral/7DFD-F7FB/Counter-Strike2-Server/cs2/game/csgo_core/" 
OFFICIAL_ADDONS      "/media/astral/7DFD-F7FB/Counter-Strike2-Server/cs2/game/csgo_community_addons/" 
PLATFORM             "/media/astral/7DFD-F7FB/Counter-Strike2-Server/cs2/game/core/pak01.vpk" (vpk) /media/astral/7DFD-F7FB/Counter-Strike2-Server/cs2/game/core/pak01.vpk
PLATFORM             "/media/astral/7DFD-F7FB/Counter-Strike2-Server/cs2/game/core/" 
SHADER_SOURCE        "/media/astral/7DFD-F7FB/Counter-Strike2-Server/cs2/src/shaders/csgo/addons/metamod/" 
SHADER_SOURCE        "/media/astral/7DFD-F7FB/Counter-Strike2-Server/cs2/src/shaders/csgo/" 
SHADER_SOURCE        "/media/astral/7DFD-F7FB/Counter-Strike2-Server/cs2/src/shaders/csgo_imported/" 
SHADER_SOURCE        "/media/astral/7DFD-F7FB/Counter-Strike2-Server/cs2/src/shaders/csgo_core/" 
SHADER_SOURCE        "/media/astral/7DFD-F7FB/Counter-Strike2-Server/cs2/src/shaders/core/" 
SHADER_SOURCE        "/media/astral/7DFD-F7FB/Counter-Strike2-Server/cs2/src/shaders/csgo_community_addons/" 
SHADER_SOURCE_MOD    "/media/astral/7DFD-F7FB/Counter-Strike2-Server/cs2/src/shaders/csgo/addons/metamod/" 
SHADER_SOURCE_ROOT   "/media/astral/7DFD-F7FB/Counter-Strike2-Server/cs2/src/shaders/" 
command line arguments:
-dedicated -nojoy -usercon +ip 0.0.0.0 +port 27015 +map de_anubis +hostname CS2 Server
protected command line arguments (stripped from above):
+rcon_password <protected>
Loaded /media/astral/7DFD-F7FB/Counter-Strike2-Server/cs2/game/bin/linuxsteamrt64/libmeshsystem.so, got 0x559e89be58e0
Loaded /media/astral/7DFD-F7FB/Counter-Strike2-Server/cs2/game/bin/linuxsteamrt64/libworldrenderer.so, got 0x559e89bf8250
Loaded /media/astral/7DFD-F7FB/Counter-Strike2-Server/cs2/game/bin/linuxsteamrt64/libpulse_system.so, got 0x559e89c0afe0
Loaded /media/astral/7DFD-F7FB/Counter-Strike2-Server/cs2/game/bin/linuxsteamrt64/libvscript.so, got 0x559e89c1d530
Loaded /media/astral/7DFD-F7FB/Counter-Strike2-Server/cs2/game/bin/linuxsteamrt64/libnetworksystem.so, got 0x559e89c2fea0
Loaded /media/astral/7DFD-F7FB/Counter-Strike2-Server/cs2/game/bin/linuxsteamrt64/libanimationsystem.so, got 0x559e89c444f0
Loaded /media/astral/7DFD-F7FB/Counter-Strike2-Server/cs2/game/bin/linuxsteamrt64/libvphysics2.so, got 0x559e89c5bcd0
Loaded /media/astral/7DFD-F7FB/Counter-Strike2-Server/cs2/game/bin/linuxsteamrt64/libsoundsystem.so, got 0x559e89c6e640
Loaded /media/astral/7DFD-F7FB/Counter-Strike2-Server/cs2/game/bin/linuxsteamrt64/libscenesystem.so, got 0x559e89c86a70
Network System Initialized
MOD desires lightbinner GPU but is unsupported by HW (SupportsCompute=0 CubeMapArrays=0)
Loaded /media/astral/7DFD-F7FB/Counter-Strike2-Server/cs2/game/bin/linuxsteamrt64/libserver_valve.so, got (nil)
Loaded libserver_valve.so, got (nil)
Loaded /media/astral/7DFD-F7FB/Counter-Strike2-Server/cs2/game/csgo/addons/metamod/bin/linuxsteamrt64/libserver.so, got 0x559e89c9e630
Loaded /media/astral/7DFD-F7FB/Counter-Strike2-Server/cs2/game/bin/linuxsteamrt64/libengine2.so, got 0x559e89a587e0
Physics Console Communications is not initialized
Loaded /media/astral/7DFD-F7FB/Counter-Strike2-Server/cs2/game/csgo/bin/linuxsteamrt64/libhost.so, got 0x559e89ce1de0
Loaded /media/astral/7DFD-F7FB/Counter-Strike2-Server/cs2/game/bin/linuxsteamrt64/libscenefilecache.so, got 0x559e89cf56c0
Loaded /media/astral/7DFD-F7FB/Counter-Strike2-Server/cs2/game/bin/linuxsteamrt64/libparticles.so, got 0x559e89d08030
Loaded /media/astral/7DFD-F7FB/Counter-Strike2-Server/cs2/game/csgo/bin/linuxsteamrt64/libmatchmaking.so, got 0x559e89d1be40
Loaded /media/astral/7DFD-F7FB/Counter-Strike2-Server/cs2/game/bin/linuxsteamrt64/libv8system.so, got 0x559e89d304a0
[17:32:49.499] CSSharp: Initializing with command line: "/media/astral/7DFD-F7FB/Counter-Strike2-Server/cs2/game/bin/linuxsteamrt64/cs2" /media/astral/7DFD-F7FB/Counter-Strike2-Server/cs2/game/bin/linuxsteamrt64/cs2 -dedicated -nojoy -usercon +ip 0.0.0.0 +port 27015 +map de_anubis +rcon_password GZPWA3PyZ7zonPf +hostname "CS2 Server"
[17:32:49.499] CSSharp: Current root directory: /media/astral/7DFD-F7FB/Counter-Strike2-Server/cs2/game/csgo/addons/counterstrikesharp
[17:32:49.532] CSSharp: CoreConfig loaded.
[17:32:49.532] CSSharp: Auto-update is not currently supported on this platform.
[17:32:49.872] CSSharp: Copying bytes from disk for /media/astral/7DFD-F7FB/Counter-Strike2-Server/cs2/game/bin/linuxsteamrt64/libengine2.so
[17:32:51.574] CSSharp: Copying bytes from disk for /media/astral/7DFD-F7FB/Counter-Strike2-Server/cs2/game/bin/linuxsteamrt64/../../csgo/bin/linuxsteamrt64//libserver.so
[17:32:52.839] CSSharp: Globals loaded.
[17:32:52.950] CSSharp: Initialized GameSystem.
[17:32:52.950] CSSharp: Loading .NET runtime...
[17:32:52.950] CSSharp: Loading hostfxr from /media/astral/7DFD-F7FB/Counter-Strike2-Server/cs2/game/csgo/addons/counterstrikesharp/dotnet/host/fxr/8.0.3/libhostfxr.so
[17:32:52.990] CSSharp: .NET Runtime Initialised.
[17:32:52.990] CSSharp: Loading CSS API, Runtime Config: /media/astral/7DFD-F7FB/Counter-Strike2-Server/cs2/game/csgo/addons/counterstrikesharp/api/CounterStrikeSharp.API.runtimeconfig.json
GameTypes: missing mapgroupsSP entry for game type/mode (custom/custom).
GameTypes: missing mapgroupsSP entry for game type/mode (cooperative/cooperative).
GameTypes: missing mapgroupsSP entry for game type/mode (cooperative/coopmission).
17:32:56 [INFO] (cssharp:Core) CounterStrikeSharp is starting up...
17:32:56 [INFO] (cssharp:CoreConfig) Successfully loaded core configuration
17:32:56 [INFO] (cssharp:GameDataProvider) Successfully loaded 45 game data entries from /media/astral/7DFD-F7FB/Counter-Strike2-Server/cs2/game/csgo/addons/counterstrikesharp/gamedata/gamedata.json
17:32:56 [INFO] (cssharp:Core) Loading Admins from /media/astral/7DFD-F7FB/Counter-Strike2-Server/cs2/game/csgo/addons/counterstrikesharp/configs/admins.json
17:32:56 [INFO] (cssharp:AdminManager) Loaded admin data with 1 admins.
17:32:56 [INFO] (cssharp:Core) Loading Admin Groups from /media/astral/7DFD-F7FB/Counter-Strike2-Server/cs2/game/csgo/addons/counterstrikesharp/configs/admin_groups.json
Admin groups file not found. Skipping admin groups load.
17:32:56 [INFO] (cssharp:Core) Loading Admin Command Overrides from /media/astral/7DFD-F7FB/Counter-Strike2-Server/cs2/game/csgo/addons/counterstrikesharp/configs/admin_overrides.json
Loaded 1 admin command overrides.
17:32:58 [INFO] (cssharp:PluginContext) Loading plugin AdminControlPlugin
[AdminControlPlugin] Plugin loaded successfully!
17:32:58 [INFO] (cssharp:PluginContext) Finished loading plugin Admin Control with MySQL & CFG Sync
17:32:58 [INFO] (cssharp:PluginContext) Loading plugin Frozen_Elsa
17:32:58 [INFO] (cssharp:PluginContext) Finished loading plugin Frozen_Elsa
17:32:58 [INFO] (cssharp:PluginContext) Loading plugin AdminSystem
-------------------------------------------------
[AdminSystem] Plugin Unificado Carregado com Sucesso!
[AdminSystem] Comandos ativos: css_reload_admins, css_admins
-------------------------------------------------
17:32:58 [INFO] (cssharp:PluginContext) Finished loading plugin AdminSystem (Unificado)
[17:32:58.890] CSSharp: CounterStrikeSharp.API Loaded Successfully.
[17:32:58.890] CSSharp: Hooks added.
[AdminControlPlugin] Ban cache loaded successfully. 0 SteamID and 0 IP bans.
[AdminControlPlugin] Mute cache loaded successfully. 0 muted players.
[17:32:59.862] CSSharp: Native d8f03fd4 was invoked on a non-main thread
[S_API] SteamAPI_Init(): Loaded local 'steamclient.so' OK.
[META] Failed to load plugin addons/multiaddonmanager/bin/multiaddonmanager: /media/astral/7DFD-F7FB/Counter-Strike2-Server/cs2/game/csgo/addons/multiaddonmanager/bin/multiaddonmanager.so: não foi possível habilitar pilhas de executável como requisitado pelo objeto compartilhado: Argumento inválido
[META] Loaded 1 plugin.
Event System loaded 94 events from file: vpk:/media/astral/7DFD-F7FB/Counter-Strike2-Server/cs2/game/core/pak01.vpk:resource/core.gameevents.
Event System loaded 50 events from file: vpk:/media/astral/7DFD-F7FB/Counter-Strike2-Server/cs2/game/csgo/pak01.vpk:resource/game.gameevents.
Event System loaded 145 events from file: vpk:/media/astral/7DFD-F7FB/Counter-Strike2-Server/cs2/game/csgo/pak01.vpk:./resource/mod.gameevents.
CEntitySystem::BuildEntityNetworking (parallel build of server) took 45.622 msecs for 211 out of 293 classes
[STARTUP] {23.056} server module init ok
[Info] - Trampoline - Bounds of relative addresses accessed [0xffffffffffffffff, (nil)]
[Info] - Trampoline - Attempting to allocate trampoline within +-2GB range of 0x7fcf03373f20
[Info] - Trampoline - Allocated trampoline at 0x7fcf83372000 (using 1 attempts)
CHostStateMgr::QueueNewRequest( Idle (console), 1 )
Source2Init OK
HostStateRequest::Start(HSR_IDLE):  loop(console) id(1) addons() desc(Idle (console))
SwitchToLoop console requested:  id [1] addons []
Host activate: Idle (console)
Unknown command 'port'!
Loading map "de_anubis"
CHostStateMgr::QueueNewRequest( Loading (de_anubis), 2 )
HostStateRequest::Start(HSR_GAME):  loop(levelload) id(2) addons() desc(Loading (de_anubis))
SwitchToLoop levelload requested:  id [2] addons []
SV:  Level loading started for 'de_anubis'
CL:  CLoopModeLevelLoad::MaybeSwitchToGameLoop switching to "game" loopmode with addons ()
SwitchToLoop game requested:  id [2] addons []
SteamGameServer_Init()
Setting breakpad minidump AppID = 730
SteamInternal_SetMinidumpSteamID:  Caching Steam ID:  76561197960265728 [API loaded yes]
SteamInternal_SetMinidumpSteamID:  Setting Steam ID:  76561197960265728
Looking up breakpad interfaces from steamclient
Calling BreakpadMiniDumpSystemInit
SteamInternal_SetMinidumpSteamID:  Caching Steam ID:  76561197960265728 [API loaded yes]
SteamInternal_SetMinidumpSteamID:  Setting Steam ID:  76561197960265728
[S_API FAIL] Tried to access Steam interface SteamUtils010 before SteamAPI_Init succeeded.
Setting breakpad minidump AppID = 2347773
[AdminControlPlugin] Ban cache loaded successfully. 0 SteamID and 0 IP bans.
[AdminControlPlugin] Mute cache loaded successfully. 0 muted players.
[17:33:19.998] CSSharp: CGameSystem::BuildGameSessionManifest
[S_API FAIL] Tried to access Steam interface SteamUser023 before SteamAPI_Init succeeded.
[S_API FAIL] Tried to access Steam interface SteamUtils010 before SteamAPI_Init succeeded.
IPC function call IClientUtils::GetSteamRealm took too long: 67 msec
Steam Universe valid after having been requested when invalid.  Universe is now 1
ResetBreakpadAppId: Universe is 1 (k_EUniversePublic)
ResetBreakpadAppId: Setting dedicated server app id: 2347773
SteamGameServer_Init() OK, logging on to Steam
****************************************************
*                                                  *
*  No Steam account token was specified.           *
*  Logging into anonymous game server account.     *
*  Connections will be restricted to LAN only.     *
*                                                  *
*  To create a game server account go to           *
*  http://steamcommunity.com/dev/managegameservers *
*                                                  *
****************************************************
CNetworkSystem::InitGameServer: SteamGameServerNetworking() OK
Initialized low level socket/threading support.
Set SteamNetworkingSockets P2P_STUN_ServerList to '' as per SteamNetworkingSocketsSerialized
CNetworkGameServerBase::SetServerState (ss_dead -> ss_waitingforgamesessionmanifest)
SV:  maxplayers set to 64
Server is hibernating
ResetGameConVarsToDefaults
CSource2Server::ApplyGameSettings game settings payload received:
  ::ExecGameTypeCfg {
    map {
      mapname de_anubis
    }
    launchoptions {
      levelname de_anubis
      mode dedicated
      loadmap int( 1 = 0x1 )
      changelevel int( 0 = 0x0 )
      map de_anubis
      mapgroup 
      requires_attr 
      requires_attr_value int( -1 = 0xFFFFFFFF )
      requires_attr_reward 
      reward_drop_list int( -1 = 0xFFFFFFFF )
      numSlots int( 10 = 0xA )
      c_game_type int( 0 = 0x0 )
      c_game_mode int( 1 = 0x1 )
      default_game_type int( 0 = 0x0 )
      default_game_mode int( 0 = 0x0 )
      ct_arms models/weapons/ct_arms_gign.vmdl
      t_arms models/weapons/t_arms.vmdl
      ct_models {
         ctm_gign
         ctm_gign_variantA
         ctm_gign_variantB
         ctm_gign_variantC
         ctm_gign_variantD
      }
      t_models {
         tm_leet_variantA
         tm_leet_variantB
         tm_leet_variantC
         tm_leet_variantD
         tm_leet_variantE
      }
    }
  }
Created poll group for socket 'server'
SDR RelayNetworkStatus:  avail=Attempting  config=Attempting  anyrelay=Not Attempted   (Attempt #1 to fetch config (only-if-cached) from https://api.steampowered.com/ISteamApps/GetSDRConfig/v1?appid=730)
AuthStatus (invalid):  Waiting  (Waiting for Steam login)
Network socket 'server' opened on port 27015
Initializing CSGO VScript Game System
SV:  Executing server defaults
SV:  Executing dedicated server config file
[STARTUP] {43.419} created game rules
GameTypes: could not find matching game mode value of "" in any game type.
SV:  CGameRulesGameSystem::GameInit installed game rules
LoadResponseSystem scripts/talker/response_rules.vrr - Start
CResponseSystem:  scripts/talker/response_rules.vrr (7681 rules, 811 criteria, and 7681 responses)
LoadResponseSystem scripts/talker/response_rules.vrr - Finish
CPlayerVoiceListener::GameInit()
Entry player was not found in surfaceproperties_footsteps.txt
exec: couldn't exec '{*}cfg/banned_user.cfg', unable to read file
exec: couldn't exec '{*}cfg/banned_ip.cfg', unable to read file
execing server_default.cfg
execing server.cfg
execing gamemode_competitive.cfg
exec: couldn't exec '{*}cfg/gamemode_competitive_server.cfg', unable to read file
Server waking up from hibernation
Unknown command 'mp_weapons_glow_on_ground'!
Unknown command 'sv_gameinstructor_enable'!
Got SDR network config.  Loaded revision 1779399550 OK
SDR RelayNetworkStatus:  avail=Not Attempted  config=OK  anyrelay=Not Attempted   (No need for SDR client network access)
SV:  Connection to Steam servers successful.
SV:  ServerSteamID=[A:1:2600026120:49896] (90286296835637256).
[STARTUP] {44.886} logged on to Steam
Gameserver logged on to Steam, assigned identity steamid:90286296835637256
AuthStatus (steamid:90286296835637256):  Attempting  (Requesting cert)
Set SteamNetworkingSockets P2P_STUN_ServerList to '155.133.227.34:3478' as per SteamNetworkingSocketsSerialized
SV:  VAC secure mode is activated.
AuthStatus (steamid:90286296835637256):  OK  (OK)
Certificate expires in 48h00m at 1780086801 (current time 1779914001), will renew in 46h00m
GC Connection established for server version 2000835, instance idx 1
[STARTUP] {45.325} activated session on GC
texturebase.cpp(3486):ResourceHandleToData( maps/de_anubis/lightmaps/direct_light_shadows.vtex ) failed! Falling back to error texture!
texturebase.cpp(3486):ResourceHandleToData( maps/de_anubis/lightmaps/irradiance.vtex ) failed! Falling back to error texture!
texturebase.cpp(3486):ResourceHandleToData( maps/de_anubis/lightmaps/directional_irradiance.vtex ) failed! Falling back to error texture!
CWorldRendererMgr::ServiceWorldRequests long frame: 45.593025ms
SV:  Spawn Server: de_anubis
CSource2Server::ApplyGameSettings game settings payload received:
  ::ExecGameTypeCfg {
    map {
      mapname de_anubis
    }
    launchoptions {
      levelname de_anubis
      mode dedicated
      loadmap int( 1 = 0x1 )
      changelevel int( 0 = 0x0 )
      map de_anubis
      mapgroup 
      requires_attr 
      requires_attr_value int( -1 = 0xFFFFFFFF )
      requires_attr_reward 
      reward_drop_list int( -1 = 0xFFFFFFFF )
      numSlots int( 10 = 0xA )
      c_game_type int( 0 = 0x0 )
      c_game_mode int( 1 = 0x1 )
      default_game_type int( 0 = 0x0 )
      default_game_mode int( 0 = 0x0 )
      ct_arms models/weapons/ct_arms_gign.vmdl
      t_arms models/weapons/t_arms.vmdl
      ct_models {
         ctm_gign
         ctm_gign_variantA
         ctm_gign_variantB
         ctm_gign_variantC
         ctm_gign_variantD
      }
      t_models {
         tm_leet_variantA
         tm_leet_variantB
         tm_leet_variantC
         tm_leet_variantD
         tm_leet_variantE
      }
    }
  }
CNetworkGameServerBase::SetServerState (ss_waitingforgamesessionmanifest -> ss_loading)
Failed loading resource "maps/prefabs/misc/terrorist_team_intro_variant2/world_visibility.vvis_c" (ERROR_FILEOPEN: File not found)
texturebase.cpp(3486):ResourceHandleToData( maps/prefabs/de_anubis/de_anubis_skybox/lightmaps/direct_light_shadows.vtex ) failed! Falling back to error texture!
texturebase.cpp(3486):ResourceHandleToData( maps/prefabs/de_anubis/de_anubis_skybox/lightmaps/irradiance.vtex ) failed! Falling back to error texture!
texturebase.cpp(3486):ResourceHandleToData( maps/prefabs/de_anubis/de_anubis_skybox/lightmaps/directional_irradiance.vtex ) failed! Falling back to error texture!
CNetworkGameServerBase::SetServerState (ss_loading -> ss_active)
SV:  IGameSystem::LoopActivateAllSystems {
HO:  IGameSystem::LoopActivateAllSystems {
HO:  } IGameSystem::LoopActivateAllSystems done
SV:  } IGameSystem::LoopActivateAllSystems done
Created physics for de_anubis
CNavGenParams - Nav mesh requests project default generation parameters but actual parameters
  used during construction differ from defaults. Please re-export the map.
CNavGenParams - Nav mesh requests project default generation parameters but actual parameters
  used during construction differ from defaults. Please re-export the map.
CNavGenParams - Nav mesh requests project default generation parameters but actual parameters
  used during construction differ from defaults. Please re-export the map.
CNavGenParams - Nav mesh requests project default generation parameters but actual parameters
  used during construction differ from defaults. Please re-export the map.
SV:  64 player server started
CSource2Server::GameServerSteamAPIActivated()
ClientPutInServer create new player controller [Crasswater]
[Crasswater] cl_interp_ratio='', LerpTime=0
"Crasswater<0><BOT><Unassigned>" ChangeTeam() CTMDBG , team 0, req team 2 willSwitch 0, 1.70 
ClientPutInServer create new player controller [Arno]
[Arno] cl_interp_ratio='', LerpTime=0
"Arno<1><BOT><Unassigned>" ChangeTeam() CTMDBG , team 0, req team 3 willSwitch 0, 1.70 
Host activate: Loading (de_anubis)
"Crasswater<0><BOT><TERRORIST>" OnPreResetRound => CTMDBG, team 2  will switch 0 1.72 
"Arno<1><BOT><CT>" OnPreResetRound => CTMDBG, team 3  will switch 0 1.72 
Using spawn points configuration 0xB0FB56DD
1.718750 Long frame (WarmupPeriod): 24.32ms elapsed, 23.30ms sim time, 1 ticks, 110..110.
4.734375 Long frame (WarmupPeriod): 20.55ms elapsed, 1.12ms sim time, 1 ticks, 303..303.
337.421875 Long frame (WarmupPeriod): 21.04ms elapsed, 1.06ms sim time, 1 ticks, 21595..21595.
341.234375 Long frame (WarmupPeriod): 28.60ms elapsed, 28.16ms sim time, 1 ticks, 21839..21839.
491.500000 Long frame (WarmupPeriod): 19.86ms elapsed, 1.06ms sim time, 1 ticks, 31456..31456.
501.750000 Long frame (WarmupPeriod): 19.47ms elapsed, 1.07ms sim time, 1 ticks, 32112..32112.
524.609375 Long frame (WarmupPeriod): 20.02ms elapsed, 1.05ms sim time, 1 ticks, 33575..33575.
555.468750 Long frame (WarmupPeriod): 1610.30ms elapsed, 1609.81ms sim time, 1 ticks, 35550..35550.
Certificate expires in 47h50m at 1780086801 (current time 1779914601), will renew in 45h50m
691.359375 Long frame (WarmupPeriod): 21.43ms elapsed, 0.84ms sim time, 1 ticks, 44247..44247.
857.953125 Long frame (WarmupPeriod): 19.64ms elapsed, 1.65ms sim time, 1 ticks, 54909..54909.
1026.968750 Long frame (WarmupPeriod): 20.01ms elapsed, 1.42ms sim time, 1 ticks, 65726..65726.
1063.859375 Long frame (WarmupPeriod): 23.55ms elapsed, 1.23ms sim time, 1 ticks, 68087..68087.
1074.375000 Long frame (WarmupPeriod): 21.78ms elapsed, 1.18ms sim time, 1 ticks, 68760..68760.
1156.328125 Long frame (WarmupPeriod): 20.57ms elapsed, 0.96ms sim time, 1 ticks, 74005..74005.
Certificate expires in 47h40m at 1780086801 (current time 1779915201), will renew in 45h40m
Waited 3.6ms for SteamNetworkingSockets lock
1320.468750 Long frame (WarmupPeriod): 19.96ms elapsed, 2.21ms sim time, 1 ticks, 84510..84510.
1521.343750 Long frame (WarmupPeriod): 21.02ms elapsed, 1.14ms sim time, 1 ticks, 97366..97366.
Certificate expires in 47h30m at 1780086801 (current time 1779915801), will renew in 45h30m
1938.953125 Long frame (WarmupPeriod): 19.66ms elapsed, 1.47ms sim time, 1 ticks, 124093..124093.
2070.625000 Long frame (WarmupPeriod): 19.79ms elapsed, 1.46ms sim time, 1 ticks, 132520..132520.
'Crasswater' took 5.9ms to execute 1 commands, backlog is 0 commands
Certificate expires in 47h20m at 1780086801 (current time 1779916401), will renew in 45h20m
2625.937500 Long frame (WarmupPeriod): 19.30ms elapsed, 1.11ms sim time, 1 ticks, 168060..168060.
2943.625000 Long frame (WarmupPeriod): 19.48ms elapsed, 1.15ms sim time, 1 ticks, 188392..188392.
Certificate expires in 47h10m at 1780086801 (current time 1779917001), will renew in 45h10m
Certificate expires in 47h00m at 1780086801 (current time 1779917601), will renew in 45h00m
3891.500000 Long frame (WarmupPeriod): 20.80ms elapsed, 0.96ms sim time, 1 ticks, 249056..249056.
3960.937500 Long frame (WarmupPeriod): 19.28ms elapsed, 1.09ms sim time, 1 ticks, 253500..253500.
Certificate expires in 46h50m at 1780086801 (current time 1779918201), will renew in 44h50m
4385.937500 Long frame (WarmupPeriod): 19.28ms elapsed, 1.54ms sim time, 1 ticks, 280700..280700.
4522.468750 Long frame (WarmupPeriod): 20.02ms elapsed, 0.97ms sim time, 1 ticks, 289438..289438.
Certificate expires in 46h40m at 1780086801 (current time 1779918801), will renew in 44h40m
4951.875000 Long frame (WarmupPeriod): 19.73ms elapsed, 1.19ms sim time, 1 ticks, 316920..316920.
5096.000000 Long frame (WarmupPeriod): 20.77ms elapsed, 0.91ms sim time, 1 ticks, 326144..326144.
Certificate expires in 46h30m at 1780086801 (current time 1779919401), will renew in 44h30m
5446.500000 Long frame (WarmupPeriod): 20.80ms elapsed, 2.84ms sim time, 1 ticks, 348576..348576.
5467.609375 Long frame (WarmupPeriod): 19.43ms elapsed, 1.02ms sim time, 1 ticks, 349927..349927.
5595.937500 Long frame (WarmupPeriod): 19.29ms elapsed, 0.96ms sim time, 1 ticks, 358140..358140.
5818.109375 Long frame (WarmupPeriod): 19.38ms elapsed, 1.62ms sim time, 1 ticks, 372359..372359.
Certificate expires in 46h20m at 1780086801 (current time 1779920001), will renew in 44h20m
6208.281250 Long frame (WarmupPeriod): 19.55ms elapsed, 0.81ms sim time, 1 ticks, 397330..397330.
6331.781250 Long frame (WarmupPeriod): 19.53ms elapsed, 0.00ms sim time, 0 ticks, 405234..405234.
6395.953125 Long frame (WarmupPeriod): 19.66ms elapsed, 1.02ms sim time, 1 ticks, 409341..409341.
Certificate expires in 46h10m at 1780086801 (current time 1779920601), will renew in 44h10m
Certificate expires in 46h00m at 1780086801 (current time 1779921201), will renew in 44h00m
7340.609375 Long frame (WarmupPeriod): 19.45ms elapsed, 1.03ms sim time, 1 ticks, 469799..469799.
7343.046875 Long frame (WarmupPeriod): 20.74ms elapsed, 1.99ms sim time, 1 ticks, 469955..469955.
7424.109375 Long frame (WarmupPeriod): 19.41ms elapsed, 1.01ms sim time, 1 ticks, 475143..475143.
Certificate expires in 45h50m at 1780086801 (current time 1779921801), will renew in 43h50m
Certificate expires in 45h40m at 1780086801 (current time 1779922401), will renew in 43h40m
Certificate expires in 45h30m at 1780086801 (current time 1779923001), will renew in 43h30m
GC Connection established for server version 2000835, instance idx 2
9421.281250 Long frame (WarmupPeriod): 19.51ms elapsed, 1.59ms sim time, 1 ticks, 602962..602962.
Certificate expires in 45h20m at 1780086801 (current time 1779923601), will renew in 43h20m
9788.875000 Long frame (WarmupPeriod): 19.30ms elapsed, 0.95ms sim time, 1 ticks, 626488..626488.
Certificate expires in 45h10m at 1780086801 (current time 1779924201), will renew in 43h10m
Certificate expires in 45h00m at 1780086801 (current time 1779924801), will renew in 43h00m
10928.796875 Long frame (WarmupPeriod): 19.90ms elapsed, 1.79ms sim time, 1 ticks, 699443..699443.
Certificate expires in 44h50m at 1780086801 (current time 1779925401), will renew in 42h50m
11831.531250 Long frame (WarmupPeriod): 21.53ms elapsed, 0.98ms sim time, 1 ticks, 757218..757218.
Certificate expires in 44h40m at 1780086801 (current time 1779926001), will renew in 42h40m
Certificate expires in 44h30m at 1780086801 (current time 1779926601), will renew in 42h30m
13033.953125 Long frame (WarmupPeriod): 19.63ms elapsed, 0.87ms sim time, 1 ticks, 834173..834173.
Certificate expires in 44h20m at 1780086801 (current time 1779927201), will renew in 42h20m
Certificate expires in 44h10m at 1780086801 (current time 1779927801), will renew in 42h10m
Certificate expires in 44h00m at 1780086801 (current time 1779928401), will renew in 42h00m
14633.453125 Long frame (WarmupPeriod): 19.64ms elapsed, 0.99ms sim time, 1 ticks, 936541..936541.
Certificate expires in 43h50m at 1780086801 (current time 1779929001), will renew in 41h50m
15142.937500 Long frame (WarmupPeriod): 19.27ms elapsed, 1.48ms sim time, 1 ticks, 969148..969148.
Certificate expires in 43h40m at 1780086801 (current time 1779929601), will renew in 41h40m
15624.312500 Long frame (WarmupPeriod): 20.27ms elapsed, 1.86ms sim time, 1 ticks, 999956..999956.
Certificate expires in 43h30m at 1780086801 (current time 1779930201), will renew in 41h30m
Certificate expires in 43h20m at 1780086801 (current time 1779930801), will renew in 41h20m
16857.109375 Long frame (WarmupPeriod): 16.55ms elapsed, 15.14ms sim time, 2 ticks, 1078854..1078855.
16857.125000 Long frame (WarmupPeriod): 15.88ms elapsed, 15.46ms sim time, 1 ticks, 1078856..1078856.
SIGTERM received while server was **not** hibernating!  Shutting down even though a game may be in progress!
CHostStateMgr::QueueNewRequest( Quitting, 3 )
HostStateRequest::Start(HSR_QUIT)
16857.218750 Long frame (WarmupPeriod): 26.93ms elapsed, 12.69ms sim time, 1 ticks, 1078862..1078862.
SV:  Server shutting down: NETWORK_DISCONNECT_EXITING (59)
CNetworkGameServerBase::SetServerState (ss_active -> ss_dead)
CPlayerVoiceListener::PostSpawnGroupUnload()
CPlayerVoiceListener::PostSpawnGroupUnload()
CPlayerVoiceListener::PostSpawnGroupUnload()
CPlayerVoiceListener::PostSpawnGroupUnload()
CPlayerVoiceListener::PostSpawnGroupUnload()
CPlayerVoiceListener::PostSpawnGroupUnload()
CPlayerVoiceListener::PostSpawnGroupUnload()
CPlayerVoiceListener::PostSpawnGroupUnload()
CSteam3ServerS1::ShutdownGameServer
CNetworkSystem::ShutdownGameServer
Clos[S_API FAIL] Tried to access Steam interface SteamUtils010 before SteamAPI_Init succeeded.
[22:14:42.561] CSSharp: CGameSystem::Shutdown
Loaded /media/astral/7DFD-F7FB/Counter-Strike2-Server/cs2/game/bin/linuxsteamrt64/libengine2.so, got 0x560d521b17e0
Using breakpad crash handler
Setting breakpad minidump AppID = 2347773
Forcing breakpad minidump interfaces to load
dlopen failed trying to load:
/root/.steam/sdk64/steamclient.so
with error:
/root/.steam/sdk64/steamclient.so: não é possível abrir arquivo compartilhado: Permissão negada
Looking up breakpad interfaces from steamclient
Calling BreakpadMiniDumpSystemInit

Console initialized.
Steam AppId(730), BreakpadId(2347771)
InitSteamLogin_Internal: Initializing breakpad.
Steam Universe is invalid, possibly asking before Steam was successfully initialized.
ResetBreakpadAppId: Universe is 0 (k_EUniverseInvalid)
ResetBreakpadAppId: Setting dedicated server app id: 2347773
Loaded libSDL3.so.0, got 0x560d522cc920
Loaded /media/astral/7DFD-F7FB/Counter-Strike2-Server/cs2/game/bin/linuxsteamrt64/libtier0.so, got 0x560d5219a700
Visibility enabled.
Loaded /media/astral/7DFD-F7FB/Counter-Strike2-Server/cs2/game/bin/linuxsteamrt64/libfilesystem_stdio.so, got 0x560d522cd2e0
USRLOCAL path not found!
Loaded /media/astral/7DFD-F7FB/Counter-Strike2-Server/cs2/game/bin/linuxsteamrt64/liblocalize.so, got 0x560d522cdc50
Loaded /media/astral/7DFD-F7FB/Counter-Strike2-Server/cs2/game/bin/linuxsteamrt64/librendersystemempty.so, got 0x560d522ce190
Loaded /media/astral/7DFD-F7FB/Counter-Strike2-Server/cs2/game/bin/linuxsteamrt64/libresourcesystem.so, got 0x560d522ceb00
Loaded /media/astral/7DFD-F7FB/Counter-Strike2-Server/cs2/game/bin/linuxsteamrt64/libschemasystem.so, got 0x560d522cf460
Trying to set dxlevel (111) which is higher than the card can support (110)!
Loaded /media/astral/7DFD-F7FB/Counter-Strike2-Server/cs2/game/bin/linuxsteamrt64/libmaterialsystem2.so, got 0x560d522cfe10
---------------
Path ID:             File Path:
ADDONS               "/media/astral/7DFD-F7FB/Counter-Strike2-Server/cs2/game/csgo_addons/" 
CONTENT              "/media/astral/7DFD-F7FB/Counter-Strike2-Server/cs2/content/csgo/addons/metamod/" 
CONTENT              "/media/astral/7DFD-F7FB/Counter-Strike2-Server/cs2/content/csgo/" 
CONTENT              "/media/astral/7DFD-F7FB/Counter-Strike2-Server/cs2/content/csgo_imported/" 
CONTENT              "/media/astral/7DFD-F7FB/Counter-Strike2-Server/cs2/content/csgo_core/" 
CONTENT              "/media/astral/7DFD-F7FB/Counter-Strike2-Server/cs2/content/core/" 
CONTENTADDONS        "/media/astral/7DFD-F7FB/Counter-Strike2-Server/cs2/content/csgo_addons/" 
CONTENTROOT          "/media/astral/7DFD-F7FB/Counter-Strike2-Server/cs2/content/" 
DEFAULT_WRITE_PATH   "/media/astral/7DFD-F7FB/Counter-Strike2-Server/cs2/game/csgo/addons/metamod/" 
EXECUTABLE_PATH      "/media/astral/7DFD-F7FB/Counter-Strike2-Server/cs2/game/bin/linuxsteamrt64/" 
GAME                 "/media/astral/7DFD-F7FB/Counter-Strike2-Server/cs2/game/csgo/pak01.vpk" (vpk) /media/astral/7DFD-F7FB/Counter-Strike2-Server/cs2/game/csgo/pak01.vpk
GAME                 "/media/astral/7DFD-F7FB/Counter-Strike2-Server/cs2/game/csgo_imported/pak01.vpk" (vpk) /media/astral/7DFD-F7FB/Counter-Strike2-Server/cs2/game/csgo_imported/pak01.vpk
GAME                 "/media/astral/7DFD-F7FB/Counter-Strike2-Server/cs2/game/csgo_core/pak01.vpk" (vpk) /media/astral/7DFD-F7FB/Counter-Strike2-Server/cs2/game/csgo_core/pak01.vpk
GAME                 "/media/astral/7DFD-F7FB/Counter-Strike2-Server/cs2/game/core/pak01.vpk" (vpk) /media/astral/7DFD-F7FB/Counter-Strike2-Server/cs2/game/core/pak01.vpk
GAME                 "/media/astral/7DFD-F7FB/Counter-Strike2-Server/cs2/game/csgo/shaders_vulkan.vpk" (vpk) /media/astral/7DFD-F7FB/Counter-Strike2-Server/cs2/game/csgo/shaders_vulkan.vpk
GAME                 "/media/astral/7DFD-F7FB/Counter-Strike2-Server/cs2/game/csgo_core/shaders_vulkan.vpk" (vpk) /media/astral/7DFD-F7FB/Counter-Strike2-Server/cs2/game/csgo_core/shaders_vulkan.vpk
GAME                 "/media/astral/7DFD-F7FB/Counter-Strike2-Server/cs2/game/core/shaders_vulkan.vpk" (vpk) /media/astral/7DFD-F7FB/Counter-Strike2-Server/cs2/game/core/shaders_vulkan.vpk
GAME                 "/media/astral/7DFD-F7FB/Counter-Strike2-Server/cs2/game/csgo/addons/metamod/" 
GAME                 "/media/astral/7DFD-F7FB/Counter-Strike2-Server/cs2/game/csgo/" 
GAME                 "/media/astral/7DFD-F7FB/Counter-Strike2-Server/cs2/game/csgo_imported/" 
GAME                 "/media/astral/7DFD-F7FB/Counter-Strike2-Server/cs2/game/csgo_core/" 
GAME                 "/media/astral/7DFD-F7FB/Counter-Strike2-Server/cs2/game/core/" 
GAMEBIN              "/media/astral/7DFD-F7FB/Counter-Strike2-Server/cs2/game/csgo/addons/metamod/bin/linuxsteamrt64/" 
GAMEBIN              "/media/astral/7DFD-F7FB/Counter-Strike2-Server/cs2/game/csgo/addons/metamod/bin/" 
GAMEBIN              "/media/astral/7DFD-F7FB/Counter-Strike2-Server/cs2/game/csgo/bin/linuxsteamrt64/" 
GAMEBIN              "/media/astral/7DFD-F7FB/Counter-Strike2-Server/cs2/game/csgo/bin/" 
GAMEBIN              "/media/astral/7DFD-F7FB/Counter-Strike2-Server/cs2/game/csgo_imported/bin/linuxsteamrt64/" 
GAMEBIN              "/media/astral/7DFD-F7FB/Counter-Strike2-Server/cs2/game/csgo_imported/bin/" 
GAMEBIN              "/media/astral/7DFD-F7FB/Counter-Strike2-Server/cs2/game/csgo_core/bin/linuxsteamrt64/" 
GAMEBIN              "/media/astral/7DFD-F7FB/Counter-Strike2-Server/cs2/game/csgo_core/bin/" 
GAMEBIN              "/media/astral/7DFD-F7FB/Counter-Strike2-Server/cs2/game/core/bin/linuxsteamrt64/" 
GAMEBIN              "/media/astral/7DFD-F7FB/Counter-Strike2-Server/cs2/game/core/bin/" 
GAMEROOT             "/media/astral/7DFD-F7FB/Counter-Strike2-Server/cs2/game/" 
MOD                  "/media/astral/7DFD-F7FB/Counter-Strike2-Server/cs2/game/csgo/pak01.vpk" (vpk) /media/astral/7DFD-F7FB/Counter-Strike2-Server/cs2/game/csgo/pak01.vpk
MOD                  "/media/astral/7DFD-F7FB/Counter-Strike2-Server/cs2/game/csgo_imported/pak01.vpk" (vpk) /media/astral/7DFD-F7FB/Counter-Strike2-Server/cs2/game/csgo_imported/pak01.vpk
MOD                  "/media/astral/7DFD-F7FB/Counter-Strike2-Server/cs2/game/csgo_core/pak01.vpk" (vpk) /media/astral/7DFD-F7FB/Counter-Strike2-Server/cs2/game/csgo_core/pak01.vpk
MOD                  "/media/astral/7DFD-F7FB/Counter-Strike2-Server/cs2/game/csgo/" 
MOD                  "/media/astral/7DFD-F7FB/Counter-Strike2-Server/cs2/game/csgo_imported/" 
MOD                  "/media/astral/7DFD-F7FB/Counter-Strike2-Server/cs2/game/csgo_core/" 
OFFICIAL_ADDONS      "/media/astral/7DFD-F7FB/Counter-Strike2-Server/cs2/game/csgo_community_addons/" 
PLATFORM             "/media/astral/7DFD-F7FB/Counter-Strike2-Server/cs2/game/core/pak01.vpk" (vpk) /media/astral/7DFD-F7FB/Counter-Strike2-Server/cs2/game/core/pak01.vpk
PLATFORM             "/media/astral/7DFD-F7FB/Counter-Strike2-Server/cs2/game/core/" 
SHADER_SOURCE        "/media/astral/7DFD-F7FB/Counter-Strike2-Server/cs2/src/shaders/csgo/addons/metamod/" 
SHADER_SOURCE        "/media/astral/7DFD-F7FB/Counter-Strike2-Server/cs2/src/shaders/csgo/" 
SHADER_SOURCE        "/media/astral/7DFD-F7FB/Counter-Strike2-Server/cs2/src/shaders/csgo_imported/" 
SHADER_SOURCE        "/media/astral/7DFD-F7FB/Counter-Strike2-Server/cs2/src/shaders/csgo_core/" 
SHADER_SOURCE        "/media/astral/7DFD-F7FB/Counter-Strike2-Server/cs2/src/shaders/core/" 
SHADER_SOURCE        "/media/astral/7DFD-F7FB/Counter-Strike2-Server/cs2/src/shaders/csgo_community_addons/" 
SHADER_SOURCE_MOD    "/media/astral/7DFD-F7FB/Counter-Strike2-Server/cs2/src/shaders/csgo/addons/metamod/" 
SHADER_SOURCE_ROOT   "/media/astral/7DFD-F7FB/Counter-Strike2-Server/cs2/src/shaders/" 
command line arguments:
-dedicated -nojoy -usercon +ip 0.0.0.0 +port 27015 +map de_anubis +hostname CS2 Server
protected command line arguments (stripped from above):
+rcon_password <protected>
Loaded /media/astral/7DFD-F7FB/Counter-Strike2-Server/cs2/game/bin/linuxsteamrt64/libmeshsystem.so, got 0x560d5233eb00
Loaded /media/astral/7DFD-F7FB/Counter-Strike2-Server/cs2/game/bin/linuxsteamrt64/libworldrenderer.so, got 0x560d52351470
Loaded /media/astral/7DFD-F7FB/Counter-Strike2-Server/cs2/game/bin/linuxsteamrt64/libpulse_system.so, got 0x560d52364200
Loaded /media/astral/7DFD-F7FB/Counter-Strike2-Server/cs2/game/bin/linuxsteamrt64/libvscript.so, got 0x560d52376750
Loaded /media/astral/7DFD-F7FB/Counter-Strike2-Server/cs2/game/bin/linuxsteamrt64/libnetworksystem.so, got 0x560d523890c0
Loaded /media/astral/7DFD-F7FB/Counter-Strike2-Server/cs2/game/bin/linuxsteamrt64/libanimationsystem.so, got 0x560d5239d710
Loaded /media/astral/7DFD-F7FB/Counter-Strike2-Server/cs2/game/bin/linuxsteamrt64/libvphysics2.so, got 0x560d523b4ef0
Loaded /media/astral/7DFD-F7FB/Counter-Strike2-Server/cs2/game/bin/linuxsteamrt64/libsoundsystem.so, got 0x560d523c7860
Loaded /media/astral/7DFD-F7FB/Counter-Strike2-Server/cs2/game/bin/linuxsteamrt64/libscenesystem.so, got 0x560d523dfc90
Network System Initialized
MOD desires lightbinner GPU but is unsupported by HW (SupportsCompute=0 CubeMapArrays=0)
Loaded /media/astral/7DFD-F7FB/Counter-Strike2-Server/cs2/game/bin/linuxsteamrt64/libserver_valve.so, got (nil)
Loaded libserver_valve.so, got (nil)
Loaded /media/astral/7DFD-F7FB/Counter-Strike2-Server/cs2/game/csgo/addons/metamod/bin/linuxsteamrt64/libserver.so, got 0x560d523f7850
Loaded /media/astral/7DFD-F7FB/Counter-Strike2-Server/cs2/game/bin/linuxsteamrt64/libengine2.so, got 0x560d521b17e0
Physics Console Communications is not initialized
Loaded /media/astral/7DFD-F7FB/Counter-Strike2-Server/cs2/game/csgo/bin/linuxsteamrt64/libhost.so, got 0x560d5243b000
Loaded /media/astral/7DFD-F7FB/Counter-Strike2-Server/cs2/game/bin/linuxsteamrt64/libscenefilecache.so, got 0x560d5244e8e0
Loaded /media/astral/7DFD-F7FB/Counter-Strike2-Server/cs2/game/bin/linuxsteamrt64/libparticles.so, got 0x560d52461250
Loaded /media/astral/7DFD-F7FB/Counter-Strike2-Server/cs2/game/csgo/bin/linuxsteamrt64/libmatchmaking.so, got 0x560d52475060
Loaded /media/astral/7DFD-F7FB/Counter-Strike2-Server/cs2/game/bin/linuxsteamrt64/libv8system.so, got 0x560d524896c0
[13:47:41.938] CSSharp: Initializing with command line: "/media/astral/7DFD-F7FB/Counter-Strike2-Server/cs2/game/bin/linuxsteamrt64/cs2" /media/astral/7DFD-F7FB/Counter-Strike2-Server/cs2/game/bin/linuxsteamrt64/cs2 -dedicated -nojoy -usercon +ip 0.0.0.0 +port 27015 +map de_anubis +rcon_password GZPWA3PyZ7zonPf +hostname "CS2 Server"
[13:47:41.938] CSSharp: Current root directory: /media/astral/7DFD-F7FB/Counter-Strike2-Server/cs2/game/csgo/addons/counterstrikesharp
[13:47:41.961] CSSharp: CoreConfig loaded.
[13:47:41.961] CSSharp: Auto-update is not currently supported on this platform.
[13:47:42.144] CSSharp: Copying bytes from disk for /media/astral/7DFD-F7FB/Counter-Strike2-Server/cs2/game/bin/linuxsteamrt64/libengine2.so
[13:47:43.186] CSSharp: Copying bytes from disk for /media/astral/7DFD-F7FB/Counter-Strike2-Server/cs2/game/bin/linuxsteamrt64/../../csgo/bin/linuxsteamrt64//libserver.so
[13:47:44.641] CSSharp: Globals loaded.
[13:47:44.748] CSSharp: Initialized GameSystem.
[13:47:44.748] CSSharp: Loading .NET runtime...
[13:47:44.748] CSSharp: Loading hostfxr from /media/astral/7DFD-F7FB/Counter-Strike2-Server/cs2/game/csgo/addons/counterstrikesharp/dotnet/host/fxr/8.0.3/libhostfxr.so
[13:47:44.819] CSSharp: .NET Runtime Initialised.
[13:47:44.819] CSSharp: Loading CSS API, Runtime Config: /media/astral/7DFD-F7FB/Counter-Strike2-Server/cs2/game/csgo/addons/counterstrikesharp/api/CounterStrikeSharp.API.runtimeconfig.json
GameTypes: missing mapgroupsSP entry for game type/mode (custom/custom).
GameTypes: missing mapgroupsSP entry for game type/mode (cooperative/cooperative).
GameTypes: missing mapgroupsSP entry for game type/mode (cooperative/coopmission).
13:47:48 [INFO] (cssharp:Core) CounterStrikeSharp is starting up...
13:47:48 [INFO] (cssharp:CoreConfig) Successfully loaded core configuration
13:47:48 [INFO] (cssharp:GameDataProvider) Successfully loaded 45 game data entries from /media/astral/7DFD-F7FB/Counter-Strike2-Server/cs2/game/csgo/addons/counterstrikesharp/gamedata/gamedata.json
13:47:48 [INFO] (cssharp:Core) Loading Admins from /media/astral/7DFD-F7FB/Counter-Strike2-Server/cs2/game/csgo/addons/counterstrikesharp/configs/admins.json
13:47:48 [INFO] (cssharp:AdminManager) Loaded admin data with 1 admins.
13:47:48 [INFO] (cssharp:Core) Loading Admin Groups from /media/astral/7DFD-F7FB/Counter-Strike2-Server/cs2/game/csgo/addons/counterstrikesharp/configs/admin_groups.json
Admin groups file not found. Skipping admin groups load.
13:47:48 [INFO] (cssharp:Core) Loading Admin Command Overrides from /media/astral/7DFD-F7FB/Counter-Strike2-Server/cs2/game/csgo/addons/counterstrikesharp/configs/admin_overrides.json
Loaded 1 admin command overrides.
13:47:50 [INFO] (cssharp:PluginContext) Loading plugin AdminControlPlugin
[AdminControlPlugin] Plugin loaded successfully!
13:47:50 [INFO] (cssharp:PluginContext) Finished loading plugin Admin Control with MySQL & CFG Sync
13:47:50 [INFO] (cssharp:PluginContext) Loading plugin Frozen_Elsa
13:47:50 [INFO] (cssharp:PluginContext) Finished loading plugin Frozen_Elsa
13:47:50 [INFO] (cssharp:PluginContext) Loading plugin AdminSystem
-------------------------------------------------
[AdminSystem] Plugin Unificado Carregado com Sucesso!
[AdminSystem] Comandos ativos: css_reload_admins, css_admins
-------------------------------------------------
13:47:50 [INFO] (cssharp:PluginContext) Finished loading plugin AdminSystem (Unificado)
[13:47:50.631] CSSharp: CounterStrikeSharp.API Loaded Successfully.
[13:47:50.631] CSSharp: Hooks added.
[AdminControlPlugin] Ban cache loaded successfully. 0 SteamID and 0 IP bans.
[AdminControlPlugin] Mute cache loaded successfully. 0 muted players.
[13:47:51.552] CSSharp: Native d8f03fd4 was invoked on a non-main thread
[S_API] SteamAPI_Init(): Loaded local 'steamclient.so' OK.
[META] Failed to load plugin addons/multiaddonmanager/bin/multiaddonmanager: /media/astral/7DFD-F7FB/Counter-Strike2-Server/cs2/game/csgo/addons/multiaddonmanager/bin/multiaddonmanager.so: não foi possível habilitar pilhas de executável como requisitado pelo objeto compartilhado: Argumento inválido
[META] Loaded 1 plugin.
Event System loaded 94 events from file: vpk:/media/astral/7DFD-F7FB/Counter-Strike2-Server/cs2/game/core/pak01.vpk:resource/core.gameevents.
Event System loaded 50 events from file: vpk:/media/astral/7DFD-F7FB/Counter-Strike2-Server/cs2/game/csgo/pak01.vpk:resource/game.gameevents.
Event System loaded 145 events from file: vpk:/media/astral/7DFD-F7FB/Counter-Strike2-Server/cs2/game/csgo/pak01.vpk:./resource/mod.gameevents.
CEntitySystem::BuildEntityNetworking (parallel build of server) took 63.056 msecs for 211 out of 293 classes
[STARTUP] {16.933} server module init ok
[Info] - Trampoline - Bounds of relative addresses accessed [0xffffffffffffffff, (nil)]
[Info] - Trampoline - Attempting to allocate trampoline within +-2GB range of 0x7f1e1b5f3f20
[Info] - Trampoline - Allocated trampoline at 0x7f1e9b5f2000 (using 1 attempts)
CHostStateMgr::QueueNewRequest( Idle (console), 1 )
Source2Init OK
HostStateRequest::Start(HSR_IDLE):  loop(console) id(1) addons() desc(Idle (console))
SwitchToLoop console requested:  id [1] addons []
Host activate: Idle (console)
Unknown command 'port'!
Loading map "de_anubis"
CHostStateMgr::QueueNewRequest( Loading (de_anubis), 2 )
HostStateRequest::Start(HSR_GAME):  loop(levelload) id(2) addons() desc(Loading (de_anubis))
SwitchToLoop levelload requested:  id [2] addons []
SV:  Level loading started for 'de_anubis'
CL:  CLoopModeLevelLoad::MaybeSwitchToGameLoop switching to "game" loopmode with addons ()
SwitchToLoop game requested:  id [2] addons []
SteamGameServer_Init()
Setting breakpad minidump AppID = 730
SteamInternal_SetMinidumpSteamID:  Caching Steam ID:  76561197960265728 [API loaded yes]
SteamInternal_SetMinidumpSteamID:  Setting Steam ID:  76561197960265728
Looking up breakpad interfaces from steamclient
Calling BreakpadMiniDumpSystemInit
SteamInternal_SetMinidumpSteamID:  Caching Steam ID:  76561197960265728 [API loaded yes]
SteamInternal_SetMinidumpSteamID:  Setting Steam ID:  76561197960265728
[S_API FAIL] Tried to access Steam interface SteamUtils010 before SteamAPI_Init succeeded.
Setting breakpad minidump AppID = 2347773
[AdminControlPlugin] Ban cache loaded successfully. 0 SteamID and 0 IP bans.
[AdminControlPlugin] Mute cache loaded successfully. 0 muted players.
[13:48:10.882] CSSharp: CGameSystem::BuildGameSessionManifest
[S_API FAIL] Tried to access Steam interface SteamUser023 before SteamAPI_Init succeeded.
[S_API FAIL] Tried to access Steam interface SteamUtils010 before SteamAPI_Init succeeded.
IPC function call IClientUtils::GetSteamRealm took too long: 45 msec
Steam Universe valid after having been requested when invalid.  Universe is now 1
ResetBreakpadAppId: Universe is 1 (k_EUniversePublic)
ResetBreakpadAppId: Setting dedicated server app id: 2347773
SteamGameServer_Init() OK, logging on to Steam
****************************************************
*                                                  *
*  No Steam account token was specified.           *
*  Logging into anonymous game server account.     *
*  Connections will be restricted to LAN only.     *
*                                                  *
*  To create a game server account go to           *
*  http://steamcommunity.com/dev/managegameservers *
*                                                  *
****************************************************
CNetworkSystem::InitGameServer: SteamGameServerNetworking() OK
Initialized low level socket/threading support.
Set SteamNetworkingSockets P2P_STUN_ServerList to '' as per SteamNetworkingSocketsSerialized
CNetworkGameServerBase::SetServerState (ss_dead -> ss_waitingforgamesessionmanifest)
SV:  maxplayers set to 64
Server is hibernating
ResetGameConVarsToDefaults
CSource2Server::ApplyGameSettings game settings payload received:
  ::ExecGameTypeCfg {
    map {
      mapname de_anubis
    }
    launchoptions {
      levelname de_anubis
      mode dedicated
      loadmap int( 1 = 0x1 )
      changelevel int( 0 = 0x0 )
      map de_anubis
      mapgroup 
      requires_attr 
      requires_attr_value int( -1 = 0xFFFFFFFF )
      requires_attr_reward 
      reward_drop_list int( -1 = 0xFFFFFFFF )
      numSlots int( 10 = 0xA )
      c_game_type int( 0 = 0x0 )
      c_game_mode int( 1 = 0x1 )
      default_game_type int( 0 = 0x0 )
      default_game_mode int( 0 = 0x0 )
      ct_arms models/weapons/ct_arms_gign.vmdl
      t_arms models/weapons/t_arms.vmdl
      ct_models {
         ctm_gign
         ctm_gign_variantA
         ctm_gign_variantB
         ctm_gign_variantC
         ctm_gign_variantD
      }
      t_models {
         tm_leet_variantA
         tm_leet_variantB
         tm_leet_variantC
         tm_leet_variantD
         tm_leet_variantE
      }
    }
  }
Created poll group for socket 'server'
SDR RelayNetworkStatus:  avail=Attempting  config=Attempting  anyrelay=Not Attempted   (Attempt #1 to fetch config (only-if-cached) from https://api.steampowered.com/ISteamApps/GetSDRConfig/v1?appid=730)
AuthStatus (invalid):  Waiting  (Waiting for Steam login)
Network socket 'server' opened on port 27015
Initializing CSGO VScript Game System
SV:  Executing server defaults
SV:  Executing dedicated server config file
[STARTUP] {36.387} created game rules
GameTypes: could not find matching game mode value of "" in any game type.
SV:  CGameRulesGameSystem::GameInit installed game rules
LoadResponseSystem scripts/talker/response_rules.vrr - Start
CResponseSystem:  scripts/talker/response_rules.vrr (7681 rules, 811 criteria, and 7681 responses)
LoadResponseSystem scripts/talker/response_rules.vrr - Finish
CPlayerVoiceListener::GameInit()
Entry player was not found in surfaceproperties_footsteps.txt
exec: couldn't exec '{*}cfg/banned_user.cfg', unable to read file
exec: couldn't exec '{*}cfg/banned_ip.cfg', unable to read file
execing server_default.cfg
execing server.cfg
execing gamemode_competitive.cfg
exec: couldn't exec '{*}cfg/gamemode_competitive_server.cfg', unable to read file
Server waking up from hibernation
Unknown command 'mp_weapons_glow_on_ground'!
Unknown command 'sv_gameinstructor_enable'!
Got SDR network config.  Loaded revision 1779399550 OK
SDR RelayNetworkStatus:  avail=Not Attempted  config=OK  anyrelay=Not Attempted   (No need for SDR client network access)
SV:  Connection to Steam servers successful.
SV:  ServerSteamID=[A:1:447594508:49932] (90286449302028300).
[STARTUP] {39.290} logged on to Steam
Gameserver logged on to Steam, assigned identity steamid:90286449302028300
AuthStatus (steamid:90286449302028300):  Attempting  (Requesting cert)
Set SteamNetworkingSockets P2P_STUN_ServerList to '155.133.248.39:3478' as per SteamNetworkingSocketsSerialized
SV:  VAC secure mode is activated.
GC Connection established for server version 2000839, instance idx 1
[STARTUP] {39.838} activated session on GC
AuthStatus (steamid:90286449302028300):  OK  (OK)
Certificate expires in 47h59m at 1780418893 (current time 1780246094), will renew in 45h59m
texturebase.cpp(3486):ResourceHandleToData( maps/de_anubis/lightmaps/direct_light_shadows.vtex ) failed! Falling back to error texture!
texturebase.cpp(3486):ResourceHandleToData( maps/de_anubis/lightmaps/irradiance.vtex ) failed! Falling back to error texture!
texturebase.cpp(3486):ResourceHandleToData( maps/de_anubis/lightmaps/directional_irradiance.vtex ) failed! Falling back to error texture!
CWorldRendererMgr::ServiceWorldRequests long frame: 56.486882ms
SV:  Spawn Server: de_anubis
CSource2Server::ApplyGameSettings game settings payload received:
  ::ExecGameTypeCfg {
    map {
      mapname de_anubis
    }
    launchoptions {
      levelname de_anubis
      mode dedicated
      loadmap int( 1 = 0x1 )
      changelevel int( 0 = 0x0 )
      map de_anubis
      mapgroup 
      requires_attr 
      requires_attr_value int( -1 = 0xFFFFFFFF )
      requires_attr_reward 
      reward_drop_list int( -1 = 0xFFFFFFFF )
      numSlots int( 10 = 0xA )
      c_game_type int( 0 = 0x0 )
      c_game_mode int( 1 = 0x1 )
      default_game_type int( 0 = 0x0 )
      default_game_mode int( 0 = 0x0 )
      ct_arms models/weapons/ct_arms_gign.vmdl
      t_arms models/weapons/t_arms.vmdl
      ct_models {
         ctm_gign
         ctm_gign_variantA
         ctm_gign_variantB
         ctm_gign_variantC
         ctm_gign_variantD
      }
      t_models {
         tm_leet_variantA
         tm_leet_variantB
         tm_leet_variantC
         tm_leet_variantD
         tm_leet_variantE
      }
    }
  }
CNetworkGameServerBase::SetServerState (ss_waitingforgamesessionmanifest -> ss_loading)
Failed loading resource "maps/prefabs/misc/terrorist_team_intro_variant2/world_visibility.vvis_c" (ERROR_FILEOPEN: File not found)
texturebase.cpp(3486):ResourceHandleToData( maps/prefabs/de_anubis/de_anubis_skybox/lightmaps/direct_light_shadows.vtex ) failed! Falling back to error texture!
texturebase.cpp(3486):ResourceHandleToData( maps/prefabs/de_anubis/de_anubis_skybox/lightmaps/irradiance.vtex ) failed! Falling back to error texture!
texturebase.cpp(3486):ResourceHandleToData( maps/prefabs/de_anubis/de_anubis_skybox/lightmaps/directional_irradiance.vtex ) failed! Falling back to error texture!
CNetworkGameServerBase::SetServerState (ss_loading -> ss_active)
SV:  IGameSystem::LoopActivateAllSystems {
HO:  IGameSystem::LoopActivateAllSystems {
HO:  } IGameSystem::LoopActivateAllSystems done
SV:  } IGameSystem::LoopActivateAllSystems done
Created physics for de_anubis
CNavGenParams - Nav mesh requests project default generation parameters but actual parameters
  used during construction differ from defaults. Please re-export the map.
CNavGenParams - Nav mesh requests project default generation parameters but actual parameters
  used during construction differ from defaults. Please re-export the map.
CNavGenParams - Nav mesh requests project default generation parameters but actual parameters
  used during construction differ from defaults. Please re-export the map.
CNavGenParams - Nav mesh requests project default generation parameters but actual parameters
  used during construction differ from defaults. Please re-export the map.
SV:  64 player server started
CSource2Server::GameServerSteamAPIActivated()
ClientPutInServer create new player controller [Kask]
[Kask] cl_interp_ratio='', LerpTime=0
"Kask<0><BOT><Unassigned>" ChangeTeam() CTMDBG , team 0, req team 2 willSwitch 0, 1.70 
ClientPutInServer create new player controller [Rouchard]
[Rouchard] cl_interp_ratio='', LerpTime=0
"Rouchard<1><BOT><Unassigned>" ChangeTeam() CTMDBG , team 0, req team 3 willSwitch 0, 1.70 
Host activate: Loading (de_anubis)
"Kask<0><BOT><TERRORIST>" OnPreResetRound => CTMDBG, team 2  will switch 0 1.72 
"Rouchard<1><BOT><CT[S_API FAIL] Tried to access Steam interface SteamUtils010 before SteamAPI_Init succeeded.
[13:49:44.864] CSSharp: CGameSystem::Shutdown
Loaded /media/astral/7DFD-F7FB/Counter-Strike2-Server/cs2/game/bin/linuxsteamrt64/libengine2.so, got 0x562849c537e0
Using breakpad crash handler
Setting breakpad minidump AppID = 2347773
Forcing breakpad minidump interfaces to load
dlopen failed trying to load:
/root/.steam/sdk64/steamclient.so
with error:
/root/.steam/sdk64/steamclient.so: não é possível abrir arquivo compartilhado: Permissão negada
Looking up breakpad interfaces from steamclient
Calling BreakpadMiniDumpSystemInit

Console initialized.
Steam AppId(730), BreakpadId(2347771)
InitSteamLogin_Internal: Initializing breakpad.
Steam Universe is invalid, possibly asking before Steam was successfully initialized.
ResetBreakpadAppId: Universe is 0 (k_EUniverseInvalid)
ResetBreakpadAppId: Setting dedicated server app id: 2347773
Loaded libSDL3.so.0, got 0x562849d6e920
Loaded /media/astral/7DFD-F7FB/Counter-Strike2-Server/cs2/game/bin/linuxsteamrt64/libtier0.so, got 0x562849c3c700
Visibility enabled.
Loaded /media/astral/7DFD-F7FB/Counter-Strike2-Server/cs2/game/bin/linuxsteamrt64/libfilesystem_stdio.so, got 0x562849d6f2e0
